1,1507,"2015-02-11 12:58:23.965280","2015-02-11 12:58:23.965280",1
2,1508,"2015-02-11 12:58:24.115284","2015-02-11 12:58:24.115284",1
3,1509,"2015-02-11 12:58:24.325288","2015-02-11 12:58:24.325288",1
4,1510,"2015-02-11 12:58:24.489292","2015-02-11 12:58:24.489292",1
5,1511,"2015-02-11 12:58:24.627295","2015-02-11 12:58:24.627295",1
6,1512,"2015-02-11 12:58:24.892301","2015-02-11 12:58:24.892301",1
7,1513,"2015-02-11 12:58:25.162307","2015-02-11 12:58:25.162307",2
8,1514,"2015-02-11 12:58:25.325311","2015-02-11 12:58:25.325311",1
9,1515,"2015-02-11 12:58:25.482314","2015-02-11 12:58:25.482314",1
10,1516,"2015-02-11 12:58:25.666318","2015-02-11 12:58:25.666318",2
11,1517,"2015-02-11 12:58:25.823322","2015-02-11 12:58:25.823322",2
12,1518,"2015-02-11 12:58:26.078327","2015-02-11 12:58:26.078327",1
13,1519,"2015-02-11 12:58:26.341333","2015-02-11 12:58:26.341333",1
14,1520,"2015-02-11 12:58:26.695341","2015-02-11 12:58:26.695341",1
15,1521,"2015-02-11 12:58:26.999348","2015-02-11 12:58:26.999348",2
16,1524,"2015-02-11 12:58:27.309355","2015-02-11 12:58:27.309355",2
17,1525,"2015-02-11 12:58:27.549360","2015-02-11 12:58:27.549360",2
18,1526,"2015-02-11 12:58:27.881368","2015-02-11 12:58:27.881368",1
19,1527,"2015-02-11 12:58:28.190374","2015-02-11 12:58:28.190374",2
20,1528,"2015-02-11 12:58:28.542382","2015-02-11 12:58:28.542382",1
21,1529,"2015-02-11 12:58:28.884390","2015-02-11 12:58:28.884390",2
22,1530,"2015-02-11 12:58:29.269399","2015-02-11 12:58:29.269399",2
23,1533,"2015-02-11 12:58:29.603406","2015-02-11 12:58:29.603406",2
24,1534,"2015-02-11 12:58:29.866412","2015-02-11 12:58:29.866412",2
25,1535,"2015-02-11 12:58:30.250420","2015-02-11 12:58:30.250420",1
26,1536,"2015-02-11 12:58:30.461425","2015-02-11 12:58:30.461425",2
27,1537,"2015-02-11 12:58:30.718431","2015-02-11 12:58:30.718431",1
28,1538,"2015-02-11 12:58:30.960436","2015-02-11 12:58:30.960436",2
29,1539,"2015-02-11 12:58:31.321444","2015-02-11 12:58:31.321444",2
30,1540,"2015-02-11 12:58:31.692453","2015-02-11 12:58:31.692453",1
31,1541,"2015-02-11 12:58:31.928458","2015-02-11 12:58:31.928458",1
32,1542,"2015-02-11 12:58:32.200464","2015-02-11 12:58:32.200464",1
33,1543,"2015-02-11 12:58:32.674474","2015-02-11 12:58:32.674474",3
34,1544,"2015-02-11 12:58:33.130485","2015-02-11 12:58:33.130485",2
35,1545,"2015-02-11 12:58:33.597495","2015-02-11 12:58:33.597495",1
36,1546,"2015-02-11 12:58:33.718498","2015-02-11 12:58:33.718498",3
37,1547,"2015-02-11 12:58:33.858501","2015-02-11 12:58:33.858501",1
38,1548,"2015-02-11 12:58:34.006504","2015-02-11 12:58:34.006504",1
39,1549,"2015-02-11 12:58:34.195508","2015-02-11 12:58:34.195508",1
40,1550,"2015-02-11 12:58:34.423513","2015-02-11 12:58:34.423513",1
41,1551,"2015-02-11 12:58:34.584517","2015-02-11 12:58:34.584517",2
42,1552,"2015-02-11 12:58:34.735520","2015-02-11 12:58:34.735520",1
43,1554,"2015-02-11 12:58:34.915524","2015-02-11 12:58:34.915524",1
44,1555,"2015-02-11 12:58:35.118529","2015-02-11 12:58:35.118529",1
45,1556,"2015-02-11 12:58:35.307533","2015-02-11 12:58:35.307533",2
46,1557,"2015-02-11 12:58:35.650541","2015-02-11 12:58:35.650541",1
47,1558,"2015-02-11 12:58:35.844545","2015-02-11 12:58:35.844545",3
48,1559,"2015-02-11 12:58:35.999549","2015-02-11 12:58:35.999549",1
49,1560,"2015-02-11 12:58:36.254554","2015-02-11 12:58:36.254554",1
50,1561,"2015-02-11 12:58:36.541561","2015-02-11 12:58:36.541561",1
51,1562,"2015-02-11 12:58:36.716565","2015-02-11 12:58:36.716565",1
52,1563,"2015-02-11 12:58:37.081573","2015-02-11 12:58:37.081573",1
53,1564,"2015-02-11 12:58:37.254577","2015-02-11 12:58:37.254577",1
54,1565,"2015-02-11 12:58:37.417580","2015-02-11 12:58:37.417580",1
55,1566,"2015-02-11 12:58:37.617585","2015-02-11 12:58:37.617585",1
56,1567,"2015-02-11 12:58:37.750588","2015-02-11 12:58:37.750588",1
57,1568,"2015-02-11 12:58:37.940592","2015-02-11 12:58:37.940592",1
58,1569,"2015-02-11 12:58:38.150597","2015-02-11 12:58:38.150597",1
59,1570,"2015-02-11 12:58:38.302600","2015-02-11 12:58:38.302600",1
60,1571,"2015-02-11 12:58:38.473604","2015-02-11 12:58:38.473604",2
61,1572,"2015-02-11 12:58:38.668608","2015-02-11 12:58:38.668608",1
62,1573,"2015-02-11 12:58:38.947614","2015-02-11 12:58:38.947614",1
63,1574,"2015-02-11 12:58:39.156619","2015-02-11 12:58:39.156619",1
64,1575,"2015-02-11 12:58:39.318623","2015-02-11 12:58:39.318623",1
65,1576,"2015-02-11 12:58:39.544628","2015-02-11 12:58:39.544628",2
66,1578,"2015-02-11 12:58:39.767633","2015-02-11 12:58:39.767633",1
67,1579,"2015-02-11 12:58:39.934636","2015-02-11 12:58:39.934636",1
68,1580,"2015-02-11 12:58:40.066639","2015-02-11 12:58:40.066639",3
69,1581,"2015-02-11 12:58:40.307645","2015-02-11 12:58:40.307645",1
70,1582,"2015-02-11 12:58:40.522649","2015-02-11 12:58:40.522649",1
71,1583,"2015-02-11 12:58:40.742654","2015-02-11 12:58:40.742654",1
72,1584,"2015-02-11 12:58:40.877657","2015-02-11 12:58:40.877657",3
73,1585,"2015-02-11 12:58:41.027661","2015-02-11 12:58:41.027661",1
74,1586,"2015-02-11 12:58:41.189664","2015-02-11 12:58:41.189664",3
75,1587,"2015-02-11 12:58:41.342668","2015-02-11 12:58:41.342668",3
76,1588,"2015-02-11 12:58:41.505671","2015-02-11 12:58:41.505671",2
77,1589,"2015-02-11 12:58:41.704676","2015-02-11 12:58:41.704676",2
78,1598,"2015-02-11 12:58:41.960682","2015-02-11 12:58:41.960682",2
79,1599,"2015-02-11 12:58:42.172686","2015-02-11 12:58:42.172686",1
80,1600,"2015-02-11 12:58:42.334690","2015-02-11 12:58:42.334690",2
81,1601,"2015-02-11 12:58:42.485693","2015-02-11 12:58:42.485693",2
82,1602,"2015-02-11 12:58:42.633697","2015-02-11 12:58:42.633697",1
83,1603,"2015-02-11 12:58:42.780700","2015-02-11 12:58:42.780700",1
84,1604,"2015-02-11 12:58:42.924703","2015-02-11 12:58:42.924703",1
85,1605,"2015-02-11 12:58:43.054706","2015-02-11 12:58:43.054706",3
86,1606,"2015-02-11 12:58:43.197709","2015-02-11 12:58:43.197709",1
87,1607,"2015-02-11 12:58:43.384713","2015-02-11 12:58:43.384713",1
88,1608,"2015-02-11 12:58:43.528717","2015-02-11 12:58:43.528717",1
89,1609,"2015-02-11 12:58:43.689720","2015-02-11 12:58:43.689720",1
90,1610,"2015-02-11 12:58:43.989727","2015-02-11 12:58:43.989727",1
91,1611,"2015-02-11 12:58:44.207732","2015-02-11 12:58:44.207732",2
92,1612,"2015-02-11 12:58:44.371735","2015-02-11 12:58:44.371735",1
93,1613,"2015-02-11 12:58:44.494738","2015-02-11 12:58:44.494738",3
94,1614,"2015-02-11 12:58:44.685742","2015-02-11 12:58:44.685742",1
95,1615,"2015-02-11 12:58:44.849746","2015-02-11 12:58:44.849746",2
96,1616,"2015-02-11 12:58:45.102752","2015-02-11 12:58:45.102752",1
97,1617,"2015-02-11 12:58:45.294756","2015-02-11 12:58:45.294756",1
98,1619,"2015-02-11 12:58:45.460760","2015-02-11 12:58:45.460760",1
99,1620,"2015-02-11 12:58:45.593763","2015-02-11 12:58:45.593763",1
100,1621,"2015-02-11 12:58:45.722765","2015-02-11 12:58:45.722765",1
101,1622,"2015-02-11 12:58:45.903769","2015-02-11 12:58:45.903769",1
102,1623,"2015-02-11 12:58:46.198776","2015-02-11 12:58:46.198776",1
103,1624,"2015-02-11 12:58:46.366780","2015-02-11 12:58:46.366780",1
104,1625,"2015-02-11 12:58:46.542784","2015-02-11 12:58:46.542784",1
105,1626,"2015-02-11 12:58:46.681787","2015-02-11 12:58:46.681787",1
106,1627,"2015-02-11 12:58:46.845790","2015-02-11 12:58:46.845790",1
107,1628,"2015-02-11 12:58:47.110796","2015-02-11 12:58:47.110796",1
108,1629,"2015-02-11 12:58:47.284800","2015-02-11 12:58:47.284800",1
109,1630,"2015-02-11 12:58:47.440804","2015-02-11 12:58:47.440804",1
110,1631,"2015-02-11 12:58:47.580807","2015-02-11 12:58:47.580807",1
111,1632,"2015-02-11 12:58:47.781811","2015-02-11 12:58:47.781811",1
112,1633,"2015-02-11 12:58:47.997816","2015-02-11 12:58:47.997816",1
113,1634,"2015-02-11 12:58:48.143819","2015-02-11 12:58:48.143819",1
114,1635,"2015-02-11 12:58:48.354824","2015-02-11 12:58:48.354824",1
115,1636,"2015-02-11 12:58:48.479827","2015-02-11 12:58:48.479827",2
116,1637,"2015-02-11 12:58:48.607830","2015-02-11 12:58:48.607830",1
117,1638,"2015-02-11 12:58:48.764833","2015-02-11 12:58:48.764833",2
118,1639,"2015-02-11 12:58:48.972838","2015-02-11 12:58:48.972838",1
119,1640,"2015-02-11 12:58:49.115841","2015-02-11 12:58:49.115841",1
120,1642,"2015-02-11 12:58:49.268845","2015-02-11 12:58:49.268845",2
121,1643,"2015-02-11 12:58:49.579851","2015-02-11 12:58:49.579851",1
122,1644,"2015-02-11 12:58:49.811857","2015-02-11 12:58:49.811857",1
123,1645,"2015-02-11 12:58:49.997861","2015-02-11 12:58:49.997861",2
124,1646,"2015-02-11 12:58:50.182865","2015-02-11 12:58:50.182865",2
125,1647,"2015-02-11 12:58:50.423870","2015-02-11 12:58:50.423870",1
126,1648,"2015-02-11 12:58:50.601874","2015-02-11 12:58:50.601874",1
127,1649,"2015-02-11 12:58:50.775878","2015-02-11 12:58:50.775878",1
128,1650,"2015-02-11 12:58:50.941882","2015-02-11 12:58:50.941882",1
129,1651,"2015-02-11 12:58:51.146886","2015-02-11 12:58:51.146886",1
130,1652,"2015-02-11 12:58:51.405892","2015-02-11 12:58:51.405892",1
131,1653,"2015-02-11 12:58:51.591896","2015-02-11 12:58:51.591896",1
132,1654,"2015-02-11 12:58:51.746900","2015-02-11 12:58:51.746900",1
133,1655,"2015-02-11 12:58:51.895903","2015-02-11 12:58:51.895903",1
134,1656,"2015-02-11 12:58:52.043906","2015-02-11 12:58:52.043906",1
135,1657,"2015-02-11 12:58:52.470916","2015-02-11 12:58:52.470916",2
136,1658,"2015-02-11 12:58:52.629919","2015-02-11 12:58:52.629919",2
137,1659,"2015-02-11 12:58:52.798923","2015-02-11 12:58:52.798923",1
138,1660,"2015-02-11 12:58:52.955927","2015-02-11 12:58:52.955927",1
139,1661,"2015-02-11 12:58:53.107930","2015-02-11 12:58:53.107930",1
140,1662,"2015-02-11 12:58:53.253933","2015-02-11 12:58:53.253933",1
141,1663,"2015-02-11 12:58:53.431937","2015-02-11 12:58:53.431937",1
142,1664,"2015-02-11 12:58:53.572940","2015-02-11 12:58:53.572940",2
143,1665,"2015-02-11 12:58:53.754945","2015-02-11 12:58:53.754945",2
144,1666,"2015-02-11 12:58:53.986950","2015-02-11 12:58:53.986950",1
145,1667,"2015-02-11 12:58:54.396959","2015-02-11 12:58:54.396959",1
146,1668,"2015-02-11 12:58:54.571963","2015-02-11 12:58:54.571963",2
147,1669,"2015-02-11 12:58:54.725966","2015-02-11 12:58:54.725966",1
148,1670,"2015-02-11 12:58:54.930971","2015-02-11 12:58:54.930971",1
149,1671,"2015-02-11 12:58:55.047973","2015-02-11 12:58:55.047973",1
150,1672,"2015-02-11 12:58:55.232978","2015-02-11 12:58:55.232978",3
151,1673,"2015-02-11 12:58:55.449982","2015-02-11 12:58:55.449982",3
152,1674,"2015-02-11 12:58:55.732989","2015-02-11 12:58:55.732989",1
153,1675,"2015-02-11 12:58:55.911993","2015-02-11 12:58:55.911993",1
154,1676,"2015-02-11 12:58:56.027995","2015-02-11 12:58:56.027995",3
155,1677,"2015-02-11 12:58:56.122997","2015-02-11 12:58:56.122997",3
156,1678,"2015-02-11 12:58:56.306001","2015-02-11 12:58:56.306001",1
157,1679,"2015-02-11 12:58:56.407004","2015-02-11 12:58:56.407004",1
158,1680,"2015-02-11 12:58:56.540007","2015-02-11 12:58:56.540007",3
159,1681,"2015-02-11 12:58:56.674010","2015-02-11 12:58:56.674010",1
160,1682,"2015-02-11 12:58:56.805013","2015-02-11 12:58:56.805013",1
161,1683,"2015-02-11 12:58:57.124020","2015-02-11 12:58:57.124020",1
162,1684,"2015-02-11 12:58:57.271023","2015-02-11 12:58:57.271023",2
163,1685,"2015-02-11 12:58:57.408026","2015-02-11 12:58:57.408026",2
164,1686,"2015-02-11 12:58:57.528029","2015-02-11 12:58:57.528029",1
165,1687,"2015-02-11 12:58:57.664032","2015-02-11 12:58:57.664032",2
166,1688,"2015-02-11 12:58:57.819035","2015-02-11 12:58:57.819035",2
167,1689,"2015-02-11 12:58:57.987039","2015-02-11 12:58:57.987039",1
168,1690,"2015-02-11 12:58:58.146042","2015-02-11 12:58:58.146042",1
169,1691,"2015-02-11 12:58:58.336047","2015-02-11 12:58:58.336047",1
170,1692,"2015-02-11 12:58:58.500050","2015-02-11 12:58:58.500050",1
171,1693,"2015-02-11 12:58:58.665054","2015-02-11 12:58:58.665054",1
172,1694,"2015-02-11 12:58:58.884059","2015-02-11 12:58:58.884059",2
173,1695,"2015-02-11 12:58:59.038062","2015-02-11 12:58:59.038062",1
174,1696,"2015-02-11 12:58:59.199066","2015-02-11 12:58:59.199066",2
175,1697,"2015-02-11 12:58:59.365070","2015-02-11 12:58:59.365070",1
176,1698,"2015-02-11 12:58:59.589075","2015-02-11 12:58:59.589075",1
177,1699,"2015-02-11 12:58:59.846080","2015-02-11 12:58:59.846080",1
178,1700,"2015-02-11 12:59:00.011084","2015-02-11 12:59:00.011084",1
179,1701,"2015-02-11 12:59:00.267090","2015-02-11 12:59:00.267090",1
180,1702,"2015-02-11 12:59:00.445094","2015-02-11 12:59:00.445094",2
181,1703,"2015-02-11 12:59:00.649098","2015-02-11 12:59:00.649098",2
182,1704,"2015-02-11 12:59:00.808102","2015-02-11 12:59:00.808102",2
183,1705,"2015-02-11 12:59:00.966105","2015-02-11 12:59:00.966105",1
184,1706,"2015-02-11 12:59:01.134109","2015-02-11 12:59:01.134109",2
185,1707,"2015-02-11 12:59:01.427116","2015-02-11 12:59:01.427116",2
186,1708,"2015-02-11 12:59:01.592119","2015-02-11 12:59:01.592119",2
187,1709,"2015-02-11 12:59:01.748123","2015-02-11 12:59:01.748123",2
188,1710,"2015-02-11 12:59:01.895126","2015-02-11 12:59:01.895126",2
189,1711,"2015-02-11 12:59:02.057130","2015-02-11 12:59:02.057130",2
190,1712,"2015-02-11 12:59:02.211133","2015-02-11 12:59:02.211133",2
191,1713,"2015-02-11 12:59:02.339136","2015-02-11 12:59:02.339136",2
192,1714,"2015-02-11 12:59:02.477139","2015-02-11 12:59:02.477139",1
193,1715,"2015-02-11 12:59:02.770146","2015-02-11 12:59:02.770146",2
194,1716,"2015-02-11 12:59:02.979150","2015-02-11 12:59:02.979150",1
195,1717,"2015-02-11 12:59:03.121153","2015-02-11 12:59:03.121153",1
196,1718,"2015-02-11 12:59:03.226156","2015-02-11 12:59:03.226156",3
197,1719,"2015-02-11 12:59:03.370159","2015-02-11 12:59:03.370159",1
198,1720,"2015-02-11 12:59:03.492162","2015-02-11 12:59:03.492162",1
199,1721,"2015-02-11 12:59:03.637165","2015-02-11 12:59:03.637165",1
200,1722,"2015-02-11 12:59:03.809169","2015-02-11 12:59:03.809169",1
201,1723,"2015-02-11 12:59:03.955172","2015-02-11 12:59:03.955172",2
202,1724,"2015-02-11 12:59:04.174177","2015-02-11 12:59:04.174177",1
203,1725,"2015-02-11 12:59:04.413182","2015-02-11 12:59:04.413182",1
204,1726,"2015-02-11 12:59:04.558185","2015-02-11 12:59:04.558185",1
205,1727,"2015-02-11 12:59:04.710189","2015-02-11 12:59:04.710189",1
206,1728,"2015-02-11 12:59:04.854192","2015-02-11 12:59:04.854192",1
207,1731,"2015-02-11 12:59:05.126198","2015-02-11 12:59:05.126198",1
208,1732,"2015-02-11 12:59:05.287202","2015-02-11 12:59:05.287202",1
209,1733,"2015-02-11 12:59:05.450205","2015-02-11 12:59:05.450205",1
210,1734,"2015-02-11 12:59:05.624209","2015-02-11 12:59:05.624209",1
211,1735,"2015-02-11 12:59:05.844214","2015-02-11 12:59:05.844214",1
212,1736,"2015-02-11 12:59:06.116220","2015-02-11 12:59:06.116220",1
213,1737,"2015-02-11 12:59:06.250223","2015-02-11 12:59:06.250223",1
214,1738,"2015-02-11 12:59:06.386226","2015-02-11 12:59:06.386226",3
215,1739,"2015-02-11 12:59:06.546230","2015-02-11 12:59:06.546230",1
216,1740,"2015-02-11 12:59:06.697233","2015-02-11 12:59:06.697233",1
217,1742,"2015-02-11 12:59:07.012240","2015-02-11 12:59:07.012240",1
218,1743,"2015-02-11 12:59:07.160243","2015-02-11 12:59:07.160243",1
219,1744,"2015-02-11 12:59:07.280246","2015-02-11 12:59:07.280246",3
220,1745,"2015-02-11 12:59:07.447250","2015-02-11 12:59:07.447250",2
221,1746,"2015-02-11 12:59:07.589253","2015-02-11 12:59:07.589253",1
222,1747,"2015-02-11 12:59:07.745257","2015-02-11 12:59:07.745257",2
223,1748,"2015-02-11 12:59:07.912260","2015-02-11 12:59:07.912260",1
224,1749,"2015-02-11 12:59:08.199267","2015-02-11 12:59:08.199267",1
225,1750,"2015-02-11 12:59:08.533274","2015-02-11 12:59:08.533274",3
226,1751,"2015-02-11 12:59:08.773279","2015-02-11 12:59:08.773279",1
227,1752,"2015-02-11 12:59:08.961284","2015-02-11 12:59:08.961284",3
228,1753,"2015-02-11 12:59:09.195289","2015-02-11 12:59:09.195289",1
229,1754,"2015-02-11 12:59:09.378293","2015-02-11 12:59:09.378293",1
230,1755,"2015-02-11 12:59:09.531296","2015-02-11 12:59:09.531296",1
231,1756,"2015-02-11 12:59:09.728301","2015-02-11 12:59:09.728301",1
232,1757,"2015-02-11 12:59:09.914305","2015-02-11 12:59:09.914305",1
233,1758,"2015-02-11 12:59:10.038308","2015-02-11 12:59:10.038308",3
234,1759,"2015-02-11 12:59:10.332314","2015-02-11 12:59:10.332314",2
235,1760,"2015-02-11 12:59:10.506318","2015-02-11 12:59:10.506318",2
236,1761,"2015-02-11 12:59:10.687322","2015-02-11 12:59:10.687322",1
237,1762,"2015-02-11 12:59:10.883327","2015-02-11 12:59:10.883327",1
238,1763,"2015-02-11 12:59:11.066331","2015-02-11 12:59:11.066331",1
239,1764,"2015-02-11 12:59:11.433339","2015-02-11 12:59:11.433339",1
240,1765,"2015-02-11 12:59:11.712345","2015-02-11 12:59:11.712345",1
241,1766,"2015-02-11 12:59:11.929350","2015-02-11 12:59:11.929350",3
242,1767,"2015-02-11 12:59:12.383360","2015-02-11 12:59:12.383360",1
243,1768,"2015-02-11 12:59:12.673366","2015-02-11 12:59:12.673366",1
244,1769,"2015-02-11 12:59:13.211378","2015-02-11 12:59:13.211378",3
245,1770,"2015-02-11 12:59:13.875393","2015-02-11 12:59:13.875393",1
246,1771,"2015-02-11 12:59:14.239401","2015-02-11 12:59:14.239401",1
247,1772,"2015-02-11 12:59:14.540408","2015-02-11 12:59:14.540408",2
248,1773,"2015-02-11 12:59:14.815414","2015-02-11 12:59:14.815414",2
249,1774,"2015-02-11 12:59:15.251424","2015-02-11 12:59:15.251424",2
250,1775,"2015-02-11 12:59:15.605432","2015-02-11 12:59:15.605432",1
251,1776,"2015-02-11 12:59:15.845437","2015-02-11 12:59:15.845437",3
252,1777,"2015-02-11 12:59:16.240446","2015-02-11 12:59:16.240446",3
253,1778,"2015-02-11 12:59:16.550453","2015-02-11 12:59:16.550453",2
254,1779,"2015-02-11 12:59:17.037464","2015-02-11 12:59:17.037464",1
255,1780,"2015-02-11 12:59:17.307470","2015-02-11 12:59:17.307470",1
256,1781,"2015-02-11 12:59:18.019486","2015-02-11 12:59:18.019486",2
257,1782,"2015-02-11 12:59:18.295492","2015-02-11 12:59:18.295492",2
258,1783,"2015-02-11 12:59:18.493496","2015-02-11 12:59:18.493496",1
259,1784,"2015-02-11 12:59:18.669500","2015-02-11 12:59:18.669500",2
260,1785,"2015-02-11 12:59:18.889505","2015-02-11 12:59:18.889505",1
261,1786,"2015-02-11 12:59:19.200512","2015-02-11 12:59:19.200512",2
262,1787,"2015-02-11 12:59:19.496519","2015-02-11 12:59:19.496519",1
263,1788,"2015-02-11 12:59:19.692523","2015-02-11 12:59:19.692523",2
264,1789,"2015-02-11 12:59:19.864527","2015-02-11 12:59:19.864527",2
265,1790,"2015-02-11 12:59:20.124533","2015-02-11 12:59:20.124533",2
266,1791,"2015-02-11 12:59:20.305537","2015-02-11 12:59:20.305537",1
267,1792,"2015-02-11 12:59:20.493541","2015-02-11 12:59:20.493541",1
268,1793,"2015-02-11 12:59:20.777547","2015-02-11 12:59:20.777547",1
269,1794,"2015-02-11 12:59:20.928551","2015-02-11 12:59:20.928551",3
270,1795,"2015-02-11 12:59:21.146555","2015-02-11 12:59:21.146555",2
271,1796,"2015-02-11 12:59:21.307559","2015-02-11 12:59:21.307559",2
272,1797,"2015-02-11 12:59:21.581565","2015-02-11 12:59:21.581565",2
273,1798,"2015-02-11 12:59:22.186579","2015-02-11 12:59:22.186579",2
274,1799,"2015-02-11 12:59:22.495585","2015-02-11 12:59:22.495585",1
275,1800,"2015-02-11 12:59:22.645589","2015-02-11 12:59:22.645589",1
276,1801,"2015-02-11 12:59:22.903595","2015-02-11 12:59:22.903595",1
277,1802,"2015-02-11 12:59:23.074598","2015-02-11 12:59:23.074598",1
278,1805,"2015-02-11 12:59:23.264603","2015-02-11 12:59:23.264603",2
279,1806,"2015-02-11 12:59:23.491608","2015-02-11 12:59:23.491608",1
280,1807,"2015-02-11 12:59:23.620611","2015-02-11 12:59:23.620611",1
281,1808,"2015-02-11 12:59:23.743613","2015-02-11 12:59:23.743613",1
282,1809,"2015-02-11 12:59:23.895617","2015-02-11 12:59:23.895617",1
283,1812,"2015-02-11 12:59:24.191623","2015-02-11 12:59:24.191623",2
284,1813,"2015-02-11 12:59:24.505630","2015-02-11 12:59:24.505630",2
285,1814,"2015-02-11 12:59:24.668634","2015-02-11 12:59:24.668634",2
286,1815,"2015-02-11 12:59:24.803637","2015-02-11 12:59:24.803637",1
287,1816,"2015-02-11 12:59:25.188646","2015-02-11 12:59:25.188646",2
288,1817,"2015-02-11 12:59:25.329649","2015-02-11 12:59:25.329649",2
289,1818,"2015-02-11 12:59:25.466652","2015-02-11 12:59:25.466652",2
290,1819,"2015-02-11 12:59:25.604655","2015-02-11 12:59:25.604655",1
291,1820,"2015-02-11 12:59:25.751658","2015-02-11 12:59:25.751658",2
292,1821,"2015-02-11 12:59:25.987663","2015-02-11 12:59:25.987663",3
293,1822,"2015-02-11 12:59:26.194668","2015-02-11 12:59:26.194668",1
294,1823,"2015-02-11 12:59:26.580677","2015-02-11 12:59:26.580677",2
295,1824,"2015-02-11 12:59:26.806682","2015-02-11 12:59:26.806682",2
296,1825,"2015-02-11 12:59:27.037687","2015-02-11 12:59:27.037687",1
297,1826,"2015-02-11 12:59:27.223691","2015-02-11 12:59:27.223691",2
298,1827,"2015-02-11 12:59:27.572699","2015-02-11 12:59:27.572699",2
299,1828,"2015-02-11 12:59:27.762703","2015-02-11 12:59:27.762703",2
300,1829,"2015-02-11 12:59:28.045709","2015-02-11 12:59:28.045709",1
301,1830,"2015-02-11 12:59:28.300715","2015-02-11 12:59:28.300715",3
302,1831,"2015-02-11 12:59:28.447718","2015-02-11 12:59:28.447718",1
303,1832,"2015-02-11 12:59:28.636722","2015-02-11 12:59:28.636722",2
304,1833,"2015-02-11 12:59:28.780726","2015-02-11 12:59:28.780726",2
305,1834,"2015-02-11 12:59:28.918729","2015-02-11 12:59:28.918729",1
306,1835,"2015-02-11 12:59:29.109733","2015-02-11 12:59:29.109733",1
307,1836,"2015-02-11 12:59:29.574743","2015-02-11 12:59:29.574743",3
308,1837,"2015-02-11 12:59:29.702746","2015-02-11 12:59:29.702746",1
309,1838,"2015-02-11 12:59:29.930751","2015-02-11 12:59:29.930751",1
310,1839,"2015-02-11 12:59:30.068754","2015-02-11 12:59:30.068754",1
311,1840,"2015-02-11 12:59:30.286759","2015-02-11 12:59:30.286759",1
312,1841,"2015-02-11 12:59:30.443763","2015-02-11 12:59:30.443763",1
313,1842,"2015-02-11 12:59:30.683768","2015-02-11 12:59:30.683768",2
314,1843,"2015-02-11 12:59:30.819771","2015-02-11 12:59:30.819771",2
315,1844,"2015-02-11 12:59:31.028776","2015-02-11 12:59:31.028776",1
316,1845,"2015-02-11 12:59:31.180779","2015-02-11 12:59:31.180779",1
317,1846,"2015-02-11 12:59:31.432785","2015-02-11 12:59:31.432785",1
318,1847,"2015-02-11 12:59:31.754792","2015-02-11 12:59:31.754792",2
319,1848,"2015-02-11 12:59:31.966797","2015-02-11 12:59:31.966797",2
320,1849,"2015-02-11 12:59:32.119800","2015-02-11 12:59:32.119800",1
321,1850,"2015-02-11 12:59:32.387806","2015-02-11 12:59:32.387806",1
322,1851,"2015-02-11 12:59:32.559810","2015-02-11 12:59:32.559810",1
323,1852,"2015-02-11 12:59:32.681813","2015-02-11 12:59:32.681813",1
324,1853,"2015-02-11 12:59:32.822816","2015-02-11 12:59:32.822816",1
325,1854,"2015-02-11 12:59:33.000820","2015-02-11 12:59:33.000820",1
326,1855,"2015-02-11 12:59:33.205824","2015-02-11 12:59:33.205824",1
327,1856,"2015-02-11 12:59:33.364828","2015-02-11 12:59:33.364828",1
328,1857,"2015-02-11 12:59:33.493831","2015-02-11 12:59:33.493831",1
329,1858,"2015-02-11 12:59:33.626834","2015-02-11 12:59:33.626834",1
330,1859,"2015-02-11 12:59:33.765837","2015-02-11 12:59:33.765837",1
331,1860,"2015-02-11 12:59:33.974841","2015-02-11 12:59:33.974841",2
332,1861,"2015-02-11 12:59:34.122845","2015-02-11 12:59:34.122845",1
333,1862,"2015-02-11 12:59:34.242847","2015-02-11 12:59:34.242847",2
334,1863,"2015-02-11 12:59:34.389851","2015-02-11 12:59:34.389851",1
335,1864,"2015-02-11 12:59:34.564855","2015-02-11 12:59:34.564855",1
336,1865,"2015-02-11 12:59:34.807860","2015-02-11 12:59:34.807860",1
337,1866,"2015-02-11 12:59:34.951863","2015-02-11 12:59:34.951863",1
338,1867,"2015-02-11 12:59:35.058866","2015-02-11 12:59:35.058866",3
339,1868,"2015-02-11 12:59:35.212869","2015-02-11 12:59:35.212869",1
340,1869,"2015-02-11 12:59:35.328872","2015-02-11 12:59:35.328872",3
341,1870,"2015-02-11 12:59:35.481875","2015-02-11 12:59:35.481875",1
342,1871,"2015-02-11 12:59:35.630878","2015-02-11 12:59:35.630878",1
343,1872,"2015-02-11 12:59:35.790882","2015-02-11 12:59:35.790882",1
344,1873,"2015-02-11 12:59:36.069888","2015-02-11 12:59:36.069888",2
345,1874,"2015-02-11 12:59:36.524898","2015-02-11 12:59:36.524898",1
346,1875,"2015-02-11 12:59:36.840905","2015-02-11 12:59:36.840905",1
347,1876,"2015-02-11 12:59:37.080911","2015-02-11 12:59:37.080911",1
348,1877,"2015-02-11 12:59:37.305916","2015-02-11 12:59:37.305916",2
349,1878,"2015-02-11 12:59:37.480920","2015-02-11 12:59:37.480920",2
350,1880,"2015-02-11 12:59:37.702925","2015-02-11 12:59:37.702925",2
351,1881,"2015-02-11 12:59:37.859928","2015-02-11 12:59:37.859928",1
352,1882,"2015-02-11 12:59:38.015932","2015-02-11 12:59:38.015932",1
353,1884,"2015-02-11 12:59:38.185935","2015-02-11 12:59:38.185935",1
354,1885,"2015-02-11 12:59:38.341939","2015-02-11 12:59:38.341939",1
355,1886,"2015-02-11 12:59:38.539943","2015-02-11 12:59:38.539943",2
356,1887,"2015-02-11 12:59:38.696947","2015-02-11 12:59:38.696947",2
357,1888,"2015-02-11 12:59:38.840950","2015-02-11 12:59:38.840950",1
358,1889,"2015-02-11 12:59:39.047955","2015-02-11 12:59:39.047955",2
359,1890,"2015-02-11 12:59:39.354961","2015-02-11 12:59:39.354961",1
360,1891,"2015-02-11 12:59:39.488964","2015-02-11 12:59:39.488964",3
361,1892,"2015-02-11 12:59:39.677969","2015-02-11 12:59:39.677969",1
362,1893,"2015-02-11 12:59:39.989976","2015-02-11 12:59:39.989976",1
363,1894,"2015-02-11 12:59:40.127979","2015-02-11 12:59:40.127979",3
364,1895,"2015-02-11 12:59:40.313983","2015-02-11 12:59:40.313983",1
365,1896,"2015-02-11 12:59:40.567988","2015-02-11 12:59:40.567988",1
366,1897,"2015-02-11 12:59:40.731992","2015-02-11 12:59:40.731992",1
367,1898,"2015-02-11 12:59:40.884996","2015-02-11 12:59:40.884996",2
368,1899,"2015-02-11 12:59:41.030999","2015-02-11 12:59:41.030999",1
369,1900,"2015-02-11 12:59:41.250004","2015-02-11 12:59:41.250004",1
370,1901,"2015-02-11 12:59:41.434008","2015-02-11 12:59:41.434008",1
371,1902,"2015-02-11 12:59:41.606012","2015-02-11 12:59:41.606012",2
372,1903,"2015-02-11 12:59:42.019021","2015-02-11 12:59:42.019021",1
373,1904,"2015-02-11 12:59:42.431030","2015-02-11 12:59:42.431030",1
374,1906,"2015-02-11 12:59:42.856039","2015-02-11 12:59:42.856039",2
375,1907,"2015-02-11 12:59:43.030043","2015-02-11 12:59:43.030043",2
376,1908,"2015-02-11 12:59:43.255048","2015-02-11 12:59:43.255048",2
377,1909,"2015-02-11 12:59:43.435052","2015-02-11 12:59:43.435052",1
378,1910,"2015-02-11 12:59:43.635057","2015-02-11 12:59:43.635057",1
379,1911,"2015-02-11 12:59:43.770060","2015-02-11 12:59:43.770060",1
380,1913,"2015-02-11 12:59:43.971064","2015-02-11 12:59:43.971064",1
381,1914,"2015-02-11 12:59:44.201069","2015-02-11 12:59:44.201069",1
382,1915,"2015-02-11 12:59:44.351073","2015-02-11 12:59:44.351073",3
383,1916,"2015-02-11 12:59:44.492076","2015-02-11 12:59:44.492076",2
384,1917,"2015-02-11 12:59:44.642079","2015-02-11 12:59:44.642079",2
385,1918,"2015-02-11 12:59:44.853084","2015-02-11 12:59:44.853084",1
386,1919,"2015-02-11 12:59:45.002087","2015-02-11 12:59:45.002087",1
387,1920,"2015-02-11 12:59:45.449097","2015-02-11 12:59:45.449097",2
388,1921,"2015-02-11 12:59:45.581100","2015-02-11 12:59:45.581100",1
389,1922,"2015-02-11 12:59:45.711103","2015-02-11 12:59:45.711103",2
390,1923,"2015-02-11 12:59:45.844106","2015-02-11 12:59:45.844106",1
391,1924,"2015-02-11 12:59:46.009110","2015-02-11 12:59:46.009110",2
392,1925,"2015-02-11 12:59:46.229115","2015-02-11 12:59:46.229115",1
393,1926,"2015-02-11 12:59:46.382118","2015-02-11 12:59:46.382118",1
394,1927,"2015-02-11 12:59:46.551122","2015-02-11 12:59:46.551122",2
395,1928,"2015-02-11 12:59:46.717126","2015-02-11 12:59:46.717126",2
396,1929,"2015-02-11 12:59:46.882129","2015-02-11 12:59:46.882129",1
397,1930,"2015-02-11 12:59:47.044133","2015-02-11 12:59:47.044133",1
398,1931,"2015-02-11 12:59:47.286138","2015-02-11 12:59:47.286138",2
399,1932,"2015-02-11 12:59:47.459142","2015-02-11 12:59:47.459142",2
400,1933,"2015-02-11 12:59:47.637146","2015-02-11 12:59:47.637146",2
401,1934,"2015-02-11 12:59:47.809150","2015-02-11 12:59:47.809150",1
402,1935,"2015-02-11 12:59:48.043155","2015-02-11 12:59:48.043155",2
403,1936,"2015-02-11 12:59:48.191158","2015-02-11 12:59:48.191158",2
404,1937,"2015-02-11 12:59:48.356162","2015-02-11 12:59:48.356162",2
405,1938,"2015-02-11 12:59:48.629168","2015-02-11 12:59:48.629168",1
406,1939,"2015-02-11 12:59:48.769171","2015-02-11 12:59:48.769171",1
407,1940,"2015-02-11 12:59:48.922175","2015-02-11 12:59:48.922175",1
408,1941,"2015-02-11 12:59:49.051178","2015-02-11 12:59:49.051178",1
409,1942,"2015-02-11 12:59:49.193181","2015-02-11 12:59:49.193181",2
410,1943,"2015-02-11 12:59:49.327184","2015-02-11 12:59:49.327184",1
411,1944,"2015-02-11 12:59:49.559189","2015-02-11 12:59:49.559189",1
412,1945,"2015-02-11 12:59:49.688192","2015-02-11 12:59:49.688192",2
413,1946,"2015-02-11 12:59:49.940197","2015-02-11 12:59:49.940197",1
414,1947,"2015-02-11 12:59:50.249204","2015-02-11 12:59:50.249204",1
415,1948,"2015-02-11 12:59:50.590212","2015-02-11 12:59:50.590212",2
416,1951,"2015-02-11 12:59:50.818217","2015-02-11 12:59:50.818217",1
417,1952,"2015-02-11 12:59:50.948220","2015-02-11 12:59:50.948220",1
418,1953,"2015-02-11 12:59:51.091223","2015-02-11 12:59:51.091223",1
419,1954,"2015-02-11 12:59:51.251227","2015-02-11 12:59:51.251227",1
420,1955,"2015-02-11 12:59:51.365229","2015-02-11 12:59:51.365229",3
421,1956,"2015-02-11 12:59:51.519233","2015-02-11 12:59:51.519233",1
422,1961,"2015-02-11 12:59:51.850240","2015-02-11 12:59:51.850240",1
423,1962,"2015-02-11 12:59:52.004243","2015-02-11 12:59:52.004243",1
424,1965,"2015-02-11 12:59:52.247249","2015-02-11 12:59:52.247249",1
425,1966,"2015-02-11 12:59:52.396252","2015-02-11 12:59:52.396252",1
426,1967,"2015-02-11 12:59:52.628257","2015-02-11 12:59:52.628257",1
427,1968,"2015-02-11 12:59:52.888263","2015-02-11 12:59:52.888263",1
428,1969,"2015-02-11 12:59:53.156269","2015-02-11 12:59:53.156269",1
429,1970,"2015-02-11 12:59:53.337273","2015-02-11 12:59:53.337273",1
430,1971,"2015-02-11 12:59:53.620280","2015-02-11 12:59:53.620280",1
431,1972,"2015-02-11 12:59:53.759283","2015-02-11 12:59:53.759283",2
432,1973,"2015-02-11 12:59:54.032289","2015-02-11 12:59:54.032289",1
433,1974,"2015-02-11 12:59:54.254294","2015-02-11 12:59:54.254294",1
434,1975,"2015-02-11 12:59:54.472299","2015-02-11 12:59:54.472299",1
435,1976,"2015-02-11 12:59:54.631302","2015-02-11 12:59:54.631302",1
436,1977,"2015-02-11 12:59:54.777305","2015-02-11 12:59:54.777305",3
437,1978,"2015-02-11 12:59:54.928309","2015-02-11 12:59:54.928309",1
438,1979,"2015-02-11 12:59:55.042311","2015-02-11 12:59:55.042311",3
439,1980,"2015-02-11 12:59:55.190315","2015-02-11 12:59:55.190315",2
440,1982,"2015-02-11 12:59:55.474321","2015-02-11 12:59:55.474321",2
441,1983,"2015-02-11 12:59:55.648325","2015-02-11 12:59:55.648325",1
442,1984,"2015-02-11 12:59:55.882330","2015-02-11 12:59:55.882330",1
443,1985,"2015-02-11 12:59:56.045334","2015-02-11 12:59:56.045334",1
444,1986,"2015-02-11 12:59:56.311340","2015-02-11 12:59:56.311340",1
445,1987,"2015-02-11 12:59:56.517344","2015-02-11 12:59:56.517344",1
446,1988,"2015-02-11 12:59:56.687348","2015-02-11 12:59:56.687348",1
447,1989,"2015-02-11 12:59:56.851352","2015-02-11 12:59:56.851352",1
448,1990,"2015-02-11 12:59:57.027355","2015-02-11 12:59:57.027355",1
449,1991,"2015-02-11 12:59:57.314362","2015-02-11 12:59:57.314362",2
450,1992,"2015-02-11 12:59:57.602368","2015-02-11 12:59:57.602368",2
451,1993,"2015-02-11 12:59:57.817373","2015-02-11 12:59:57.817373",2
452,1994,"2015-02-11 12:59:58.002377","2015-02-11 12:59:58.002377",2
453,1995,"2015-02-11 12:59:58.205382","2015-02-11 12:59:58.205382",2
454,1996,"2015-02-11 12:59:58.460387","2015-02-11 12:59:58.460387",1
455,1997,"2015-02-11 12:59:58.639391","2015-02-11 12:59:58.639391",1
456,1999,"2015-02-11 12:59:58.921398","2015-02-11 12:59:58.921398",1
457,2001,"2015-02-11 12:59:59.121402","2015-02-11 12:59:59.121402",2
458,2003,"2015-02-11 12:59:59.302406","2015-02-11 12:59:59.302406",1
459,2004,"2015-02-11 12:59:59.517411","2015-02-11 12:59:59.517411",1
460,2005,"2015-02-11 12:59:59.642414","2015-02-11 12:59:59.642414",3
461,2006,"2015-02-11 12:59:59.774417","2015-02-11 12:59:59.774417",1
462,2007,"2015-02-11 12:59:59.906420","2015-02-11 12:59:59.906420",1
463,2008,"2015-02-11 13:00:00.067423","2015-02-11 13:00:00.067423",1
464,2009,"2015-02-11 13:00:00.357430","2015-02-11 13:00:00.357430",1
465,2010,"2015-02-11 13:00:00.671437","2015-02-11 13:00:00.671437",1
466,2011,"2015-02-11 13:00:00.815440","2015-02-11 13:00:00.815440",1
467,2012,"2015-02-11 13:00:00.971443","2015-02-11 13:00:00.971443",2
468,2013,"2015-02-11 13:00:01.145447","2015-02-11 13:00:01.145447",1
469,2014,"2015-02-11 13:00:01.283450","2015-02-11 13:00:01.283450",1
470,2015,"2015-02-11 13:00:01.520456","2015-02-11 13:00:01.520456",1
471,2016,"2015-02-11 13:00:01.678459","2015-02-11 13:00:01.678459",1
472,2017,"2015-02-11 13:00:01.814462","2015-02-11 13:00:01.814462",1
473,2018,"2015-02-11 13:00:01.965466","2015-02-11 13:00:01.965466",2
474,2019,"2015-02-11 13:00:02.129469","2015-02-11 13:00:02.129469",1
475,2020,"2015-02-11 13:00:02.310473","2015-02-11 13:00:02.310473",3
476,2021,"2015-02-11 13:00:02.553479","2015-02-11 13:00:02.553479",2
477,2022,"2015-02-11 13:00:02.724483","2015-02-11 13:00:02.724483",1
478,2023,"2015-02-11 13:00:02.932487","2015-02-11 13:00:02.932487",1
479,2024,"2015-02-11 13:00:03.177493","2015-02-11 13:00:03.177493",1
480,2025,"2015-02-11 13:00:03.418498","2015-02-11 13:00:03.418498",1
481,2026,"2015-02-11 13:00:03.583502","2015-02-11 13:00:03.583502",1
482,2027,"2015-02-11 13:00:03.772506","2015-02-11 13:00:03.772506",2
483,2028,"2015-02-11 13:00:03.927509","2015-02-11 13:00:03.927509",1
484,2029,"2015-02-11 13:00:04.069513","2015-02-11 13:00:04.069513",1
485,2030,"2015-02-11 13:00:04.308518","2015-02-11 13:00:04.308518",2
486,2031,"2015-02-11 13:00:04.449521","2015-02-11 13:00:04.449521",1
487,2032,"2015-02-11 13:00:04.572524","2015-02-11 13:00:04.572524",1
488,2033,"2015-02-11 13:00:04.705527","2015-02-11 13:00:04.705527",2
489,2034,"2015-02-11 13:00:04.822529","2015-02-11 13:00:04.822529",1
490,2035,"2015-02-11 13:00:04.959532","2015-02-11 13:00:04.959532",1
491,2036,"2015-02-11 13:00:05.145537","2015-02-11 13:00:05.145537",1
492,2037,"2015-02-11 13:00:05.275539","2015-02-11 13:00:05.275539",2
493,2038,"2015-02-11 13:00:05.428543","2015-02-11 13:00:05.428543",2
494,2039,"2015-02-11 13:00:05.588546","2015-02-11 13:00:05.588546",1
495,2040,"2015-02-11 13:00:05.738550","2015-02-11 13:00:05.738550",2
496,2041,"2015-02-11 13:00:05.877553","2015-02-11 13:00:05.877553",1
497,2042,"2015-02-11 13:00:06.048557","2015-02-11 13:00:06.048557",1
498,2043,"2015-02-11 13:00:06.285562","2015-02-11 13:00:06.285562",2
499,2044,"2015-02-11 13:00:06.445566","2015-02-11 13:00:06.445566",1
500,2045,"2015-02-11 13:00:06.620569","2015-02-11 13:00:06.620569",2
501,2046,"2015-02-11 13:00:06.792573","2015-02-11 13:00:06.792573",2
502,2047,"2015-02-11 13:00:07.045579","2015-02-11 13:00:07.045579",1
503,2048,"2015-02-11 13:00:07.205582","2015-02-11 13:00:07.205582",1
504,2049,"2015-02-11 13:00:07.347586","2015-02-11 13:00:07.347586",1
505,2050,"2015-02-11 13:00:07.511589","2015-02-11 13:00:07.511589",2
506,2051,"2015-02-11 13:00:07.678593","2015-02-11 13:00:07.678593",1
507,2052,"2015-02-11 13:00:07.834596","2015-02-11 13:00:07.834596",1
508,2054,"2015-02-11 13:00:08.007600","2015-02-11 13:00:08.007600",1
509,2055,"2015-02-11 13:00:08.223605","2015-02-11 13:00:08.223605",2
510,2056,"2015-02-11 13:00:08.343608","2015-02-11 13:00:08.343608",2
511,2057,"2015-02-11 13:00:08.487611","2015-02-11 13:00:08.487611",2
512,2058,"2015-02-11 13:00:08.636614","2015-02-11 13:00:08.636614",2
513,2059,"2015-02-11 13:00:08.788618","2015-02-11 13:00:08.788618",2
514,2061,"2015-02-11 13:00:09.033623","2015-02-11 13:00:09.033623",2
515,2062,"2015-02-11 13:00:09.160626","2015-02-11 13:00:09.160626",2
516,2063,"2015-02-11 13:00:09.305629","2015-02-11 13:00:09.305629",2
517,2064,"2015-02-11 13:00:09.452633","2015-02-11 13:00:09.452633",2
518,2066,"2015-02-11 13:00:09.631637","2015-02-11 13:00:09.631637",2
519,2067,"2015-02-11 13:00:09.760639","2015-02-11 13:00:09.760639",2
520,2068,"2015-02-11 13:00:09.982644","2015-02-11 13:00:09.982644",2
521,2069,"2015-02-11 13:00:10.133648","2015-02-11 13:00:10.133648",2
522,2070,"2015-02-11 13:00:10.263651","2015-02-11 13:00:10.263651",1
523,2072,"2015-02-11 13:00:10.442655","2015-02-11 13:00:10.442655",2
524,2073,"2015-02-11 13:00:10.710661","2015-02-11 13:00:10.710661",1
525,2074,"2015-02-11 13:00:10.870664","2015-02-11 13:00:10.870664",3
526,2075,"2015-02-11 13:00:11.025668","2015-02-11 13:00:11.025668",1
527,2076,"2015-02-11 13:00:11.169671","2015-02-11 13:00:11.169671",3
528,2077,"2015-02-11 13:00:11.322674","2015-02-11 13:00:11.322674",1
529,2078,"2015-02-11 13:00:11.484678","2015-02-11 13:00:11.484678",3
530,2079,"2015-02-11 13:00:11.737684","2015-02-11 13:00:11.737684",1
531,2080,"2015-02-11 13:00:11.919688","2015-02-11 13:00:11.919688",3
532,2081,"2015-02-11 13:00:12.359697","2015-02-11 13:00:12.359697",1
533,2082,"2015-02-11 13:00:12.578702","2015-02-11 13:00:12.578702",3
534,2083,"2015-02-11 13:00:12.950711","2015-02-11 13:00:12.950711",1
535,2084,"2015-02-11 13:00:13.177716","2015-02-11 13:00:13.177716",1
536,2085,"2015-02-11 13:00:13.398721","2015-02-11 13:00:13.398721",1
537,2086,"2015-02-11 13:00:13.543724","2015-02-11 13:00:13.543724",1
538,2087,"2015-02-11 13:00:13.729728","2015-02-11 13:00:13.729728",1
539,2088,"2015-02-11 13:00:13.941733","2015-02-11 13:00:13.941733",1
540,2089,"2015-02-11 13:00:14.114737","2015-02-11 13:00:14.114737",1
541,2090,"2015-02-11 13:00:14.613748","2015-02-11 13:00:14.613748",2
542,2091,"2015-02-11 13:00:14.758751","2015-02-11 13:00:14.758751",1
543,2092,"2015-02-11 13:00:14.897754","2015-02-11 13:00:14.897754",1
544,2093,"2015-02-11 13:00:15.016757","2015-02-11 13:00:15.016757",1
545,2094,"2015-02-11 13:00:15.176760","2015-02-11 13:00:15.176760",2
546,2095,"2015-02-11 13:00:15.314763","2015-02-11 13:00:15.314763",1
547,2096,"2015-02-11 13:00:15.445766","2015-02-11 13:00:15.445766",1
548,2097,"2015-02-11 13:00:15.700772","2015-02-11 13:00:15.700772",2
549,2098,"2015-02-11 13:00:15.883776","2015-02-11 13:00:15.883776",1
550,2099,"2015-02-11 13:00:16.026779","2015-02-11 13:00:16.026779",1
551,2100,"2015-02-11 13:00:16.210783","2015-02-11 13:00:16.210783",2
552,2101,"2015-02-11 13:00:16.403788","2015-02-11 13:00:16.403788",1
553,2102,"2015-02-11 13:00:16.639793","2015-02-11 13:00:16.639793",1
554,2103,"2015-02-11 13:00:16.828797","2015-02-11 13:00:16.828797",1
555,2104,"2015-02-11 13:00:16.989801","2015-02-11 13:00:16.989801",1
556,2105,"2015-02-11 13:00:17.140804","2015-02-11 13:00:17.140804",1
557,2106,"2015-02-11 13:00:17.316808","2015-02-11 13:00:17.316808",2
558,2107,"2015-02-11 13:00:17.484812","2015-02-11 13:00:17.484812",2
559,2108,"2015-02-11 13:00:17.756818","2015-02-11 13:00:17.756818",1
560,2109,"2015-02-11 13:00:17.909821","2015-02-11 13:00:17.909821",1
561,2110,"2015-02-11 13:00:18.144826","2015-02-11 13:00:18.144826",1
562,2111,"2015-02-11 13:00:18.316830","2015-02-11 13:00:18.316830",1
563,2112,"2015-02-11 13:00:18.470834","2015-02-11 13:00:18.470834",1
564,2113,"2015-02-11 13:00:18.722839","2015-02-11 13:00:18.722839",1
565,2116,"2015-02-11 13:00:19.062847","2015-02-11 13:00:19.062847",1
566,2117,"2015-02-11 13:00:19.196850","2015-02-11 13:00:19.196850",1
567,2119,"2015-02-11 13:00:19.342853","2015-02-11 13:00:19.342853",2
568,2120,"2015-02-11 13:00:19.469856","2015-02-11 13:00:19.469856",2
569,2121,"2015-02-11 13:00:19.648860","2015-02-11 13:00:19.648860",2
570,2122,"2015-02-11 13:00:19.800863","2015-02-11 13:00:19.800863",2
571,2123,"2015-02-11 13:00:19.940866","2015-02-11 13:00:19.940866",1
572,2124,"2015-02-11 13:00:20.039869","2015-02-11 13:00:20.039869",3
573,2125,"2015-02-11 13:00:20.157871","2015-02-11 13:00:20.157871",1
574,2126,"2015-02-11 13:00:20.438878","2015-02-11 13:00:20.438878",2
575,2127,"2015-02-11 13:00:20.568880","2015-02-11 13:00:20.568880",2
576,2128,"2015-02-11 13:00:20.709884","2015-02-11 13:00:20.709884",2
577,2129,"2015-02-11 13:00:20.851887","2015-02-11 13:00:20.851887",1
578,2130,"2015-02-11 13:00:21.116893","2015-02-11 13:00:21.116893",2
579,2131,"2015-02-11 13:00:21.247896","2015-02-11 13:00:21.247896",2
580,2133,"2015-02-11 13:00:21.415899","2015-02-11 13:00:21.415899",2
581,2134,"2015-02-11 13:00:21.810908","2015-02-11 13:00:21.810908",2
582,2135,"2015-02-11 13:00:21.964912","2015-02-11 13:00:21.964912",2
583,2136,"2015-02-11 13:00:22.170916","2015-02-11 13:00:22.170916",1
584,2137,"2015-02-11 13:00:22.319920","2015-02-11 13:00:22.319920",2
585,2138,"2015-02-11 13:00:22.621926","2015-02-11 13:00:22.621926",1
586,2139,"2015-02-11 13:00:22.772930","2015-02-11 13:00:22.772930",1
587,2140,"2015-02-11 13:00:23.030935","2015-02-11 13:00:23.030935",1
588,2141,"2015-02-11 13:00:23.174939","2015-02-11 13:00:23.174939",1
589,2142,"2015-02-11 13:00:23.342942","2015-02-11 13:00:23.342942",1
590,2143,"2015-02-11 13:00:23.515946","2015-02-11 13:00:23.515946",1
591,2144,"2015-02-11 13:00:23.670950","2015-02-11 13:00:23.670950",1
592,2145,"2015-02-11 13:00:23.798952","2015-02-11 13:00:23.798952",1
593,2146,"2015-02-11 13:00:24.029958","2015-02-11 13:00:24.029958",2
594,2147,"2015-02-11 13:00:24.248963","2015-02-11 13:00:24.248963",2
595,2148,"2015-02-11 13:00:24.482968","2015-02-11 13:00:24.482968",2
596,2149,"2015-02-11 13:00:24.640971","2015-02-11 13:00:24.640971",2
597,2150,"2015-02-11 13:00:24.801975","2015-02-11 13:00:24.801975",2
598,2151,"2015-02-11 13:00:24.947978","2015-02-11 13:00:24.947978",2
599,2152,"2015-02-11 13:00:25.182983","2015-02-11 13:00:25.182983",1
600,2153,"2015-02-11 13:00:25.333987","2015-02-11 13:00:25.333987",1
601,2154,"2015-02-11 13:00:25.468990","2015-02-11 13:00:25.468990",1
602,2155,"2015-02-11 13:00:25.623993","2015-02-11 13:00:25.623993",1
603,2156,"2015-02-11 13:00:25.790997","2015-02-11 13:00:25.790997",1
604,2157,"2015-02-11 13:00:25.923000","2015-02-11 13:00:25.923000",2
605,2158,"2015-02-11 13:00:26.078003","2015-02-11 13:00:26.078003",2
606,2159,"2015-02-11 13:00:26.427011","2015-02-11 13:00:26.427011",2
607,2160,"2015-02-11 13:00:26.580015","2015-02-11 13:00:26.580015",1
608,2161,"2015-02-11 13:00:26.719018","2015-02-11 13:00:26.719018",1
609,2162,"2015-02-11 13:00:26.849021","2015-02-11 13:00:26.849021",3
610,2163,"2015-02-11 13:00:26.991024","2015-02-11 13:00:26.991024",1
611,2164,"2015-02-11 13:00:27.142027","2015-02-11 13:00:27.142027",3
612,2165,"2015-02-11 13:00:27.288030","2015-02-11 13:00:27.288030",3
613,2166,"2015-02-11 13:00:27.466034","2015-02-11 13:00:27.466034",2
614,2167,"2015-02-11 13:00:27.643038","2015-02-11 13:00:27.643038",2
615,2168,"2015-02-11 13:00:27.879043","2015-02-11 13:00:27.879043",1
616,2169,"2015-02-11 13:00:28.059047","2015-02-11 13:00:28.059047",1
617,2170,"2015-02-11 13:00:28.325053","2015-02-11 13:00:28.325053",2
618,2171,"2015-02-11 13:00:28.547058","2015-02-11 13:00:28.547058",1
619,2172,"2015-02-11 13:00:28.717062","2015-02-11 13:00:28.717062",1
620,2173,"2015-02-11 13:00:28.890066","2015-02-11 13:00:28.890066",2
621,2174,"2015-02-11 13:00:29.125071","2015-02-11 13:00:29.125071",2
622,2175,"2015-02-11 13:00:29.256074","2015-02-11 13:00:29.256074",2
623,2176,"2015-02-11 13:00:29.398077","2015-02-11 13:00:29.398077",1
624,2177,"2015-02-11 13:00:29.600082","2015-02-11 13:00:29.600082",1
625,2178,"2015-02-11 13:00:29.741085","2015-02-11 13:00:29.741085",1
626,2179,"2015-02-11 13:00:29.983090","2015-02-11 13:00:29.983090",1
627,2180,"2015-02-11 13:00:30.091093","2015-02-11 13:00:30.091093",3
628,2181,"2015-02-11 13:00:30.297097","2015-02-11 13:00:30.297097",1
629,2182,"2015-02-11 13:00:30.574104","2015-02-11 13:00:30.574104",2
630,2183,"2015-02-11 13:00:30.712107","2015-02-11 13:00:30.712107",1
631,2184,"2015-02-11 13:00:30.869110","2015-02-11 13:00:30.869110",1
632,2185,"2015-02-11 13:00:31.056114","2015-02-11 13:00:31.056114",1
633,2186,"2015-02-11 13:00:31.366121","2015-02-11 13:00:31.366121",2
634,2187,"2015-02-11 13:00:31.517125","2015-02-11 13:00:31.517125",1
635,2188,"2015-02-11 13:00:31.660128","2015-02-11 13:00:31.660128",1
636,2189,"2015-02-11 13:00:31.792131","2015-02-11 13:00:31.792131",1
637,2190,"2015-02-11 13:00:31.970135","2015-02-11 13:00:31.970135",2
638,2191,"2015-02-11 13:00:32.125138","2015-02-11 13:00:32.125138",2
639,2192,"2015-02-11 13:00:32.368144","2015-02-11 13:00:32.368144",1
640,2193,"2015-02-11 13:00:32.515147","2015-02-11 13:00:32.515147",3
641,2194,"2015-02-11 13:00:32.669150","2015-02-11 13:00:32.669150",1
642,2195,"2015-02-11 13:00:32.827154","2015-02-11 13:00:32.827154",1
643,2196,"2015-02-11 13:00:33.042159","2015-02-11 13:00:33.042159",1
644,2197,"2015-02-11 13:00:33.398167","2015-02-11 13:00:33.398167",1
645,2198,"2015-02-11 13:00:33.553170","2015-02-11 13:00:33.553170",1
646,2199,"2015-02-11 13:00:33.731174","2015-02-11 13:00:33.731174",1
647,2200,"2015-02-11 13:00:33.910178","2015-02-11 13:00:33.910178",1
648,2201,"2015-02-11 13:00:34.131183","2015-02-11 13:00:34.131183",2
649,2204,"2015-02-11 13:00:34.337187","2015-02-11 13:00:34.337187",1
650,2206,"2015-02-11 13:00:34.576193","2015-02-11 13:00:34.576193",2
651,2207,"2015-02-11 13:00:34.791198","2015-02-11 13:00:34.791198",2
652,2208,"2015-02-11 13:00:34.921201","2015-02-11 13:00:34.921201",2
653,2209,"2015-02-11 13:00:35.049203","2015-02-11 13:00:35.049203",1
654,2210,"2015-02-11 13:00:35.188206","2015-02-11 13:00:35.188206",1
655,2211,"2015-02-11 13:00:35.401211","2015-02-11 13:00:35.401211",2
656,2212,"2015-02-11 13:00:35.549215","2015-02-11 13:00:35.549215",2
657,2213,"2015-02-11 13:00:35.680217","2015-02-11 13:00:35.680217",2
658,2214,"2015-02-11 13:00:35.800220","2015-02-11 13:00:35.800220",2
659,2215,"2015-02-11 13:00:35.937223","2015-02-11 13:00:35.937223",2
660,2216,"2015-02-11 13:00:36.065226","2015-02-11 13:00:36.065226",2
661,2217,"2015-02-11 13:00:36.258230","2015-02-11 13:00:36.258230",1
662,2218,"2015-02-11 13:00:36.453235","2015-02-11 13:00:36.453235",1
663,2219,"2015-02-11 13:00:36.649239","2015-02-11 13:00:36.649239",2
664,2220,"2015-02-11 13:00:36.787242","2015-02-11 13:00:36.787242",2
665,2221,"2015-02-11 13:00:36.934245","2015-02-11 13:00:36.934245",1
666,2222,"2015-02-11 13:00:37.222252","2015-02-11 13:00:37.222252",1
667,2223,"2015-02-11 13:00:37.379255","2015-02-11 13:00:37.379255",1
668,2224,"2015-02-11 13:00:37.567260","2015-02-11 13:00:37.567260",1
669,2225,"2015-02-11 13:00:37.765264","2015-02-11 13:00:37.765264",1
670,2227,"2015-02-11 13:00:38.014269","2015-02-11 13:00:38.014269",2
671,2228,"2015-02-11 13:00:38.255275","2015-02-11 13:00:38.255275",1
672,2229,"2015-02-11 13:00:38.407278","2015-02-11 13:00:38.407278",1
673,2230,"2015-02-11 13:00:38.662284","2015-02-11 13:00:38.662284",1
674,2231,"2015-02-11 13:00:38.921290","2015-02-11 13:00:38.921290",1
675,2232,"2015-02-11 13:00:39.104294","2015-02-11 13:00:39.104294",1
676,2233,"2015-02-11 13:00:39.281298","2015-02-11 13:00:39.281298",2
677,2234,"2015-02-11 13:00:39.575304","2015-02-11 13:00:39.575304",1
678,2235,"2015-02-11 13:00:39.745308","2015-02-11 13:00:39.745308",1
679,2236,"2015-02-11 13:00:39.962313","2015-02-11 13:00:39.962313",1
680,2237,"2015-02-11 13:00:40.116316","2015-02-11 13:00:40.116316",1
681,2238,"2015-02-11 13:00:40.431323","2015-02-11 13:00:40.431323",1
682,2239,"2015-02-11 13:00:40.574327","2015-02-11 13:00:40.574327",2
683,2240,"2015-02-11 13:00:40.714330","2015-02-11 13:00:40.714330",1
684,2241,"2015-02-11 13:00:40.987336","2015-02-11 13:00:40.987336",1
685,2242,"2015-02-11 13:00:41.151339","2015-02-11 13:00:41.151339",1
686,2243,"2015-02-11 13:00:41.489347","2015-02-11 13:00:41.489347",2
687,2245,"2015-02-11 13:00:41.692352","2015-02-11 13:00:41.692352",2
688,2246,"2015-02-11 13:00:41.848355","2015-02-11 13:00:41.848355",2
689,2247,"2015-02-11 13:00:41.985358","2015-02-11 13:00:41.985358",1
690,2248,"2015-02-11 13:00:42.155362","2015-02-11 13:00:42.155362",2
691,2249,"2015-02-11 13:00:42.406367","2015-02-11 13:00:42.406367",1
692,2250,"2015-02-11 13:00:42.578371","2015-02-11 13:00:42.578371",1
693,2251,"2015-02-11 13:00:42.818377","2015-02-11 13:00:42.818377",2
694,2252,"2015-02-11 13:00:42.967380","2015-02-11 13:00:42.967380",2
695,2253,"2015-02-11 13:00:43.159384","2015-02-11 13:00:43.159384",2
696,2254,"2015-02-11 13:00:43.346388","2015-02-11 13:00:43.346388",1
697,2255,"2015-02-11 13:00:43.493392","2015-02-11 13:00:43.493392",2
698,2256,"2015-02-11 13:00:43.653395","2015-02-11 13:00:43.653395",2
