1,"ホーム（目黒寄り）","2015-01-29 02:27:16.256352","2015-01-29 02:27:16.256352"
2,"改札","2015-01-29 02:27:16.514360","2015-01-29 02:27:16.514360"
3,"ホーム（中央 赤羽岩淵寄り）","2015-01-29 02:27:17.051377","2015-01-29 02:27:17.051377"
4,"ホーム（中央 目黒寄り）","2015-01-29 02:27:18.133410","2015-01-29 02:27:18.133410"
5,"エレベーター口","2015-01-29 02:27:19.222443","2015-01-29 02:27:19.222443"
6,"B1出口連絡通路階","2015-01-29 02:27:19.761459","2015-01-29 02:27:19.761459"
7,"1番出入口","2015-01-29 02:27:20.598485","2015-01-29 02:27:20.598485"
8,"2番出入口（一部）","2015-01-29 02:27:21.137501","2015-01-29 02:27:21.137501"
9,"3番出入口（一部）","2015-01-29 02:27:22.171533","2015-01-29 02:27:22.171533"
10,"改札内広場","2015-01-29 02:27:23.066560","2015-01-29 02:27:23.066560"
11,"ホーム（綾瀬寄り）","2015-01-29 02:27:24.266597","2015-01-29 02:27:24.266597"
12,"一ツ木通り方面改札","2015-01-29 02:27:24.607607","2015-01-29 02:27:24.607607"
13,"ホーム（中央・綾瀬寄り）","2015-01-29 02:27:25.911647","2015-01-29 02:27:25.911647"
14,"ホーム（代々木上原寄り）","2015-01-29 02:27:27.149685","2015-01-29 02:27:27.149685"
15,"乃木坂方面改札","2015-01-29 02:27:27.435693","2015-01-29 02:27:27.435693"
16,"3a番出入口","2015-01-29 02:27:28.646730","2015-01-29 02:27:28.646730"
17,"3b番出入口","2015-01-29 02:27:30.759795","2015-01-29 02:27:30.759795"
18,"5a、5b番出入口（一部）","2015-01-29 02:27:31.606821","2015-01-29 02:27:31.606821"
19,"6番出入口","2015-01-29 02:27:32.630852","2015-01-29 02:27:32.630852"
20,"一ツ木通り方面改札内広場","2015-01-29 02:27:33.422876","2015-01-29 02:27:33.422876"
21,"乃木坂方面改札内","2015-01-29 02:27:34.527910","2015-01-29 02:27:34.527910"
22,"3、4番線ホーム（銀座線 渋谷・丸ノ内線 荻窪寄り）","2015-01-29 02:27:36.201961","2015-01-29 02:27:36.201961"
23,"1、2番線ホーム（銀座線 渋谷・丸ノ内線 荻窪寄り）・赤坂見附方面改札","2015-01-29 02:27:36.725977","2015-01-29 02:27:36.725977"
24,"ホーム（銀座線 浅草・丸ノ内線 池袋寄り）","2015-01-29 02:27:37.523001","2015-01-29 02:27:37.523001"
25,"山王下方面改札","2015-01-29 02:27:38.001016","2015-01-29 02:27:38.001016"
26,"赤坂見附方面改札","2015-01-29 02:27:39.267054","2015-01-29 02:27:39.267054"
27,"地上（10番出入口・ベルビー赤坂内）","2015-01-29 02:27:39.586064","2015-01-29 02:27:39.586064"
28,"地上（A、B、D出入口）","2015-01-29 02:27:40.555094","2015-01-29 02:27:40.555094"
29,"エレベーター専用口","2015-01-29 02:27:41.292116","2015-01-29 02:27:41.292116"
30,"地上（10番出入口）","2015-01-29 02:27:41.843133","2015-01-29 02:27:41.843133"
31,"11番出入口","2015-01-29 02:27:44.517214","2015-01-29 02:27:44.517214"
32,"1、2番線ホーム（渋谷寄り）","2015-01-29 02:27:45.420242","2015-01-29 02:27:45.420242"
33,"永田町駅連絡通路（改札内）","2015-01-29 02:27:45.705251","2015-01-29 02:27:45.705251"
34,"永田町駅半蔵門線ホーム","2015-01-29 02:27:46.025260","2015-01-29 02:27:46.025260"
35,"赤坂見附方面改札外","2015-01-29 02:27:46.476274","2015-01-29 02:27:46.476274"
36,"山王下方面改札内（11番出入口）","2015-01-29 02:27:47.071292","2015-01-29 02:27:47.071292"
37,B3F,"2015-01-29 02:27:48.292330","2015-01-29 02:27:48.292330"
38,"1、2番線ホーム（銀座線 浅草・丸ノ内線 池袋寄り）","2015-01-29 02:27:48.578338","2015-01-29 02:27:48.578338"
39,"10番出入口（ベルビー赤坂内）","2015-01-29 02:27:50.240389","2015-01-29 02:27:50.240389"
40,"A、B、D出入口","2015-01-29 02:27:51.021413","2015-01-29 02:27:51.021413"
41,"10番出入口","2015-01-29 02:27:52.276451","2015-01-29 02:27:52.276451"
42,"1番線ホーム（北千住寄り）","2015-01-29 02:27:57.218602","2015-01-29 02:27:57.218602"
43,"JR秋葉原駅方面改札","2015-01-29 02:27:57.492610","2015-01-29 02:27:57.492610"
44,"2番線ホーム（北千住寄り）","2015-01-29 02:27:57.977625","2015-01-29 02:27:57.977625"
45,"3番出入口","2015-01-29 02:27:58.681646","2015-01-29 02:27:58.681646"
46,"改札外（駅事務室となり）","2015-01-29 02:27:59.947685","2015-01-29 02:27:59.947685"
47,"2番線ホーム（渋谷寄り）","2015-01-29 02:28:00.750710","2015-01-29 02:28:00.750710"
48,"北青山方面改札","2015-01-29 02:28:01.048719","2015-01-29 02:28:01.048719"
49,"地上（2番出入口）","2015-01-29 02:28:01.686738","2015-01-29 02:28:01.686738"
50,"1番線ホーム（渋谷寄り）","2015-01-29 02:28:02.346758","2015-01-29 02:28:02.346758"
51,"北青山方面改札内広場","2015-01-29 02:28:02.798772","2015-01-29 02:28:02.798772"
52,"ホーム（渋谷寄り）","2015-01-29 02:28:03.425791","2015-01-29 02:28:03.425791"
53,"ホーム（中央）","2015-01-29 02:28:04.954838","2015-01-29 02:28:04.954838"
54,"ホーム（押上寄り）","2015-01-29 02:28:05.989869","2015-01-29 02:28:05.989869"
55,"都営大江戸線改札","2015-01-29 02:28:07.108903","2015-01-29 02:28:07.108903"
56,"銀座線2番線ホーム階（渋谷寄り）","2015-01-29 02:28:08.674951","2015-01-29 02:28:08.674951"
57,"浅草寺・雷門方面改札","2015-01-29 02:28:09.830986","2015-01-29 02:28:09.830986"
58,"1、2、3番出入口（一部）","2015-01-29 02:28:10.645011","2015-01-29 02:28:10.645011"
59,"1番線ホーム（終端寄り）","2015-01-29 02:28:11.438035","2015-01-29 02:28:11.438035"
60,"松屋、隅田公園方面改札","2015-01-29 02:28:11.723044","2015-01-29 02:28:11.723044"
61,"2番線ホーム（終端寄り）","2015-01-29 02:28:12.209059","2015-01-29 02:28:12.209059"
62,"駒形橋方面改札","2015-01-29 02:28:12.945081","2015-01-29 02:28:12.945081"
63,"小川町方面改札","2015-01-29 02:28:13.926111","2015-01-29 02:28:13.926111"
64,"A5番出入口 ※ 2番線ホーム（池袋方面）側","2015-01-29 02:28:14.332124","2015-01-29 02:28:14.332124"
65,"1番線ホーム","2015-01-29 02:28:14.828139","2015-01-29 02:28:14.828139"
66,"2番線ホーム（荻窪寄り連絡通路）","2015-01-29 02:28:15.135148","2015-01-29 02:28:15.135148"
67,"都営新宿線連絡通路（荻窪方面寄り）","2015-01-29 02:28:15.609163","2015-01-29 02:28:15.609163"
68,"1、2番線ホーム（北綾瀬寄り）","2015-01-29 02:28:16.138179","2015-01-29 02:28:16.138179"
69,"東改札","2015-01-29 02:28:16.478189","2015-01-29 02:28:16.478189"
70,"3、4番線ホーム（北綾瀬寄り）","2015-01-29 02:28:16.973204","2015-01-29 02:28:16.973204"
71,"1、2番線ホーム（代々木上原寄り）","2015-01-29 02:28:19.846292","2015-01-29 02:28:19.846292"
72,"西改札（一部）","2015-01-29 02:28:20.231304","2015-01-29 02:28:20.231304"
73,"3、4番線ホーム（代々木上原寄り）","2015-01-29 02:28:21.046329","2015-01-29 02:28:21.046329"
74,"東改札内広場","2015-01-29 02:28:22.080360","2015-01-29 02:28:22.080360"
75,"西改札内広場","2015-01-29 02:28:22.873384","2015-01-29 02:28:22.873384"
76,"ホーム（赤羽岩淵寄り）","2015-01-29 02:28:24.193424","2015-01-29 02:28:24.193424"
77,"1、2番出入口（一部）","2015-01-29 02:28:27.913538","2015-01-29 02:28:27.913538"
78,"4番出入口","2015-01-29 02:28:29.574589","2015-01-29 02:28:29.574589"
79,"1番線ホーム（中野寄り）","2015-01-29 02:28:31.126636","2015-01-29 02:28:31.126636"
80,"2番線ホーム（中野寄り）","2015-01-29 02:28:31.853658","2015-01-29 02:28:31.853658"
81,"1番線ホーム（西船橋寄り）","2015-01-29 02:28:32.546679","2015-01-29 02:28:32.546679"
82,"中二階","2015-01-29 02:28:32.854689","2015-01-29 02:28:32.854689"
83,"東武線下赤塚駅方面改札","2015-01-29 02:28:35.905782","2015-01-29 02:28:35.905782"
84,"ホーム（中央 新木場寄り）","2015-01-29 02:28:36.420797","2015-01-29 02:28:36.420797"
85,"ホーム（中央 和光市寄り）","2015-01-29 02:28:37.356826","2015-01-29 02:28:37.356826"
86,"東武線下赤塚駅方面改札内広場","2015-01-29 02:28:38.665866","2015-01-29 02:28:38.665866"
87,"睦台交差点方面改札内","2015-01-29 02:28:39.271884","2015-01-29 02:28:39.271884"
88,"ホーム（中央 渋谷寄り）","2015-01-29 02:28:40.657927","2015-01-29 02:28:40.657927"
89,"東武線成増駅方面改札","2015-01-29 02:28:44.136033","2015-01-29 02:28:44.136033"
90,"ホーム（和光市寄り）","2015-01-29 02:28:45.457073","2015-01-29 02:28:45.457073"
91,"成増一丁目交差点方面改札","2015-01-29 02:28:45.799083","2015-01-29 02:28:45.799083"
92,"改札階3番出入口付近","2015-01-29 02:28:46.789114","2015-01-29 02:28:46.789114"
93,"4、5番出入口（一部）","2015-01-29 02:28:47.603138","2015-01-29 02:28:47.603138"
94,"東武線成増駅方面改札内広場","2015-01-29 02:28:48.462165","2015-01-29 02:28:48.462165"
95,"JR恵比寿駅方面改札","2015-01-29 02:28:53.656323","2015-01-29 02:28:53.656323"
96,"ホーム（北千住寄り）","2015-01-29 02:28:54.658354","2015-01-29 02:28:54.658354"
97,"地上","2015-01-29 02:28:56.528411","2015-01-29 02:28:56.528411"
98,"ホーム（中央付近）","2015-01-29 02:28:58.553472","2015-01-29 02:28:58.553472"
99,"1a・1b・2番出入口方面通路（一部）、4番出入口（一部）","2015-01-29 02:28:59.335496","2015-01-29 02:28:59.335496"
100,"中央改札口","2015-01-29 02:29:00.150521","2015-01-29 02:29:00.150521"
101,"改札外（4番出入口方面）","2015-01-29 02:29:00.821542","2015-01-29 02:29:00.821542"
102,"1番線（渋谷方面）ホーム（浅草寄り）","2015-01-29 02:29:01.635566","2015-01-29 02:29:01.635566"
103,"外苑いちょう並木方面改札","2015-01-29 02:29:02.020578","2015-01-29 02:29:02.020578"
104,"2番線（浅草方面）ホーム（浅草寄り）","2015-01-29 02:29:02.834603","2015-01-29 02:29:02.834603"
105,"4番出入口（一部）","2015-01-29 02:29:03.957637","2015-01-29 02:29:03.957637"
106,"ホーム（浅草寄り）","2015-01-29 02:29:04.739661","2015-01-29 02:29:04.739661"
107,"銀座四丁目交差点改札","2015-01-29 02:29:06.280708","2015-01-29 02:29:06.280708"
108,"A7番出入口","2015-01-29 02:29:07.732752","2015-01-29 02:29:07.732752"
109,"B2番出入口","2015-01-29 02:29:08.381772","2015-01-29 02:29:08.381772"
110,"数寄屋橋交差点改札","2015-01-29 02:29:09.130795","2015-01-29 02:29:09.130795"
111,"ホーム（荻窪寄り）","2015-01-29 02:29:09.581809","2015-01-29 02:29:09.581809"
112,"ホーム（池袋寄り）","2015-01-29 02:29:10.484836","2015-01-29 02:29:10.484836"
113,"有楽町方面改札","2015-01-29 02:29:12.167888","2015-01-29 02:29:12.167888"
114,"日比谷方面改札","2015-01-29 02:29:13.576931","2015-01-29 02:29:13.576931"
115,"C1番出入口（一部）","2015-01-29 02:29:13.928941","2015-01-29 02:29:13.928941"
116,"数寄屋橋交差点","2015-01-29 02:29:14.688965","2015-01-29 02:29:14.688965"
117,"日比谷駅連絡通路","2015-01-29 02:29:15.018975","2015-01-29 02:29:15.018975"
118,"有楽町方面改札外","2015-01-29 02:29:15.524990","2015-01-29 02:29:15.524990"
119,"中央改札","2015-01-29 02:29:16.581022","2015-01-29 02:29:16.581022"
120,"ホーム（中目黒寄り）","2015-01-29 02:29:17.089038","2015-01-29 02:29:17.089038"
121,"B8番出入口","2015-01-29 02:29:23.042219","2015-01-29 02:29:23.042219"
122,"中二階（北千住寄り）","2015-01-29 02:29:26.630329","2015-01-29 02:29:26.630329"
123,"日比谷線乗り換え方面 地下2階","2015-01-29 02:29:27.445354","2015-01-29 02:29:27.445354"
124,"ホーム（新木場寄り）","2015-01-29 02:29:28.159375","2015-01-29 02:29:28.159375"
125,"銀座通り方面改札","2015-01-29 02:29:28.445384","2015-01-29 02:29:28.445384"
126,"1番線ホーム（新木場寄り）","2015-01-29 02:29:28.908398","2015-01-29 02:29:28.908398"
127,"2番線ホーム（新木場寄り）","2015-01-29 02:29:29.837427","2015-01-29 02:29:29.837427"
128,"2番線ホーム（和光市寄り）","2015-01-29 02:29:31.131466","2015-01-29 02:29:31.131466"
129,"7、8、9番出入口（一部）","2015-01-29 02:29:32.485507","2015-01-29 02:29:32.485507"
130,"10、11番出入口（一部）","2015-01-29 02:29:33.662543","2015-01-29 02:29:33.662543"
131,"地下1階コンコース","2015-01-29 02:29:34.654573","2015-01-29 02:29:34.654573"
132,"銀座通り方面改札内広場","2015-01-29 02:29:37.405657","2015-01-29 02:29:37.405657"
133,"音羽方面改札","2015-01-29 02:29:38.450689","2015-01-29 02:29:38.450689"
134,"護国寺方面改札","2015-01-29 02:29:39.759729","2015-01-29 02:29:39.759729"
135,"3、4番出入口（一部）","2015-01-29 02:29:41.167772","2015-01-29 02:29:41.167772"
136,"1番出入口（一部）","2015-01-29 02:29:42.170803","2015-01-29 02:29:42.170803"
137,"音羽方面改札内広場","2015-01-29 02:29:42.951827","2015-01-29 02:29:42.951827"
138,"護国寺方面改札外","2015-01-29 02:29:43.568845","2015-01-29 02:29:43.568845"
139,"2番線ホーム（西船橋寄り）","2015-01-29 02:29:47.541967","2015-01-29 02:29:47.541967"
140,"中央改札（EV専用）","2015-01-29 02:29:50.359052","2015-01-29 02:29:50.359052"
141,"半蔵門方面改札","2015-01-29 02:29:51.008072","2015-01-29 02:29:51.008072"
142,"番町方面改札","2015-01-29 02:29:52.010103","2015-01-29 02:29:52.010103"
143,"5番出入口","2015-01-29 02:29:53.628152","2015-01-29 02:29:53.628152"
144,"番町方面改札内広場","2015-01-29 02:29:56.389236","2015-01-29 02:29:56.389236"
145,"半蔵門方面改札内","2015-01-29 02:29:57.029256","2015-01-29 02:29:57.029256"
146,"八丁堀交差点方面改札","2015-01-29 02:29:58.071288","2015-01-29 02:29:58.071288"
147,"桜川公園方面改札","2015-01-29 02:29:59.087319","2015-01-29 02:29:59.087319"
148,"A2番出入口","2015-01-29 02:29:59.394328","2015-01-29 02:29:59.394328"
149,"A3番出入口","2015-01-29 02:30:00.055348","2015-01-29 02:30:00.055348"
150,"八丁堀交差点方面改札外","2015-01-29 02:30:01.024378","2015-01-29 02:30:01.024378"
151,"桜川公園方面改札外","2015-01-29 02:30:01.673398","2015-01-29 02:30:01.673398"
152,"2番出入口","2015-01-29 02:30:04.644488","2015-01-29 02:30:04.644488"
153,"1番線ホーム（中目黒寄り）","2015-01-29 02:30:10.577669","2015-01-29 02:30:10.577669"
154,"日比谷公園方面改札","2015-01-29 02:30:10.874678","2015-01-29 02:30:10.874678"
155,"2番線ホーム（中目黒寄り）","2015-01-29 02:30:11.358693","2015-01-29 02:30:11.358693"
156,"A6番出入口（ザ・ペニンシュラ東京内）","2015-01-29 02:30:15.361815","2015-01-29 02:30:15.361815"
157,"A4、A5番出入口（一部）","2015-01-29 02:30:16.024835","2015-01-29 02:30:16.024835"
158,"有楽町線・都営三田線連絡階千代田線連絡階","2015-01-29 02:30:17.003865","2015-01-29 02:30:17.003865"
159,"日比谷公園方面改札広場外","2015-01-29 02:30:17.531881","2015-01-29 02:30:17.531881"
160,"日比谷交差点方面改札","2015-01-29 02:30:18.709917","2015-01-29 02:30:18.709917"
161,"内幸町方面改札","2015-01-29 02:30:20.239964","2015-01-29 02:30:20.239964"
162,"有楽町線・都営三田線連絡階・日比谷線改札階","2015-01-29 02:30:21.175992","2015-01-29 02:30:21.175992"
163,"内幸町方面改札内","2015-01-29 02:30:21.626006","2015-01-29 02:30:21.626006"
164,"A10番 出入口付近広場","2015-01-29 02:30:22.385029","2015-01-29 02:30:22.385029"
165,"築地方面改札","2015-01-29 02:30:23.673069","2015-01-29 02:30:23.673069"
166,"三原橋方面改札","2015-01-29 02:30:25.379121","2015-01-29 02:30:25.379121"
167,"A1出入口","2015-01-29 02:30:27.547187","2015-01-29 02:30:27.547187"
168,"築地方面改札外","2015-01-29 02:30:28.142205","2015-01-29 02:30:28.142205"
169,"雑司が谷方面改札","2015-01-29 02:30:29.209237","2015-01-29 02:30:29.209237"
170,"西改札","2015-01-29 02:30:30.716283","2015-01-29 02:30:30.716283"
171,"雑司が谷方面改札内広場","2015-01-29 02:30:32.951351","2015-01-29 02:30:32.951351"
172,"1番線 和田方面改札","2015-01-29 02:30:33.986383","2015-01-29 02:30:33.986383"
173,"2番線 東高円寺駅前交差点改札","2015-01-29 02:30:34.712405","2015-01-29 02:30:34.712405"
174,"2番線ホーム（中央）","2015-01-29 02:30:35.372425","2015-01-29 02:30:35.372425"
175,"1番線ホーム（和光市寄り）","2015-01-29 02:30:36.616463","2015-01-29 02:30:36.616463"
176,"1番線ホーム（中央 和光市寄り）","2015-01-29 02:30:37.331485","2015-01-29 02:30:37.331485"
177,"2番線ホーム（中央 和光市寄り）","2015-01-29 02:30:39.532552","2015-01-29 02:30:39.532552"
178,"B2出口連絡通路階","2015-01-29 02:30:41.161602","2015-01-29 02:30:41.161602"
179,"B2出入口","2015-01-29 02:30:41.469611","2015-01-29 02:30:41.469611"
180,"1番線ホーム（中央）","2015-01-29 02:30:44.958718","2015-01-29 02:30:44.958718"
181,"1番線ホーム（中央 新木場寄り）","2015-01-29 02:30:46.125753","2015-01-29 02:30:46.125753"
182,"2番線ホーム（中央 新木場寄り）","2015-01-29 02:30:47.831805","2015-01-29 02:30:47.831805"
183,"1番線ホーム（中央 渋谷寄り）","2015-01-29 02:30:53.080965","2015-01-29 02:30:53.080965"
184,"2番線ホーム（中央 渋谷寄り）","2015-01-29 02:30:54.963023","2015-01-29 02:30:54.963023"
185,"2番出 入口","2015-01-29 02:30:58.154120","2015-01-29 02:30:58.154120"
186,"広尾方面改札口","2015-01-29 02:30:59.596164","2015-01-29 02:30:59.596164"
187,"2番線ホーム","2015-01-29 02:31:00.136181","2015-01-29 02:31:00.136181"
188,"西方面改札","2015-01-29 02:31:01.346217","2015-01-29 02:31:01.346217"
189,"市谷田町方面改札","2015-01-29 02:31:10.272490","2015-01-29 02:31:10.272490"
190,"市谷八幡方面改札","2015-01-29 02:31:10.953511","2015-01-29 02:31:10.953511"
191,"のりかえ改札階","2015-01-29 02:31:12.693564","2015-01-29 02:31:12.693564"
192,"九段方面改札内広場","2015-01-29 02:31:14.099606","2015-01-29 02:31:14.099606"
193,"5、6番出入口（一部）","2015-01-29 02:31:17.678716","2015-01-29 02:31:17.678716"
194,"7番出入口（一部）（一部くだりもあり）","2015-01-29 02:31:18.738748","2015-01-29 02:31:18.738748"
195,"市谷八幡方面改札内広場","2015-01-29 02:31:19.572773","2015-01-29 02:31:19.572773"
196,"飯田橋交差点方面改札","2015-01-29 02:31:20.628806","2015-01-29 02:31:20.628806"
197,"飯田橋1－4丁目方面改札","2015-01-29 02:31:26.373981","2015-01-29 02:31:26.373981"
198,"A5番出入口","2015-01-29 02:31:26.702991","2015-01-29 02:31:26.702991"
199,"飯田橋交差点方面改札内広場","2015-01-29 02:31:27.639019","2015-01-29 02:31:27.639019"
200,"飯田橋1－4丁目方面改札外","2015-01-29 02:31:28.299040","2015-01-29 02:31:28.299040"
201,"飯田橋方面改札","2015-01-29 02:31:29.100064","2015-01-29 02:31:29.100064"
202,"ホーム（中央・和光市寄り）","2015-01-29 02:31:30.490106","2015-01-29 02:31:30.490106"
203,"ホーム（中央・新木場寄り）","2015-01-29 02:31:32.603171","2015-01-29 02:31:32.603171"
204,"神楽坂下方面改札","2015-01-29 02:31:32.900180","2015-01-29 02:31:32.900180"
205,"B1番出入口（一部）","2015-01-29 02:31:35.068246","2015-01-29 02:31:35.068246"
206,"B2a番出入口","2015-01-29 02:31:36.036276","2015-01-29 02:31:36.036276"
207,"B3番出入口（一部）","2015-01-29 02:31:36.895302","2015-01-29 02:31:36.895302"
208,"B4a・B4b番出入口（一部）","2015-01-29 02:31:37.731327","2015-01-29 02:31:37.731327"
209,"南北線コンコース","2015-01-29 02:31:38.755358","2015-01-29 02:31:38.755358"
210,"神楽坂下改札内広場","2015-01-29 02:31:39.393378","2015-01-29 02:31:39.393378"
211,"ホーム（中央・赤羽岩淵寄り）","2015-01-29 02:31:41.573444","2015-01-29 02:31:41.573444"
212,"B4a・B 4b番出入口（一部）","2015-01-29 02:31:46.415592","2015-01-29 02:31:46.415592"
213,"ホーム（終端寄り）","2015-01-29 02:31:48.275649","2015-01-29 02:31:48.275649"
214,"中央通路西改札","2015-01-29 02:31:48.593659","2015-01-29 02:31:48.593659"
215,"中央通路東改札","2015-01-29 02:31:49.189677","2015-01-29 02:31:49.189677"
216,"34番出入口","2015-01-29 02:31:50.157706","2015-01-29 02:31:50.157706"
217,"35番出入口","2015-01-29 02:31:50.828727","2015-01-29 02:31:50.828727"
218,"中央通路東改札外広場","2015-01-29 02:31:51.609750","2015-01-29 02:31:51.609750"
219,"南通路西改札","2015-01-29 02:31:52.599781","2015-01-29 02:31:52.599781"
220,"南通路東改札","2015-01-29 02:31:53.997823","2015-01-29 02:31:53.997823"
221,"4番出入口（エソラ）","2015-01-29 02:31:55.725876","2015-01-29 02:31:55.725876"
222,"西通路東改札","2015-01-29 02:31:58.254953","2015-01-29 02:31:58.254953"
223,"西通路西改札","2015-01-29 02:31:59.130980","2015-01-29 02:31:59.130980"
224,"ホーム（中央・渋谷寄り）","2015-01-29 02:32:01.576054","2015-01-29 02:32:01.576054"
225,"丸ノ内線乗降階連絡通路","2015-01-29 02:32:02.902095","2015-01-29 02:32:02.902095"
226,"C9番出入口","2015-01-29 02:32:03.991128","2015-01-29 02:32:03.991128"
227,"丸ノ内線・有楽町線連絡階","2015-01-29 02:32:04.608147","2015-01-29 02:32:04.608147"
228,"C6番出入口","2015-01-29 02:32:05.510174","2015-01-29 02:32:05.510174"
229,"C7番出入口","2015-01-29 02:32:06.479204","2015-01-29 02:32:06.479204"
230,"C8番出入口","2015-01-29 02:32:07.359231","2015-01-29 02:32:07.359231"
231,"西通路東改札内中二階広場","2015-01-29 02:32:08.603269","2015-01-29 02:32:08.603269"
232,"下谷方面改札","2015-01-29 02:32:12.312382","2015-01-29 02:32:12.312382"
233,"下谷方面改札外","2015-01-29 02:32:14.315443","2015-01-29 02:32:14.315443"
234,"専修大学方面改札","2015-01-29 02:32:15.162469","2015-01-29 02:32:15.162469"
235,"ホーム（中央・押上寄り）","2015-01-29 02:32:16.483509","2015-01-29 02:32:16.483509"
236,"神保町交差点方面改札","2015-01-29 02:32:16.813519","2015-01-29 02:32:16.813519"
237,"A1･ A2番出入口（一部）","2015-01-29 02:32:19.064588","2015-01-29 02:32:19.064588"
238,"A5番出入口（一部）","2015-01-29 02:32:20.093619","2015-01-29 02:32:20.093619"
239,"A6･ A7番出入口（一部）","2015-01-29 02:32:21.028648","2015-01-29 02:32:21.028648"
240,"都営線乗換コンコース","2015-01-29 02:32:21.963676","2015-01-29 02:32:21.963676"
241,"都営新宿線連絡階","2015-01-29 02:32:23.350719","2015-01-29 02:32:23.350719"
242,"神楽坂方面改札","2015-01-29 02:32:24.539755","2015-01-29 02:32:24.539755"
243,"1、2番線（中野寄り）","2015-01-29 02:32:25.320779","2015-01-29 02:32:25.320779"
244,"矢来町方面改札","2015-01-29 02:32:25.628788","2015-01-29 02:32:25.628788"
245,"神楽坂方面改札内","2015-01-29 02:32:26.719821","2015-01-29 02:32:26.719821"
246,"虎ノ門方面改札","2015-01-29 02:32:27.609848","2015-01-29 02:32:27.609848"
247,"飯倉方面改札","2015-01-29 02:32:30.448935","2015-01-29 02:32:30.448935"
248,"メトロシティ神谷町","2015-01-29 02:32:32.286991","2015-01-29 02:32:32.286991"
249,"4a番出入口","2015-01-29 02:32:33.757036","2015-01-29 02:32:33.757036"
250,"要町方面改札","2015-01-29 02:32:36.448118","2015-01-29 02:32:36.448118"
251,"西池袋方面改札","2015-01-29 02:32:38.715187","2015-01-29 02:32:38.715187"
252,"1、2、3、4番出入口（一部）","2015-01-29 02:32:40.179232","2015-01-29 02:32:40.179232"
253,"要町方面改札内広場","2015-01-29 02:32:41.610275","2015-01-29 02:32:41.610275"
254,"西池袋方面改札内広場","2015-01-29 02:32:42.457301","2015-01-29 02:32:42.457301"
255,"須田町方面改札","2015-01-29 02:32:49.843527","2015-01-29 02:32:49.843527"
256,"地下鉄博物館方面改札","2015-01-29 02:32:56.402727","2015-01-29 02:32:56.402727"
257,"博物館出入口","2015-01-29 02:32:56.731737","2015-01-29 02:32:56.731737"
258,"中央口改札内広場","2015-01-29 02:32:57.700766","2015-01-29 02:32:57.700766"
259,"日比谷公園方面、桜田通り（農林水産省）方面、桜田通り方面改札","2015-01-29 02:32:58.720797","2015-01-29 02:32:58.720797"
260,"1番線ホーム（池袋寄り）","2015-01-29 02:32:59.659826","2015-01-29 02:32:59.659826"
261,"桜田通り方面改札","2015-01-29 02:33:00.826862","2015-01-29 02:33:00.826862"
262,"A1番出入口","2015-01-29 02:33:01.133871","2015-01-29 02:33:01.133871"
263,"B3a番出入口","2015-01-29 02:33:03.004928","2015-01-29 02:33:03.004928"
264,"桜田通り方面改札外","2015-01-29 02:33:03.478942","2015-01-29 02:33:03.478942"
265,"日比谷公園方面改札外","2015-01-29 02:33:04.193964","2015-01-29 02:33:04.193964"
266,"丸ノ内線乗換コンコース","2015-01-29 02:33:08.233087","2015-01-29 02:33:08.233087"
267,"コンコース内 （駅事務所付近）","2015-01-29 02:33:10.907169","2015-01-29 02:33:10.907169"
268,"千代田線乗換コンコース","2015-01-29 02:33:11.556189","2015-01-29 02:33:11.556189"
269,"桜田通り方面改札広場外（北千住寄り）","2015-01-29 02:33:12.129206","2015-01-29 02:33:12.129206"
270,"A11番出入口","2015-01-29 02:33:16.013325","2015-01-29 02:33:16.013325"
271,"A10番出入口（一部）","2015-01-29 02:33:16.619343","2015-01-29 02:33:16.619343"
272,"A11番出入口（一部）","2015-01-29 02:33:17.554372","2015-01-29 02:33:17.554372"
273,"A12、A13番出入口（一部）","2015-01-29 02:33:18.490400","2015-01-29 02:33:18.490400"
274,"C1番出入口","2015-01-29 02:33:19.569433","2015-01-29 02:33:19.569433"
275,"C2、C3番出入口（一部）","2015-01-29 02:33:21.021477","2015-01-29 02:33:21.021477"
276,"千代田線","2015-01-29 02:33:22.166512","2015-01-29 02:33:22.166512"
277,"日比谷線連絡コンコース","2015-01-29 02:33:22.496522","2015-01-29 02:33:22.496522"
278,"桜田通り方面改札内事務室となり","2015-01-29 02:33:23.014538","2015-01-29 02:33:23.014538"
279,"1番線ホーム東口改札","2015-01-29 02:33:23.939566","2015-01-29 02:33:23.939566"
280,"中央改札内","2015-01-29 02:33:24.576586","2015-01-29 02:33:24.576586"
281,"ホーム（中野寄り）","2015-01-29 02:33:25.204605","2015-01-29 02:33:25.204605"
282,"ホーム（中央中野寄り）","2015-01-29 02:33:27.328670","2015-01-29 02:33:27.328670"
283,"ホーム（中央西船橋寄り）","2015-01-29 02:33:28.977720","2015-01-29 02:33:28.977720"
284,"ホーム（西船橋寄り）","2015-01-29 02:33:29.914749","2015-01-29 02:33:29.914749"
285,"3、4a、4b番出入口","2015-01-29 02:33:30.893779","2015-01-29 02:33:30.893779"
286,"日比谷線1番線東口改札","2015-01-29 02:33:31.498797","2015-01-29 02:33:31.498797"
287,"西改札外","2015-01-29 02:33:31.972811","2015-01-29 02:33:31.972811"
288,"1番線ホーム北千住寄り","2015-01-29 02:33:32.610831","2015-01-29 02:33:32.610831"
289,"東西線ホーム","2015-01-29 02:33:33.293852","2015-01-29 02:33:33.293852"
290,"2番線ホーム北千住寄り","2015-01-29 02:33:34.083876","2015-01-29 02:33:34.083876"
291,"舟木橋方面改札（中二階）","2015-01-29 02:33:35.107907","2015-01-29 02:33:35.107907"
292,"沢海橋方面改札","2015-01-29 02:33:35.779928","2015-01-29 02:33:35.779928"
293,"舟木橋方面改札","2015-01-29 02:33:36.781958","2015-01-29 02:33:36.781958"
294,"4b番出入口","2015-01-29 02:33:37.738987","2015-01-29 02:33:37.738987"
295,"4a、4b番出入口（4a番は一部）","2015-01-29 02:33:40.855082","2015-01-29 02:33:40.855082"
296,"沢海橋方面改札外","2015-01-29 02:33:41.581105","2015-01-29 02:33:41.581105"
297,"2、3番出入口","2015-01-29 02:33:47.567287","2015-01-29 02:33:47.567287"
298,"ホーム（ホーム車庫寄り）","2015-01-29 02:33:49.945360","2015-01-29 02:33:49.945360"
299,"ホーム（ホーム中央）","2015-01-29 02:33:50.594379","2015-01-29 02:33:50.594379"
300,"ホーム北千住寄り","2015-01-29 02:33:56.889571","2015-01-29 02:33:56.889571"
301,"千代田線北通路","2015-01-29 02:33:57.197581","2015-01-29 02:33:57.197581"
302,"駅ビル（ルミネ）、千住ミルディス方面改札","2015-01-29 02:33:57.516591","2015-01-29 02:33:57.516591"
303,"ホーム中目黒寄り","2015-01-29 02:33:57.990605","2015-01-29 02:33:57.990605"
304,"東部スカイツリーラインホーム","2015-01-29 02:33:58.309615","2015-01-29 02:33:58.309615"
305,"1番出入口付近改札","2015-01-29 02:33:58.606624","2015-01-29 02:33:58.606624"
306,"千代田線ホーム","2015-01-29 02:33:58.936634","2015-01-29 02:33:58.936634"
307,"ホーム","2015-01-29 02:33:59.443649","2015-01-29 02:33:59.443649"
308,"千代田線南通路","2015-01-29 02:34:00.719688","2015-01-29 02:34:00.719688"
309,"千住警察署方面改札","2015-01-29 02:34:01.016697","2015-01-29 02:34:01.016697"
310,"ホーム中央","2015-01-29 02:34:01.688718","2015-01-29 02:34:01.688718"
311,"ホーム中央・中目黒寄り","2015-01-29 02:34:02.415740","2015-01-29 02:34:02.415740"
312,2F,"2015-01-29 02:34:02.711749","2015-01-29 02:34:02.711749"
313,"駅ビル（ルミネ）方面改札","2015-01-29 02:34:04.261796","2015-01-29 02:34:04.261796"
314,"地上（ルミネ）","2015-01-29 02:34:04.604807","2015-01-29 02:34:04.604807"
315,"千住ミルディス方面改札","2015-01-29 02:34:05.485834","2015-01-29 02:34:05.485834"
316,"地上（丸井）","2015-01-29 02:34:05.782843","2015-01-29 02:34:05.782843"
317,"北・中央改札","2015-01-29 02:34:06.586867","2015-01-29 02:34:06.586867"
318,"東口出入口","2015-01-29 02:34:06.893877","2015-01-29 02:34:06.893877"
319,"中央改札内広場","2015-01-29 02:34:07.642899","2015-01-29 02:34:07.642899"
320,"北改札内広場","2015-01-29 02:34:08.313920","2015-01-29 02:34:08.313920"
321,"西口駅前広場方面改札","2015-01-29 02:34:09.323951","2015-01-29 02:34:09.323951"
322,"5番出口","2015-01-29 02:34:14.324103","2015-01-29 02:34:14.324103"
323,"西口駅前広場方面改札内","2015-01-29 02:34:14.796118","2015-01-29 02:34:14.796118"
324,"清澄通り方面改札","2015-01-29 02:34:15.754147","2015-01-29 02:34:15.754147"
325,"三ツ目通り方面改札","2015-01-29 02:34:17.129189","2015-01-29 02:34:17.129189"
326,"地下1階","2015-01-29 02:34:17.839210","2015-01-29 02:34:17.839210"
327,"B1 番出入口","2015-01-29 02:34:18.758238","2015-01-29 02:34:18.758238"
328,"B2 番出入口","2015-01-29 02:34:19.726268","2015-01-29 02:34:19.726268"
329,"清澄通り方面改札内広場","2015-01-29 02:34:20.674297","2015-01-29 02:34:20.674297"
330,"三ツ目通り方面改札内広場","2015-01-29 02:34:21.345317","2015-01-29 02:34:21.345317"
331,"1番線ホームエレベーター口改札","2015-01-29 02:34:22.171342","2015-01-29 02:34:22.171342"
332,"2番線ホームエレベーター口改札","2015-01-29 02:34:22.787361","2015-01-29 02:34:22.787361"
333,"馬喰町方面改札外（駅事務室前）","2015-01-29 02:34:23.447381","2015-01-29 02:34:23.447381"
334,"麹町方面改札","2015-01-29 02:34:24.500414","2015-01-29 02:34:24.500414"
335,"2番線ホーム（中央・和光市寄り）","2015-01-29 02:34:28.521536","2015-01-29 02:34:28.521536"
336,"麹町方面改札外広場","2015-01-29 02:34:31.679632","2015-01-29 02:34:31.679632"
337,"番町方面改札内トイレ","2015-01-29 02:34:32.328652","2015-01-29 02:34:32.328652"
338,"1番線ホーム（第2車両付近）","2015-01-29 02:34:32.945671","2015-01-29 02:34:32.945671"
339,"国会議事堂方面改札","2015-01-29 02:34:33.241680","2015-01-29 02:34:33.241680"
340,"2番線ホーム（第2車両付近）","2015-01-29 02:34:33.737695","2015-01-29 02:34:33.737695"
341,"1番線ホーム（荻窪寄り）","2015-01-29 02:34:34.450717","2015-01-29 02:34:34.450717"
342,"2番線ホーム（第4車両付近）","2015-01-29 02:34:35.432747","2015-01-29 02:34:35.432747"
343,"国会議事堂方面改札外","2015-01-29 02:34:38.492840","2015-01-29 02:34:38.492840"
344,"永田町方面改札","2015-01-29 02:34:40.693907","2015-01-29 02:34:40.693907"
345,"南北線連絡通路","2015-01-29 02:34:43.378989","2015-01-29 02:34:43.378989"
346,"永田町方面改札内広場","2015-01-29 02:34:44.359019","2015-01-29 02:34:44.359019"
347,"南改札","2015-01-29 02:34:45.349049","2015-01-29 02:34:45.349049"
348,"ホーム（目黒寄り・中央）","2015-01-29 02:34:45.823064","2015-01-29 02:34:45.823064"
349,"北改札","2015-01-29 02:34:46.889096","2015-01-29 02:34:46.889096"
350,"北改札外コンコース","2015-01-29 02:34:49.707182","2015-01-29 02:34:49.707182"
351,"南改札内広場","2015-01-29 02:34:50.588209","2015-01-29 02:34:50.588209"
352,"後楽園方面改札","2015-01-29 02:34:51.611240","2015-01-29 02:34:51.611240"
353,"2番線ホーム（荻窪寄り）","2015-01-29 02:34:52.116256","2015-01-29 02:34:52.116256"
354,"B1（メトロ・エム後楽園出入口）","2015-01-29 02:34:54.352324","2015-01-29 02:34:54.352324"
355,"春日通り方面改札階","2015-01-29 02:34:54.661333","2015-01-29 02:34:54.661333"
356,"春日通り方面改札","2015-01-29 02:34:55.177349","2015-01-29 02:34:55.177349"
357,"後楽園方面改札内広場","2015-01-29 02:34:55.848370","2015-01-29 02:34:55.848370"
358,"都営線乗換連絡階","2015-01-29 02:34:57.455419","2015-01-29 02:34:57.455419"
359,"春日通り方面改札・小石川方面改札","2015-01-29 02:34:59.798490","2015-01-29 02:34:59.798490"
360,"丸ノ内線・6番出入口","2015-01-29 02:35:00.723518","2015-01-29 02:35:00.723518"
361,"小石川方面改札","2015-01-29 02:35:02.086560","2015-01-29 02:35:02.086560"
362,"8番出入口（一部）","2015-01-29 02:35:02.407570","2015-01-29 02:35:02.407570"
363,"春日通り方面改札内広場","2015-01-29 02:35:03.134592","2015-01-29 02:35:03.134592"
364,"小石川方面トイレ","2015-01-29 02:35:03.761611","2015-01-29 02:35:03.761611"
365,"1、2番線ホーム（新木場寄り）","2015-01-29 02:35:04.642638","2015-01-29 02:35:04.642638"
366,"小竹町・向原方面改札","2015-01-29 02:35:04.982648","2015-01-29 02:35:04.982648"
367,"3、4番線ホーム（新木場寄り）","2015-01-29 02:35:05.500664","2015-01-29 02:35:05.500664"
368,"1、2番線ホーム（和光市寄り）","2015-01-29 02:35:06.238686","2015-01-29 02:35:06.238686"
369,"小竹町・羽沢・小茂根方面改札","2015-01-29 02:35:06.567697","2015-01-29 02:35:06.567697"
370,"3、4番線ホーム（和光市寄り）","2015-01-29 02:35:08.098743","2015-01-29 02:35:08.098743"
371,"小茂根方面改札内","2015-01-29 02:35:11.267840","2015-01-29 02:35:11.267840"
372,"小竹町・向原方面改札内","2015-01-29 02:35:11.982862","2015-01-29 02:35:11.982862"
373,"神田神保町方面改札","2015-01-29 02:35:19.346086","2015-01-29 02:35:19.346086"
374,"富士見町方面改札","2015-01-29 02:35:20.006106","2015-01-29 02:35:20.006106"
375,"7番出入口","2015-01-29 02:35:20.336116","2015-01-29 02:35:20.336116"
376,"九段坂方面改札","2015-01-29 02:35:20.854132","2015-01-29 02:35:20.854132"
377,"1、2番出入口","2015-01-29 02:35:21.206143","2015-01-29 02:35:21.206143"
378,"半蔵門線・都営新宿線乗換階段","2015-01-29 02:35:25.520275","2015-01-29 02:35:25.520275"
379,"九段坂方面改札外広場","2015-01-29 02:35:26.533305","2015-01-29 02:35:26.533305"
380,"3番線ホーム（押上寄り）","2015-01-29 02:35:27.380331","2015-01-29 02:35:27.380331"
381,"4番線ホーム（押上寄り）","2015-01-29 02:35:27.996350","2015-01-29 02:35:27.996350"
382,"3番線ホーム（中央寄り）","2015-01-29 02:35:29.350391","2015-01-29 02:35:29.350391"
383,"九段下方面改札","2015-01-29 02:35:29.636400","2015-01-29 02:35:29.636400"
384,"3番線ホーム（渋谷寄り）","2015-01-29 02:35:30.594429","2015-01-29 02:35:30.594429"
385,"4番線ホーム（渋谷寄り）","2015-01-29 02:35:32.597490","2015-01-29 02:35:32.597490"
386,"B2F　2番出口付近","2015-01-29 02:35:35.579581","2015-01-29 02:35:35.579581"
387,"B2F　5番出口付近","2015-01-29 02:35:36.328604","2015-01-29 02:35:36.328604"
388,"東西線・都営新宿線乗換階段","2015-01-29 02:35:37.186630","2015-01-29 02:35:37.186630"
389,"銀座方面改札","2015-01-29 02:35:37.901652","2015-01-29 02:35:37.901652"
390,"2番出入口（第一生命相互館）","2015-01-29 02:35:38.209662","2015-01-29 02:35:38.209662"
391,"コンコース（中央）","2015-01-29 02:35:39.630705","2015-01-29 02:35:39.630705"
392,"コンコース（渋谷寄り）","2015-01-29 02:35:40.279725","2015-01-29 02:35:40.279725"
393,"地上ゆきエレベーター専用改札","2015-01-29 02:35:41.049748","2015-01-29 02:35:41.049748"
394,"1番線ホーム（綾瀬寄り）","2015-01-29 02:35:41.522763","2015-01-29 02:35:41.522763"
395,"町屋方面改札","2015-01-29 02:35:41.832772","2015-01-29 02:35:41.832772"
396,"2番線ホーム（綾瀬寄り）","2015-01-29 02:35:42.755800","2015-01-29 02:35:42.755800"
397,"1番線ホーム（一部）","2015-01-29 02:35:43.041809","2015-01-29 02:35:43.041809"
398,"2番線ホーム（代々木上原寄り）","2015-01-29 02:35:43.757831","2015-01-29 02:35:43.757831"
399,"エレベーター専用口（マークスタワー内）","2015-01-29 02:35:44.637858","2015-01-29 02:35:44.637858"
400,"町屋方面改札内広場","2015-01-29 02:35:45.969898","2015-01-29 02:35:45.969898"
401,"ホーム（武蔵小杉寄り）","2015-01-29 02:35:47.377941","2015-01-29 02:35:47.377941"
402,"アトレ目黒","2015-01-29 02:35:49.790015","2015-01-29 02:35:49.790015"
403,"正面出入口","2015-01-29 02:35:50.460035","2015-01-29 02:35:50.460035"
404,"明治通り方面改札","2015-01-29 02:35:52.143087","2015-01-29 02:35:52.143087"
405,"ホーム（中央･代々木上原寄り）","2015-01-29 02:35:53.013113","2015-01-29 02:35:53.013113"
406,"代々木公園方面改札","2015-01-29 02:35:53.299122","2015-01-29 02:35:53.299122"
407,"代々木公園方面改札内広場","2015-01-29 02:35:59.022296","2015-01-29 02:35:59.022296"
408,"明治通り方面改札内","2015-01-29 02:35:59.638315","2015-01-29 02:35:59.638315"
409,"神宮前交差点方面改札","2015-01-29 02:36:00.651346","2015-01-29 02:36:00.651346"
410,"地上ゆき","2015-01-29 02:36:03.831443","2015-01-29 02:36:03.831443"
411,"神宮前交差点方面改札内","2015-01-29 02:36:05.064481","2015-01-29 02:36:05.064481"
412,"1番線 杉並郵便局方面改札","2015-01-29 02:36:05.970508","2015-01-29 02:36:05.970508"
413,"2番線 杉並区役所方面改札","2015-01-29 02:36:06.616528","2015-01-29 02:36:06.616528"
414,"2a、2b出入口","2015-01-29 02:36:06.946538","2015-01-29 02:36:06.946538"
415,"北口出入口","2015-01-29 02:36:10.864658","2015-01-29 02:36:10.864658"
416,"南口出入口","2015-01-29 02:36:11.491677","2015-01-29 02:36:11.491677"
417,"JR南千住駅方面改札","2015-01-29 02:36:14.308763","2015-01-29 02:36:14.308763"
418,"中二階（中目黒寄り）","2015-01-29 02:36:17.589863","2015-01-29 02:36:17.589863"
419,"南改札（一部）","2015-01-29 02:36:17.974874","2015-01-29 02:36:17.974874"
420,"JR南千住駅方面改札内広場","2015-01-29 02:36:18.789899","2015-01-29 02:36:18.789899"
421,"東方面改札","2015-01-29 02:36:19.757929","2015-01-29 02:36:19.757929"
422,"2b番出入口","2015-01-29 02:36:21.385978","2015-01-29 02:36:21.385978"
423,"東方面改札内","2015-01-29 02:36:24.138062","2015-01-29 02:36:24.138062"
424,"1番線ホーム（入谷寄り）","2015-01-29 02:36:24.897085","2015-01-29 02:36:24.897085"
425,"三ノ輪交差点方面改札","2015-01-29 02:36:25.183094","2015-01-29 02:36:25.183094"
426,"2番線ホーム（入谷寄り）","2015-01-29 02:36:25.624108","2015-01-29 02:36:25.624108"
427,"エレベーター専用口 ※ 1番線ホーム（中目黒方面）側","2015-01-29 02:36:26.602138","2015-01-29 02:36:26.602138"
428,"エレベーター専用口 ※ 2番線ホーム（北千住方面）側","2015-01-29 02:36:27.285158","2015-01-29 02:36:27.285158"
429,"2番出入口改札外","2015-01-29 02:36:29.267219","2015-01-29 02:36:29.267219"
430,"室町三丁目方面改札","2015-01-29 02:36:30.708263","2015-01-29 02:36:30.708263"
431,"三越方面改札","2015-01-29 02:36:32.259310","2015-01-29 02:36:32.259310"
432,"A7番出入口脇","2015-01-29 02:36:33.228340","2015-01-29 02:36:33.228340"
433,"A9番出入口","2015-01-29 02:36:34.636383","2015-01-29 02:36:34.636383"
434,"コンコース（改札外）","2015-01-29 02:36:35.375405","2015-01-29 02:36:35.375405"
435,"常盤橋方面改札","2015-01-29 02:36:36.365435","2015-01-29 02:36:36.365435"
436,"日本橋方面改札","2015-01-29 02:36:37.333465","2015-01-29 02:36:37.333465"
437,"B4番出入口","2015-01-29 02:36:38.313495","2015-01-29 02:36:38.313495"
438,"日本橋方面改札内","2015-01-29 02:36:39.567533","2015-01-29 02:36:39.567533"
439,"富岡八幡宮方面改札","2015-01-29 02:36:40.360557","2015-01-29 02:36:40.360557"
440,"門前仲町交差点方面改札","2015-01-29 02:36:40.954575","2015-01-29 02:36:40.954575"
441,"門前仲町交差点方面改札内広場","2015-01-29 02:36:44.399680","2015-01-29 02:36:44.399680"
442,"富岡八幡宮方面改札内広場","2015-01-29 02:36:45.027699","2015-01-29 02:36:45.027699"
443,"1、2番線ホーム（西船橋寄り）","2015-01-29 02:36:45.654719","2015-01-29 02:36:45.654719"
444,"3、4番線ホーム（西船橋寄り）","2015-01-29 02:36:46.446743","2015-01-29 02:36:46.446743"
445,"1、2番線ホーム（中野寄り）","2015-01-29 02:36:47.979789","2015-01-29 02:36:47.979789"
446,"3、4番線ホーム（中野寄り）","2015-01-29 02:36:48.955819","2015-01-29 02:36:48.955819"
447,"2番線ホーム（池袋寄り）","2015-01-29 02:36:51.996912","2015-01-29 02:36:51.996912"
448,"中央口・小日向口改札内広場","2015-01-29 02:36:54.205979","2015-01-29 02:36:54.205979"
449,"半蔵門線・南北線連絡階","2015-01-29 02:36:55.141008","2015-01-29 02:36:55.141008"
450,"平河町方面改札","2015-01-29 02:36:55.449017","2015-01-29 02:36:55.449017"
451,"地上（都道府県会館）","2015-01-29 02:36:58.707117","2015-01-29 02:36:58.707117"
452,"5番出入口（一部）","2015-01-29 02:36:59.356136","2015-01-29 02:36:59.356136"
453,"平河町方面改札内広場","2015-01-29 02:37:00.941185","2015-01-29 02:37:00.941185"
454,"銀座線･丸ノ内線連絡階","2015-01-29 02:37:01.968216","2015-01-29 02:37:01.968216"
455,"有楽町線・南北線連絡階","2015-01-29 02:37:03.109251","2015-01-29 02:37:03.109251"
456,"7、8番出入口方面（B1F）","2015-01-29 02:37:04.837304","2015-01-29 02:37:04.837304"
457,B1F,"2015-01-29 02:37:05.608327","2015-01-29 02:37:05.608327"
458,"有楽町線・半蔵門線連絡階目黒寄り広場","2015-01-29 02:37:07.192375","2015-01-29 02:37:07.192375"
459,"有楽町線・半蔵門線連絡階","2015-01-29 02:37:07.996400","2015-01-29 02:37:07.996400"
460,"紀尾井町方面改札","2015-01-29 02:37:09.947459","2015-01-29 02:37:09.947459"
461,"踊り場（B1F）","2015-01-29 02:37:11.264500","2015-01-29 02:37:11.264500"
462,"9a番出入口","2015-01-29 02:37:12.222529","2015-01-29 02:37:12.222529"
463,"有楽町線・半蔵門線連絡階目黒寄り広場（閉鎖中）","2015-01-29 02:37:12.971552","2015-01-29 02:37:12.971552"
464,"1、2番線ホーム（菊名寄り）","2015-01-29 02:37:13.785577","2015-01-29 02:37:13.785577"
465,"3、4番線ホーム（菊名寄り）","2015-01-29 02:37:14.489598","2015-01-29 02:37:14.489598"
466,"コンコース","2015-01-29 02:37:17.581692","2015-01-29 02:37:17.581692"
467,"南口改札","2015-01-29 02:37:18.737728","2015-01-29 02:37:18.737728"
468,"南口改札内","2015-01-29 02:37:19.244743","2015-01-29 02:37:19.244743"
469,"1番線ホーム（方南町寄り）","2015-01-29 02:37:19.995766","2015-01-29 02:37:19.995766"
470,"改札階","2015-01-29 02:37:20.299775","2015-01-29 02:37:20.299775"
471,"2番線ホーム（方南町寄り）","2015-01-29 02:37:20.851792","2015-01-29 02:37:20.851792"
472,"改札外広場","2015-01-29 02:37:21.500812","2015-01-29 02:37:21.500812"
473,"1、2番線ホーム（荻窪寄り）","2015-01-29 02:37:22.347838","2015-01-29 02:37:22.347838"
474,"本町方面改札","2015-01-29 02:37:22.677848","2015-01-29 02:37:22.677848"
475,"3番線ホーム（荻窪寄り）","2015-01-29 02:37:23.162863","2015-01-29 02:37:23.162863"
476,"1、2番線ホーム（池袋寄り）","2015-01-29 02:37:24.625907","2015-01-29 02:37:24.625907"
477,"中野坂上交差点方面改札","2015-01-29 02:37:24.944917","2015-01-29 02:37:24.944917"
478,"3番線ホーム中央","2015-01-29 02:37:25.671939","2015-01-29 02:37:25.671939"
479,"3番線ホーム（池袋寄り）","2015-01-29 02:37:26.562966","2015-01-29 02:37:26.562966"
480,"本町方面改札外","2015-01-29 02:37:29.667061","2015-01-29 02:37:29.667061"
481,"JR御徒町駅方面改札（一部）","2015-01-29 02:37:32.297141","2015-01-29 02:37:32.297141"
482,"JR御徒町駅方面改札","2015-01-29 02:37:33.078165","2015-01-29 02:37:33.078165"
483,"JR御徒町駅方面改札内広場","2015-01-29 02:37:36.325264","2015-01-29 02:37:36.325264"
484,"改札内（中二階）","2015-01-29 02:37:36.919282","2015-01-29 02:37:36.919282"
485,"不忍池方面改札","2015-01-29 02:37:37.701306","2015-01-29 02:37:37.701306"
486,"根津交差点方面改札","2015-01-29 02:37:39.084348","2015-01-29 02:37:39.084348"
487,"根津交差点方面改札内広場","2015-01-29 02:37:40.386388","2015-01-29 02:37:40.386388"
488,"不忍池方面改札内広場","2015-01-29 02:37:41.003407","2015-01-29 02:37:41.003407"
489,"2番線ホーム（浅草寄り）","2015-01-29 02:37:41.785431","2015-01-29 02:37:41.785431"
490,"日本橋交差点改札","2015-01-29 02:37:42.100440","2015-01-29 02:37:42.100440"
491,"1番線ホーム（浅草寄り）","2015-01-29 02:37:42.565454","2015-01-29 02:37:42.565454"
492,"B12番出入口（コレド日本橋）","2015-01-29 02:37:43.643487","2015-01-29 02:37:43.643487"
493,"高島屋方面改札","2015-01-29 02:37:44.393510","2015-01-29 02:37:44.393510"
494,"B0番出入口（日本興亜日本橋ビル）","2015-01-29 02:37:44.722520","2015-01-29 02:37:44.722520"
495,"1番線ホーム（浅草寄り）※ 東西線連絡通路","2015-01-29 02:37:45.969558","2015-01-29 02:37:45.969558"
496,"銀座線乗換（1番線ホーム）（一部）","2015-01-29 02:37:48.343631","2015-01-29 02:37:48.343631"
497,"呉服橋交差点方面改札","2015-01-29 02:37:50.457695","2015-01-29 02:37:50.457695"
498,"東西線ホーム（西船橋寄り）改札","2015-01-29 02:37:52.118746","2015-01-29 02:37:52.118746"
499,"江戸橋一丁目交差点方面改札","2015-01-29 02:37:52.437755","2015-01-29 02:37:52.437755"
500,"A4番出入口","2015-01-29 02:37:53.956802","2015-01-29 02:37:53.956802"
501,"江戸橋口改札内","2015-01-29 02:37:54.583821","2015-01-29 02:37:54.583821"
502,"呉服橋口改札内","2015-01-29 02:37:55.222840","2015-01-29 02:37:55.222840"
503,"改札（自動改札機専用口）","2015-01-29 02:37:56.212871","2015-01-29 02:37:56.212871"
504,"皇居・二重橋方面改札","2015-01-29 02:37:57.665915","2015-01-29 02:37:57.665915"
505,"5番出入口（三菱商事ビル内）","2015-01-29 02:37:58.666945","2015-01-29 02:37:58.666945"
506,"3番出入口（丸の内マイプラザ内）","2015-01-29 02:37:59.524972","2015-01-29 02:37:59.524972"
507,"JR東京駅方面改札","2015-01-29 02:38:01.078019","2015-01-29 02:38:01.078019"
508,"7番出入口（一部）","2015-01-29 02:38:02.332057","2015-01-29 02:38:02.332057"
509,"皇居・二重橋方面改札内","2015-01-29 02:38:03.609096","2015-01-29 02:38:03.609096"
510,"人形町交差点方面改札","2015-01-29 02:38:04.468122","2015-01-29 02:38:04.468122"
511,"A6番出入口","2015-01-29 02:38:05.303148","2015-01-29 02:38:05.303148"
512,"A4番出入口（一部）","2015-01-29 02:38:05.997169","2015-01-29 02:38:05.997169"
513,"人形町交差点方面改札外","2015-01-29 02:38:06.734191","2015-01-29 02:38:06.734191"
514,"5、6番線ホーム（西船橋寄り）","2015-01-29 02:38:07.516215","2015-01-29 02:38:07.516215"
515,"7、8番線ホーム（西船橋寄り）","2015-01-29 02:38:08.154235","2015-01-29 02:38:08.154235"
516,"5、6番線ホーム（中央）","2015-01-29 02:38:08.748253","2015-01-29 02:38:08.748253"
517,"JR線乗換コンコース","2015-01-29 02:38:09.045262","2015-01-29 02:38:09.045262"
518,"7、8番線ホーム（中央）","2015-01-29 02:38:09.838286","2015-01-29 02:38:09.838286"
519,"南口（中野寄り）出入口","2015-01-29 02:38:11.954351","2015-01-29 02:38:11.954351"
520,"南出入口","2015-01-29 02:38:22.132661","2015-01-29 02:38:22.132661"
521,"北、南出入口","2015-01-29 02:38:22.747680","2015-01-29 02:38:22.747680"
522,"1番線ホーム経由","2015-01-29 02:38:24.739741","2015-01-29 02:38:24.739741"
523,"JR線のりかえ改札・三河島方面改札","2015-01-29 02:38:25.080751","2015-01-29 02:38:25.080751"
524,"2番線ホーム（中央 綾瀬寄り）","2015-01-29 02:38:25.686769","2015-01-29 02:38:25.686769"
525,"2番線ホーム 綾瀬寄り","2015-01-29 02:38:26.500794","2015-01-29 02:38:26.500794"
526,"三河島方面改札","2015-01-29 02:38:27.260817","2015-01-29 02:38:27.260817"
527,"JR線のりかえ改札","2015-01-29 02:38:28.030841","2015-01-29 02:38:28.030841"
528,"JR線連絡コンコース","2015-01-29 02:38:28.327850","2015-01-29 02:38:28.327850"
529,"道灌山方面改札","2015-01-29 02:38:29.109874","2015-01-29 02:38:29.109874"
530,"1番線ホーム代々木上原寄り","2015-01-29 02:38:30.650921","2015-01-29 02:38:30.650921"
531,"1番線ホーム（中央 池袋寄り）","2015-01-29 02:38:32.586980","2015-01-29 02:38:32.586980"
532,"1番線ホーム（中央 荻窪寄り）","2015-01-29 02:38:33.523008","2015-01-29 02:38:33.523008"
533,"2番線ホーム（中央 池袋寄り）","2015-01-29 02:38:34.635042","2015-01-29 02:38:34.635042"
534,"2番線ホーム（中央 荻窪寄り）","2015-01-29 02:38:35.625073","2015-01-29 02:38:35.625073"
535,"1番（一部）","2015-01-29 02:38:37.506130","2015-01-29 02:38:37.506130"
536,"早大理工方面改札","2015-01-29 02:38:40.269214","2015-01-29 02:38:40.269214"
537,"早大理工方面改札3番出入口","2015-01-29 02:38:44.804353","2015-01-29 02:38:44.804353"
538,"北改札内","2015-01-29 02:38:45.607377","2015-01-29 02:38:45.607377"
539,"外苑東通り方面改札","2015-01-29 02:38:47.213426","2015-01-29 02:38:47.213426"
540,"外苑東通り方面改札内広場","2015-01-29 02:38:49.690502","2015-01-29 02:38:49.690502"
541,"東京医科歯科大学方面改札","2015-01-29 02:38:50.582529","2015-01-29 02:38:50.582529"
542,"JR御茶ノ水駅方面改札","2015-01-29 02:38:51.548558","2015-01-29 02:38:51.548558"
543,"東京医科歯科大学方面改札内ホーム","2015-01-29 02:38:52.221579","2015-01-29 02:38:52.221579"
544,"山手通り方面改札","2015-01-29 02:38:53.003603","2015-01-29 02:38:53.003603"
545,"2a番出入口","2015-01-29 02:38:53.751625","2015-01-29 02:38:53.751625"
546,"小滝橋方面改札内","2015-01-29 02:38:55.149668","2015-01-29 02:38:55.149668"
547,"改札（EV専用）","2015-01-29 02:38:55.952693","2015-01-29 02:38:55.952693"
548,"JR荻窪駅方面改札","2015-01-29 02:38:56.745717","2015-01-29 02:38:56.745717"
549,"南口b出入口","2015-01-29 02:38:57.691746","2015-01-29 02:38:57.691746"
550,"西口出入口","2015-01-29 02:38:58.396767","2015-01-29 02:38:58.396767"
551,"JR荻窪駅方面改札外広場","2015-01-29 02:38:59.815810","2015-01-29 02:38:59.815810"
552,"1番線ホーム（赤羽岩淵寄り）","2015-01-29 02:39:06.320009","2015-01-29 02:39:06.320009"
553,"改札口","2015-01-29 02:39:06.793023","2015-01-29 02:39:06.793023"
554,"2番線ホーム（赤羽岩淵寄り）","2015-01-29 02:39:07.267038","2015-01-29 02:39:07.267038"
555,"1番線ホーム（目黒寄り）","2015-01-29 02:39:07.953059","2015-01-29 02:39:07.953059"
556,"2番線ホーム（目黒寄り）","2015-01-29 02:39:08.797084","2015-01-29 02:39:08.797084"
557,"改札内広場（駅事務室付近）","2015-01-29 02:39:12.517198","2015-01-29 02:39:12.517198"
558,"3、4番線ホーム（中央）","2015-01-29 02:39:13.375224","2015-01-29 02:39:13.375224"
559,"青山学院、青山通り方面改札","2015-01-29 02:39:13.694234","2015-01-29 02:39:13.694234"
560,"3、4番線ホーム（浅草寄り）","2015-01-29 02:39:14.695264","2015-01-29 02:39:14.695264"
561,"3、4番線ホーム（渋谷寄り）","2015-01-29 02:39:15.653293","2015-01-29 02:39:15.653293"
562,"5、6番線ホーム（浅草寄り）","2015-01-29 02:39:16.644324","2015-01-29 02:39:16.644324"
563,"5、6番線ホーム（渋谷寄り）","2015-01-29 02:39:17.635354","2015-01-29 02:39:17.635354"
564,"B3番出入口","2015-01-29 02:39:18.790389","2015-01-29 02:39:18.790389"
565,"青山学院方面改札外","2015-01-29 02:39:20.727448","2015-01-29 02:39:20.727448"
566,"B4番出入口付近コンコース","2015-01-29 02:39:21.421469","2015-01-29 02:39:21.421469"
567,"表参道交差点改札","2015-01-29 02:39:22.443500","2015-01-29 02:39:22.443500"
568,"ホーム中央（代々木上原寄り）","2015-01-29 02:39:22.917515","2015-01-29 02:39:22.917515"
569,"ホーム中央（綾瀬寄り）","2015-01-29 02:39:23.655537","2015-01-29 02:39:23.655537"
570,"神宮前・原宿方面改札","2015-01-29 02:39:24.722570","2015-01-29 02:39:24.722570"
571,"A1出入口付近口","2015-01-29 02:39:25.602597","2015-01-29 02:39:25.602597"
572,"B4番出入口付近","2015-01-29 02:39:27.539656","2015-01-29 02:39:27.539656"
573,"神宮前、原宿方面改札内広場","2015-01-29 02:39:28.288679","2015-01-29 02:39:28.288679"
574,"表参道交差点改札外広場","2015-01-29 02:39:28.926698","2015-01-29 02:39:28.926698"
575,"1、2番線ホーム（中央）","2015-01-29 02:39:37.235952","2015-01-29 02:39:37.235952"
576,"押上方面改札","2015-01-29 02:39:37.543961","2015-01-29 02:39:37.543961"
577,"1、2番線ホーム（曳舟寄り）","2015-01-29 02:39:39.393017","2015-01-29 02:39:39.393017"
578,"業平方面改札","2015-01-29 02:39:40.504051","2015-01-29 02:39:40.504051"
579,"3、4番線ホーム（曳舟寄り）","2015-01-29 02:39:42.101100","2015-01-29 02:39:42.101100"
580,"押上方面改札内広場","2015-01-29 02:39:44.423171","2015-01-29 02:39:44.423171"
581,"丸の内方面改札","2015-01-29 02:39:45.413201","2015-01-29 02:39:45.413201"
582,"半蔵門線ホーム","2015-01-29 02:39:46.414232","2015-01-29 02:39:46.414232"
583,"A5番出入口（野村ビル）","2015-01-29 02:39:47.372261","2015-01-29 02:39:47.372261"
584,"東西線連絡通路方面","2015-01-29 02:39:48.109283","2015-01-29 02:39:48.109283"
585,"1番線荻窪寄り","2015-01-29 02:39:48.913308","2015-01-29 02:39:48.913308"
586,"中央東改札","2015-01-29 02:39:49.661331","2015-01-29 02:39:49.661331"
587,"B2c出入口（オアゾビル）","2015-01-29 02:39:53.315442","2015-01-29 02:39:53.315442"
588,"JR東京駅丸の内口","2015-01-29 02:39:54.019464","2015-01-29 02:39:54.019464"
589,"B1出入口（永楽ビル）","2015-01-29 02:39:54.613482","2015-01-29 02:39:54.613482"
590,"6番出入口（JR東京駅八重洲口）","2015-01-29 02:39:56.000524","2015-01-29 02:39:56.000524"
591,"大手町タワー","2015-01-29 02:39:56.947553","2015-01-29 02:39:56.947553"
592,"丸ノ内線連絡通路方面","2015-01-29 02:39:58.586603","2015-01-29 02:39:58.586603"
593,"中央改札前","2015-01-29 02:39:59.955645","2015-01-29 02:39:59.955645"
594,"連絡通路","2015-01-29 02:40:01.195682","2015-01-29 02:40:01.195682"
595,"千代田線丸の内方面改札","2015-01-29 02:40:01.844702","2015-01-29 02:40:01.844702"
596,"ホーム（中央・代々木上原寄り）","2015-01-29 02:40:02.560724","2015-01-29 02:40:02.560724"
597,"半蔵門線乗換コンコース","2015-01-29 02:40:05.685819","2015-01-29 02:40:05.685819"
598,"神田橋方面改札","2015-01-29 02:40:07.347870","2015-01-29 02:40:07.347870"
599,"C2 b番出入口（大手町カンファレンスセンター）","2015-01-29 02:40:08.293899","2015-01-29 02:40:08.293899"
600,"千代田線丸ノ内方面改札","2015-01-29 02:40:09.703942","2015-01-29 02:40:09.703942"
601,"東西線連絡通路","2015-01-29 02:40:10.106954","2015-01-29 02:40:10.106954"
602,"東西線西改札","2015-01-29 02:40:10.725973","2015-01-29 02:40:10.725973"
603,"千代田線乗換通路","2015-01-29 02:40:12.048013","2015-01-29 02:40:12.048013"
604,"皇居方面改札","2015-01-29 02:40:12.729034","2015-01-29 02:40:12.729034"
605,"千代田線乗換","2015-01-29 02:40:13.401055","2015-01-29 02:40:13.401055"
606,"サンケイ前交差点方面改札","2015-01-29 02:40:15.228110","2015-01-29 02:40:15.228110"
607,"丸ノ内線乗換","2015-01-29 02:40:16.240141","2015-01-29 02:40:16.240141"
608,"E1番出入口（東京サンケイビル）","2015-01-29 02:40:18.001195","2015-01-29 02:40:18.001195"
609,"皇居方面改札内","2015-01-29 02:40:18.828220","2015-01-29 02:40:18.828220"
610,"西麻布方面改札","2015-01-29 02:40:19.828251","2015-01-29 02:40:19.828251"
611,"六本木交差点方面改札","2015-01-29 02:40:20.918284","2015-01-29 02:40:20.918284"
612,"六本木ヒルズ","2015-01-29 02:40:24.274386","2015-01-29 02:40:24.274386"
613,"ホーム（中央･赤羽岩淵寄り）","2015-01-29 02:40:29.469545","2015-01-29 02:40:29.469545"
614,"（泉ガーデン）","2015-01-29 02:40:31.461605","2015-01-29 02:40:31.461605"
615,"1番出入口（六本木ティーキューブ）","2015-01-29 02:40:31.758615","2015-01-29 02:40:31.758615"
616,"1、2、3番出入口","2015-01-29 02:40:33.120656","2015-01-29 02:40:33.120656"
617,"国会議事堂方面改札内広場","2015-01-29 02:40:39.738858","2015-01-29 02:40:39.738858"
618,"皇居方面改札内広場","2015-01-29 02:40:40.387878","2015-01-29 02:40:40.387878"
619,"1、2番線（中央付近）","2015-01-29 02:40:41.136901","2015-01-29 02:40:41.136901"
620,"エレベーター専用改札","2015-01-29 02:40:41.465911","2015-01-29 02:40:41.465911"
621,"団子坂方面改札","2015-01-29 02:40:43.028958","2015-01-29 02:40:43.028958"
622,"東急百貨店方面改札","2015-01-29 02:40:52.725254","2015-01-29 02:40:52.725254"
623,"地上（東急百貨店出入口）","2015-01-29 02:40:53.022263","2015-01-29 02:40:53.022263"
624,"ハチ公前交差点改札（乗車ホーム）","2015-01-29 02:40:53.474277","2015-01-29 02:40:53.474277"
625,"（渋谷マークシティ）","2015-01-29 02:40:53.781286","2015-01-29 02:40:53.781286"
626,"ハチ公前交差点改札","2015-01-29 02:40:54.486308","2015-01-29 02:40:54.486308"
627,"乗車ホーム","2015-01-29 02:40:54.793317","2015-01-29 02:40:54.793317"
628,"宮益坂方面改札","2015-01-29 02:40:55.267332","2015-01-29 02:40:55.267332"
629,"降車ホーム","2015-01-29 02:40:55.586341","2015-01-29 02:40:55.586341"
630,"副都心線連絡通路（B4F）","2015-01-29 02:40:56.279362","2015-01-29 02:40:56.279362"
631,"宮益坂東改札・宮益坂中央改札（B2F）、渋谷ヒカリエ1改札（B3F）","2015-01-29 02:40:56.609372","2015-01-29 02:40:56.609372"
632,"ホーム（中央林間寄り）","2015-01-29 02:40:57.083387","2015-01-29 02:40:57.083387"
633,"道玄坂改札","2015-01-29 02:40:57.391396","2015-01-29 02:40:57.391396"
634,"渋谷ヒカリエ1改札（B3F）","2015-01-29 02:40:58.228422","2015-01-29 02:40:58.228422"
635,"宮益坂中央改札・宮益坂東改札","2015-01-29 02:40:59.174451","2015-01-29 02:40:59.174451"
636,"ハチ公改札","2015-01-29 02:41:01.034507","2015-01-29 02:41:01.034507"
637,"渋谷ヒカリエ 1改札","2015-01-29 02:41:01.738529","2015-01-29 02:41:01.738529"
638,"15番出入口","2015-01-29 02:41:02.179542","2015-01-29 02:41:02.179542"
639,"宮益坂東改札","2015-01-29 02:41:02.608555","2015-01-29 02:41:02.608555"
640,"13a番出入口","2015-01-29 02:41:02.938566","2015-01-29 02:41:02.938566"
641,"9番出入口","2015-01-29 02:41:03.576585","2015-01-29 02:41:03.576585"
642,"道玄坂改札内広場","2015-01-29 02:41:05.998659","2015-01-29 02:41:05.998659"
643,"宮益坂下交差点・渋谷地下鉄ビル方面改札外","2015-01-29 02:41:07.021690","2015-01-29 02:41:07.021690"
644,"渋谷ヒカリエ 1、渋谷ヒカリエ 2改札","2015-01-29 02:41:09.211757","2015-01-29 02:41:09.211757"
645,"3、4番線ホーム（中央 渋谷寄り）","2015-01-29 02:41:09.817775","2015-01-29 02:41:09.817775"
646,"3、4番線ホーム（中央 池袋寄り）","2015-01-29 02:41:11.611830","2015-01-29 02:41:11.611830"
647,"3、4番線ホーム（池袋寄り）","2015-01-29 02:41:12.689863","2015-01-29 02:41:12.689863"
648,"宮益坂中央改札","2015-01-29 02:41:13.151877","2015-01-29 02:41:13.151877"
649,"5、6番線ホーム（中央 渋谷寄り）","2015-01-29 02:41:14.913931","2015-01-29 02:41:14.913931"
650,"5、6番線ホーム（中央 池袋寄り）","2015-01-29 02:41:16.717986","2015-01-29 02:41:16.717986"
651,"5、6番線ホーム（池袋寄り）","2015-01-29 02:41:17.797019","2015-01-29 02:41:17.797019"
652,"渋谷ヒカリエ1、渋谷ヒカリエ2改札","2015-01-29 02:41:18.876052","2015-01-29 02:41:18.876052"
653,"10番出入口（一部）","2015-01-29 02:41:20.151090","2015-01-29 02:41:20.151090"
654,"11番出入口（一部）","2015-01-29 02:41:21.075119","2015-01-29 02:41:21.075119"
655,"12番出入口（一部）","2015-01-29 02:41:22.022148","2015-01-29 02:41:22.022148"
656,"13番出入口","2015-01-29 02:41:22.878174","2015-01-29 02:41:22.878174"
657,"14番出入口","2015-01-29 02:41:23.761201","2015-01-29 02:41:23.761201"
658,"宮益坂東改札内中二階広場","2015-01-29 02:41:24.609226","2015-01-29 02:41:24.609226"
659,"副都心線連絡階（B4F）","2015-01-29 02:41:25.313248","2015-01-29 02:41:25.313248"
660,"新橋交差点方面改札、JR新橋駅方面改札","2015-01-29 02:41:26.359280","2015-01-29 02:41:26.359280"
661,"西新橋方面改札","2015-01-29 02:41:27.492314","2015-01-29 02:41:27.492314"
662,"JR新橋駅方面改札","2015-01-29 02:41:29.143365","2015-01-29 02:41:29.143365"
663,"新橋交差点方面・JR新橋駅方面改札内広場","2015-01-29 02:41:29.804385","2015-01-29 02:41:29.804385"
664,"A15番出入口","2015-01-29 02:41:36.220581","2015-01-29 02:41:36.220581"
665,"東改札外広場","2015-01-29 02:41:36.859600","2015-01-29 02:41:36.859600"
666,"2番線ホーム新宿一丁目方面改札","2015-01-29 02:41:37.640624","2015-01-29 02:41:37.640624"
667,"新宿門方面改札","2015-01-29 02:41:38.278643","2015-01-29 02:41:38.278643"
668,"新宿方面改札","2015-01-29 02:41:39.532682","2015-01-29 02:41:39.532682"
669,"伊勢丹方面改札","2015-01-29 02:41:41.227733","2015-01-29 02:41:41.227733"
670,"B4番出入口・伊勢丹","2015-01-29 02:41:42.262765","2015-01-29 02:41:42.262765"
671,"B5番出入口（一部）","2015-01-29 02:41:43.967817","2015-01-29 02:41:43.967817"
672,"伊勢丹方面改札外広場","2015-01-29 02:41:44.793842","2015-01-29 02:41:44.793842"
673,"新宿三丁目交差点方面改札","2015-01-29 02:41:45.845874","2015-01-29 02:41:45.845874"
674,"新伊勢丹改札","2015-01-29 02:41:48.777964","2015-01-29 02:41:48.777964"
675,"丸ノ内線ホーム階","2015-01-29 02:41:50.341011","2015-01-29 02:41:50.341011"
676,"E1番出入口","2015-01-29 02:41:51.419044","2015-01-29 02:41:51.419044"
677,"E5番出入口","2015-01-29 02:41:52.132066","2015-01-29 02:41:52.132066"
678,"E6番出入口","2015-01-29 02:41:52.740084","2015-01-29 02:41:52.740084"
679,"E8番出入口","2015-01-29 02:41:53.345103","2015-01-29 02:41:53.345103"
680,"新宿地下歩道 E9番出入口","2015-01-29 02:41:53.973122","2015-01-29 02:41:53.973122"
681,"E10番出入口","2015-01-29 02:41:54.600141","2015-01-29 02:41:54.600141"
682,"E7番出入口","2015-01-29 02:41:56.174189","2015-01-29 02:41:56.174189"
683,"E8番出入口（一部）","2015-01-29 02:41:57.318224","2015-01-29 02:41:57.318224"
684,"E5番出入口（一部）","2015-01-29 02:41:58.276253","2015-01-29 02:41:58.276253"
685,"新宿三丁目交差点方面改札内","2015-01-29 02:41:59.069277","2015-01-29 02:41:59.069277"
686,"出入口（一部）","2015-01-29 02:42:03.457411","2015-01-29 02:42:03.457411"
687,"1番線 梅里方面改札","2015-01-29 02:42:05.166463","2015-01-29 02:42:05.166463"
688,"2番線 エレベーター専用改札口","2015-01-29 02:42:05.838484","2015-01-29 02:42:05.838484"
689,"1番線 杉山公園交差点南改札","2015-01-29 02:42:07.965549","2015-01-29 02:42:07.965549"
690,"2番線 鍋屋横丁交差点北改札","2015-01-29 02:42:08.544566","2015-01-29 02:42:08.544566"
691,"1番出入口改札内","2015-01-29 02:42:09.183586","2015-01-29 02:42:09.183586"
692,"2番出入口改札内","2015-01-29 02:42:09.844606","2015-01-29 02:42:09.844606"
693,"聖橋方面改札","2015-01-29 02:42:10.910639","2015-01-29 02:42:10.910639"
694,"小川町交差点方面改札","2015-01-29 02:42:11.614660","2015-01-29 02:42:11.614660"
695,"B2番出入口（御茶ノ水ソラシティ方面）","2015-01-29 02:42:13.640722","2015-01-29 02:42:13.640722"
696,"B3b出入口","2015-01-29 02:42:14.333743","2015-01-29 02:42:14.333743"
697,"ホーム（代々木上原寄り","2015-01-29 02:42:16.975824","2015-01-29 02:42:16.975824"
698,"小川町交差点方面改札内","2015-01-29 02:42:17.646844","2015-01-29 02:42:17.646844"
699,"聖橋方面改札内","2015-01-29 02:42:18.460869","2015-01-29 02:42:18.460869"
700,"1番線ホーム改札内池袋寄り","2015-01-29 02:42:21.707968","2015-01-29 02:42:21.707968"
701,"明石町方面・中央区役所方面改札","2015-01-29 02:42:22.973006","2015-01-29 02:42:22.973006"
702,"中央区役所方面改札","2015-01-29 02:42:27.420142","2015-01-29 02:42:27.420142"
703,"明石町方面改札","2015-01-29 02:42:28.895187","2015-01-29 02:42:28.895187"
704,"4、5、6、7番出入口（一部）","2015-01-29 02:42:29.225197","2015-01-29 02:42:29.225197"
705,"明石町方面改札外広場","2015-01-29 02:42:30.146225","2015-01-29 02:42:30.146225"
706,"日吉坂方面改札","2015-01-29 02:42:31.469266","2015-01-29 02:42:31.469266"
707,"白金台交差点方面改札","2015-01-29 02:42:33.531328","2015-01-29 02:42:33.531328"
708,"日吉坂方面改札内広場","2015-01-29 02:42:40.073528","2015-01-29 02:42:40.073528"
709,"3番線ホーム（中央）","2015-01-29 02:42:41.419569","2015-01-29 02:42:41.419569"
710,"3番線ホーム（赤羽岩淵寄り）","2015-01-29 02:42:43.774641","2015-01-29 02:42:43.774641"
711,"3番線ホーム（目黒寄り）","2015-01-29 02:42:44.710669","2015-01-29 02:42:44.710669"
712,"連絡階","2015-01-29 02:42:45.777702","2015-01-29 02:42:45.777702"
713,"連絡階（港区駐輪場）","2015-01-29 02:42:46.624728","2015-01-29 02:42:46.624728"
714,"3、4番出入口","2015-01-29 02:42:48.990800","2015-01-29 02:42:48.990800"
715,"改札（1番線）","2015-01-29 02:42:50.554848","2015-01-29 02:42:50.554848"
716,"改札（2番線）","2015-01-29 02:42:51.181867","2015-01-29 02:42:51.181867"
717,"シティエアターミナル方面改札","2015-01-29 02:42:52.655912","2015-01-29 02:42:52.655912"
718,"水天宮方面改札","2015-01-29 02:42:53.283931","2015-01-29 02:42:53.283931"
719,"5、6、7、8番出入口（一部）","2015-01-29 02:42:58.302084","2015-01-29 02:42:58.302084"
720,"1a、1b、2、3番出入口（一部）","2015-01-29 02:42:59.259113","2015-01-29 02:42:59.259113"
721,"シティエアターミナル方面改札内広場","2015-01-29 02:43:00.096139","2015-01-29 02:43:00.096139"
722,"猿江方面改札","2015-01-29 02:43:01.065168","2015-01-29 02:43:01.065168"
723,"1番線ホーム（押上寄り）","2015-01-29 02:43:01.560183","2015-01-29 02:43:01.560183"
724,"住吉方面改札","2015-01-29 02:43:01.948195","2015-01-29 02:43:01.948195"
725,"2番線ホーム（押上寄り）","2015-01-29 02:43:04.455272","2015-01-29 02:43:04.455272"
726,"B1番出入口","2015-01-29 02:43:07.041351","2015-01-29 02:43:07.041351"
727,"猿江方面・住吉方面改札","2015-01-29 02:43:08.009380","2015-01-29 02:43:08.009380"
728,"猿江方面改札内広場","2015-01-29 02:43:10.541457","2015-01-29 02:43:10.541457"
729,"JR線、西武新宿線方面改札","2015-01-29 02:43:11.508487","2015-01-29 02:43:11.508487"
730,"中野寄りコンコース","2015-01-29 02:43:14.623582","2015-01-29 02:43:14.623582"
731,"竹橋方面改札","2015-01-29 02:43:16.043625","2015-01-29 02:43:16.043625"
732,"大手町方面改札","2015-01-29 02:43:17.177660","2015-01-29 02:43:17.177660"
733,"竹橋方面改札内","2015-01-29 02:43:18.443698","2015-01-29 02:43:18.443698"
734,"大手町方面改札内","2015-01-29 02:43:19.070717","2015-01-29 02:43:19.070717"
735,"溜池交差点方面改札","2015-01-29 02:43:19.818740","2015-01-29 02:43:19.818740"
736,"ホーム（中央寄り）","2015-01-29 02:43:20.291755","2015-01-29 02:43:20.291755"
737,"地下2階","2015-01-29 02:43:22.112810","2015-01-29 02:43:22.112810"
738,"13番出入口（一部）","2015-01-29 02:43:23.703859","2015-01-29 02:43:23.703859"
739,"1 0 ","2015-01-29 02:43:24.726890","2015-01-29 02:43:24.726890"
740,"13番出入口連絡通路階","2015-01-29 02:43:25.023899","2015-01-29 02:43:25.023899"
741,"溜池交差点方面改札内広場","2015-01-29 02:43:25.486913","2015-01-29 02:43:25.486913"
742,"赤坂方面改札","2015-01-29 02:43:26.509944","2015-01-29 02:43:26.509944"
743,"赤坂方面改札内広場（閉鎖中）","2015-01-29 02:43:32.862138","2015-01-29 02:43:32.862138"
744,"改札（1番線ホーム）","2015-01-29 02:43:39.332335","2015-01-29 02:43:39.332335"
745,"改札（2番線ホーム）","2015-01-29 02:43:40.017356","2015-01-29 02:43:40.017356"
746,"エレベーター専用口（丸ビル方面）","2015-01-29 02:43:48.995630","2015-01-29 02:43:48.995630"
747,"大手町方面改札外","2015-01-29 02:43:50.404673","2015-01-29 02:43:50.404673"
748,"1番線ホーム、虎ノ門交差点方面改札","2015-01-29 02:43:51.174697","2015-01-29 02:43:51.174697"
749,"2番線ホーム、西新橋方面改札","2015-01-29 02:43:51.801716","2015-01-29 02:43:51.801716"
750,"10番出入口（虎ノ門実業会館）","2015-01-29 02:43:52.120725","2015-01-29 02:43:52.120725"
751,"2番線ホーム、虎ノ門交差点方面改札","2015-01-29 02:43:53.199758","2015-01-29 02:43:53.199758"
752,"虎ノ門交差点方面改札","2015-01-29 02:43:55.003813","2015-01-29 02:43:55.003813"
753,"2番線ホーム中央付近","2015-01-29 02:43:55.499828","2015-01-29 02:43:55.499828"
754,"豊洲駅前交差点改札","2015-01-29 02:44:02.478041","2015-01-29 02:44:02.478041"
755,"1、2番線ホーム（月島・新木場寄り）","2015-01-29 02:44:03.479072","2015-01-29 02:44:03.479072"
756,"3、4番線ホーム（月島・新木場寄り）","2015-01-29 02:44:05.240126","2015-01-29 02:44:05.240126"
757,"ららぽーと方面改札","2015-01-29 02:44:07.727201","2015-01-29 02:44:07.727201"
758,"1c番出入口","2015-01-29 02:44:08.750233","2015-01-29 02:44:08.750233"
759,"6b番出入口（一部）","2015-01-29 02:44:09.983270","2015-01-29 02:44:09.983270"
760,"1a番出入口（一部）","2015-01-29 02:44:11.161306","2015-01-29 02:44:11.161306"
761,"中央・豊洲駅前交差点改札内広場","2015-01-29 02:44:15.322433","2015-01-29 02:44:15.322433"
762,"ららぽーと方面改札内広場","2015-01-29 02:44:15.981453","2015-01-29 02:44:15.981453"
763,"築地本願寺方面改札","2015-01-29 02:44:16.763477","2015-01-29 02:44:16.763477"
764,"築地本願寺方面改札外（1番出入口側）","2015-01-29 02:44:17.809509","2015-01-29 02:44:17.809509"
765,"コンコース4、5番出入口付近","2015-01-29 02:44:24.027699","2015-01-29 02:44:24.027699"
766,"JR上野駅方面改札","2015-01-29 02:44:25.182734","2015-01-29 02:44:25.182734"
767,"JR上野駅コンコース","2015-01-29 02:44:27.306799","2015-01-29 02:44:27.306799"
768,"JR上野駅方面改札内","2015-01-29 02:44:28.131824","2015-01-29 02:44:28.131824"
769,"昭和通り南方面改札","2015-01-29 02:44:29.650870","2015-01-29 02:44:29.650870"
770,"昭和通り北方面改札","2015-01-29 02:44:30.376892","2015-01-29 02:44:30.376892"
771,"昭和通り南方面改札階","2015-01-29 02:44:31.973941","2015-01-29 02:44:31.973941"
772,"エレベーター専用口改札外","2015-01-29 02:44:32.567959","2015-01-29 02:44:32.567959"
773,"1、2番線連絡通路","2015-01-29 02:44:34.604021","2015-01-29 02:44:34.604021"
774,"早稲田大学方面改札","2015-01-29 02:44:46.270377","2015-01-29 02:44:46.270377"
775,"早稲田大学穴八幡方面改札","2015-01-29 02:44:46.886396","2015-01-29 02:44:46.886396"
776,"1番線ホーム側（早稲田大学方面改札）","2015-01-29 02:44:47.458413","2015-01-29 02:44:47.458413"
777,"赤坂方面改札（地上）","2015-01-29 02:44:49.340471","2015-01-29 02:44:49.340471"
778,"ホーム（中央・目黒寄り）","2015-01-29 02:44:49.847486","2015-01-29 02:44:49.847486"
779,"麹町方面改札階","2015-01-29 02:44:50.815516","2015-01-29 02:44:50.815516"
780,"丸ノ内線・赤坂方面改札","2015-01-29 02:44:51.145526","2015-01-29 02:44:51.145526"
781,"2番出入口（一部）、3番出入口","2015-01-29 02:44:52.058553","2015-01-29 02:44:52.058553"
782,"麹町方面改札内広場","2015-01-29 02:44:52.796576","2015-01-29 02:44:52.796576"
783,"舟町方面改札","2015-01-29 02:44:53.632601","2015-01-29 02:44:53.632601"
784,"左門町方面改札（連絡通路経由）","2015-01-29 02:44:54.468627","2015-01-29 02:44:54.468627"
785,"2番線ホーム側改札外","2015-01-29 02:44:55.140647","2015-01-29 02:44:55.140647"
786,"代々木八幡方面改札","2015-01-29 02:44:56.559691","2015-01-29 02:44:56.559691"
787,"代々木公園方面改札外","2015-01-29 02:44:58.728757","2015-01-29 02:44:58.728757"
788,"代々木八幡方面改札外","2015-01-29 02:44:59.377777","2015-01-29 02:44:59.377777"
789,"北口出入口、南口出入口（一部）","2015-01-29 02:45:02.348867","2015-01-29 02:45:02.348867"
790,"JR有楽町駅方面改札","2015-01-29 02:45:06.146983","2015-01-29 02:45:06.146983"
791,"駅中央D2番出入口付近","2015-01-29 02:45:08.139044","2015-01-29 02:45:08.139044"
792,"天神下交差点方面改札","2015-01-29 02:45:08.931068","2015-01-29 02:45:08.931068"
793,"外神田方面改札","2015-01-29 02:45:10.472115","2015-01-29 02:45:10.472115"
794,"天神下交差点方面改札外","2015-01-29 02:45:11.803156","2015-01-29 02:45:11.803156"
795,"池袋方面改札","2015-01-29 02:45:12.816187","2015-01-29 02:45:12.816187"
796,"目白通り方面改札","2015-01-29 02:45:13.454206","2015-01-29 02:45:13.454206"
797,"エレーベーター口","2015-01-29 02:45:17.064316","2015-01-29 02:45:17.064316"
798,"池袋方面改札内","2015-01-29 02:45:19.836401","2015-01-29 02:45:19.836401"
799,"目白通り方面改札内","2015-01-29 02:45:20.520422","2015-01-29 02:45:20.520422"
