1,33,2,,1,"2015-01-29 02:45:37.243932","2015-01-29 02:45:37.243932"
2,33,9,,5,"2015-01-29 02:45:37.402936","2015-01-29 02:45:37.402936"
3,33,8,,10,"2015-01-29 02:45:37.556941","2015-01-29 02:45:37.556941"
4,33,10,,15,"2015-01-29 02:45:37.721946","2015-01-29 02:45:37.721946"
5,34,2,4,1,"2015-01-29 02:45:39.112989","2015-01-29 02:45:39.112989"
6,35,2,4,1,"2015-01-29 02:45:39.453999","2015-01-29 02:45:39.453999"
7,36,2,,1,"2015-01-29 02:45:39.781009","2015-01-29 02:45:39.781009"
8,37,2,4,1,"2015-01-29 02:45:40.633035","2015-01-29 02:45:40.633035"
9,39,2,,1,"2015-01-29 02:45:41.688067","2015-01-29 02:45:41.688067"
10,39,9,,5,"2015-01-29 02:45:41.850072","2015-01-29 02:45:41.850072"
11,39,8,,10,"2015-01-29 02:45:42.058078","2015-01-29 02:45:42.058078"
12,39,10,,15,"2015-01-29 02:45:42.245084","2015-01-29 02:45:42.245084"
13,40,2,3,1,"2015-01-29 02:45:43.383119","2015-01-29 02:45:43.383119"
14,41,2,,1,"2015-01-29 02:45:43.680128","2015-01-29 02:45:43.680128"
15,42,2,3,1,"2015-01-29 02:45:44.175143","2015-01-29 02:45:44.175143"
16,43,2,3,1,"2015-01-29 02:45:44.938166","2015-01-29 02:45:44.938166"
17,45,8,,10,"2015-01-29 02:45:45.418181","2015-01-29 02:45:45.418181"
18,45,10,,15,"2015-01-29 02:45:45.569185","2015-01-29 02:45:45.569185"
19,45,9,,5,"2015-01-29 02:45:45.726190","2015-01-29 02:45:45.726190"
20,47,1,,1,"2015-01-29 02:45:47.056231","2015-01-29 02:45:47.056231"
21,48,1,2,1,"2015-01-29 02:45:47.697250","2015-01-29 02:45:47.697250"
22,49,1,2,1,"2015-01-29 02:45:48.019260","2015-01-29 02:45:48.019260"
23,50,1,,1,"2015-01-29 02:45:48.324270","2015-01-29 02:45:48.324270"
24,51,8,,10,"2015-01-29 02:45:49.212297","2015-01-29 02:45:49.212297"
25,51,10,,15,"2015-01-29 02:45:49.369301","2015-01-29 02:45:49.369301"
26,51,9,,5,"2015-01-29 02:45:49.509306","2015-01-29 02:45:49.509306"
27,52,1,,1,"2015-01-29 02:45:50.566338","2015-01-29 02:45:50.566338"
28,53,1,1,1,"2015-01-29 02:45:50.914348","2015-01-29 02:45:50.914348"
29,54,1,1,1,"2015-01-29 02:45:51.263359","2015-01-29 02:45:51.263359"
30,55,1,,1,"2015-01-29 02:45:51.623370","2015-01-29 02:45:51.623370"
31,56,1,1,1,"2015-01-29 02:45:52.168387","2015-01-29 02:45:52.168387"
32,57,18,,6,"2015-01-29 02:45:53.244420","2015-01-29 02:45:53.244420"
33,57,69,,8,"2015-01-29 02:45:53.397424","2015-01-29 02:45:53.397424"
34,58,18,,6,"2015-01-29 02:45:54.223449","2015-01-29 02:45:54.223449"
35,58,69,,8,"2015-01-29 02:45:54.384454","2015-01-29 02:45:54.384454"
36,59,18,,6,"2015-01-29 02:45:55.200479","2015-01-29 02:45:55.200479"
37,59,69,,8,"2015-01-29 02:45:55.353484","2015-01-29 02:45:55.353484"
38,64,14,,8,"2015-01-29 02:45:56.740526","2015-01-29 02:45:56.740526"
39,65,18,,6,"2015-01-29 02:45:57.756557","2015-01-29 02:45:57.756557"
40,65,69,,8,"2015-01-29 02:45:57.976564","2015-01-29 02:45:57.976564"
41,66,18,,6,"2015-01-29 02:45:58.548581","2015-01-29 02:45:58.548581"
42,66,69,,8,"2015-01-29 02:45:58.691586","2015-01-29 02:45:58.691586"
43,67,18,,6,"2015-01-29 02:45:59.448609","2015-01-29 02:45:59.448609"
44,67,69,,8,"2015-01-29 02:45:59.590613","2015-01-29 02:45:59.590613"
45,72,14,,8,"2015-01-29 02:46:00.937654","2015-01-29 02:46:00.937654"
46,73,9,,3,"2015-01-29 02:46:01.594674","2015-01-29 02:46:01.594674"
47,73,15,,5,"2015-01-29 02:46:01.772680","2015-01-29 02:46:01.772680"
48,75,9,,3,"2015-01-29 02:46:03.354728","2015-01-29 02:46:03.354728"
49,75,15,,5,"2015-01-29 02:46:03.497732","2015-01-29 02:46:03.497732"
50,76,9,,3,"2015-01-29 02:46:04.114751","2015-01-29 02:46:04.114751"
51,76,15,,5,"2015-01-29 02:46:04.271756","2015-01-29 02:46:04.271756"
52,79,9,,3,"2015-01-29 02:46:05.048780","2015-01-29 02:46:05.048780"
53,79,15,,10,"2015-01-29 02:46:05.214785","2015-01-29 02:46:05.214785"
54,81,9,,3,"2015-01-29 02:46:06.227816","2015-01-29 02:46:06.227816"
55,81,15,,10,"2015-01-29 02:46:06.391821","2015-01-29 02:46:06.391821"
56,86,1,,2,"2015-01-29 02:46:07.639859","2015-01-29 02:46:07.639859"
57,88,15,,3,"2015-01-29 02:46:08.828895","2015-01-29 02:46:08.828895"
58,89,15,,3,"2015-01-29 02:46:09.276909","2015-01-29 02:46:09.276909"
59,90,1,,2,"2015-01-29 02:46:09.609919","2015-01-29 02:46:09.609919"
60,91,1,,2,"2015-01-29 02:46:10.442944","2015-01-29 02:46:10.442944"
61,93,1,,2,"2015-01-29 02:46:11.634980","2015-01-29 02:46:11.634980"
62,96,1,,2,"2015-01-29 02:46:12.912019","2015-01-29 02:46:12.912019"
63,98,15,,3,"2015-01-29 02:46:14.122056","2015-01-29 02:46:14.122056"
64,99,15,,3,"2015-01-29 02:46:14.626072","2015-01-29 02:46:14.626072"
65,100,1,,2,"2015-01-29 02:46:14.948082","2015-01-29 02:46:14.948082"
66,101,1,,2,"2015-01-29 02:46:15.716105","2015-01-29 02:46:15.716105"
67,103,1,,2,"2015-01-29 02:46:16.870140","2015-01-29 02:46:16.870140"
68,105,12,,5,"2015-01-29 02:46:17.832169","2015-01-29 02:46:17.832169"
69,108,12,,5,"2015-01-29 02:46:18.811199","2015-01-29 02:46:18.811199"
70,110,55,,4,"2015-01-29 02:46:20.018236","2015-01-29 02:46:20.018236"
71,111,12,,5,"2015-01-29 02:46:21.141270","2015-01-29 02:46:21.141270"
72,114,12,,5,"2015-01-29 02:46:22.311306","2015-01-29 02:46:22.311306"
73,116,55,,4,"2015-01-29 02:46:23.378339","2015-01-29 02:46:23.378339"
74,122,6,,12,"2015-01-29 02:46:25.213395","2015-01-29 02:46:25.213395"
75,122,14,,4,"2015-01-29 02:46:25.378400","2015-01-29 02:46:25.378400"
76,128,6,,12,"2015-01-29 02:46:27.175454","2015-01-29 02:46:27.175454"
77,128,14,,4,"2015-01-29 02:46:27.347460","2015-01-29 02:46:27.347460"
78,138,7,20,4,"2015-01-29 02:46:32.055603","2015-01-29 02:46:32.055603"
79,142,6,15,4,"2015-01-29 02:46:34.318672","2015-01-29 02:46:34.318672"
80,142,35,,4,"2015-01-29 02:46:34.482677","2015-04-13 20:58:06.630700"
81,153,7,20,4,"2015-01-29 02:46:38.702806","2015-01-29 02:46:38.702806"
82,154,7,20,4,"2015-01-29 02:46:39.534831","2015-01-29 02:46:39.534831"
83,155,15,,10,"2015-01-29 02:46:40.510861","2015-01-29 02:46:40.510861"
84,157,15,,10,"2015-01-29 02:46:41.985906","2015-01-29 02:46:41.985906"
85,159,15,,10,"2015-01-29 02:46:43.185943","2015-01-29 02:46:43.185943"
86,160,15,,10,"2015-01-29 02:46:44.175973","2015-01-29 02:46:44.175973"
87,161,15,,10,"2015-01-29 02:46:44.956997","2015-01-29 02:46:44.956997"
88,163,15,,10,"2015-01-29 02:46:46.014029","2015-01-29 02:46:46.014029"
89,165,15,,10,"2015-01-29 02:46:47.129063","2015-01-29 02:46:47.129063"
90,166,15,,10,"2015-01-29 02:46:48.127093","2015-01-29 02:46:48.127093"
91,269,18,,4,"2015-01-29 02:47:26.362260","2015-01-29 02:47:26.362260"
92,277,18,,4,"2015-01-29 02:47:29.242347","2015-01-29 02:47:29.242347"
93,317,2,,5,"2015-01-29 02:47:43.585785","2015-01-29 02:47:43.585785"
94,317,4,,3,"2015-01-29 02:47:43.738790","2015-01-29 02:47:43.738790"
95,318,2,,5,"2015-01-29 02:47:44.873824","2015-01-29 02:47:44.873824"
96,318,4,,3,"2015-01-29 02:47:45.026829","2015-01-29 02:47:45.026829"
97,319,2,,5,"2015-01-29 02:47:45.856854","2015-01-29 02:47:45.856854"
98,319,4,,3,"2015-01-29 02:47:46.040860","2015-01-29 02:47:46.040860"
99,323,2,,5,"2015-01-29 02:47:47.856915","2015-01-29 02:47:47.856915"
100,323,4,,3,"2015-01-29 02:47:48.031920","2015-01-29 02:47:48.031920"
101,324,2,,5,"2015-01-29 02:47:48.791944","2015-01-29 02:47:48.791944"
102,324,4,,3,"2015-01-29 02:47:48.969949","2015-01-29 02:47:48.969949"
103,325,2,,5,"2015-01-29 02:47:49.818975","2015-01-29 02:47:49.818975"
104,325,4,,3,"2015-01-29 02:47:49.989980","2015-01-29 02:47:49.989980"
105,328,1,,5,"2015-01-29 02:47:52.016042","2015-01-29 02:47:52.016042"
106,328,4,,3,"2015-01-29 02:47:52.185047","2015-01-29 02:47:52.185047"
107,331,1,,5,"2015-01-29 02:47:54.200109","2015-01-29 02:47:54.200109"
108,331,4,,3,"2015-01-29 02:47:54.349113","2015-01-29 02:47:54.349113"
109,334,1,,5,"2015-01-29 02:47:56.749186","2015-01-29 02:47:56.749186"
110,334,4,,3,"2015-01-29 02:47:56.902191","2015-01-29 02:47:56.902191"
111,337,1,,5,"2015-01-29 02:47:58.785248","2015-01-29 02:47:58.785248"
112,337,4,,3,"2015-01-29 02:47:58.938253","2015-01-29 02:47:58.938253"
113,339,1,,3,"2015-01-29 02:48:00.558303","2015-01-29 02:48:00.558303"
114,346,2,,3,"2015-01-29 02:48:04.155412","2015-01-29 02:48:04.155412"
115,347,1,,3,"2015-01-29 02:48:05.014438","2015-01-29 02:48:05.014438"
116,354,2,,3,"2015-01-29 02:48:08.558547","2015-01-29 02:48:08.558547"
117,442,36,,7,"2015-01-29 02:48:41.617555","2015-04-13 20:57:26.268707"
118,450,36,,7,"2015-01-29 02:48:44.272636","2015-04-13 20:57:26.423711"
119,497,8,,7,"2015-01-29 02:49:01.257154","2015-01-29 02:49:01.257154"
120,497,13,,6,"2015-01-29 02:49:01.430159","2015-01-29 02:49:01.430159"
121,498,6,,2,"2015-01-29 02:49:02.861203","2015-01-29 02:49:02.861203"
122,505,8,,7,"2015-01-29 02:49:05.359279","2015-01-29 02:49:05.359279"
123,505,13,,6,"2015-01-29 02:49:05.523284","2015-01-29 02:49:05.523284"
124,506,6,,2,"2015-01-29 02:49:06.570316","2015-01-29 02:49:06.570316"
125,513,8,,7,"2015-01-29 02:49:09.442403","2015-01-29 02:49:09.442403"
126,513,13,,6,"2015-01-29 02:49:09.595408","2015-01-29 02:49:09.595408"
127,515,8,,7,"2015-01-29 02:49:11.115454","2015-01-29 02:49:11.115454"
128,515,13,,6,"2015-01-29 02:49:11.279459","2015-01-29 02:49:11.279459"
129,516,4,,2,"2015-01-29 02:49:12.359492","2015-01-29 02:49:12.359492"
130,523,8,,7,"2015-01-29 02:49:14.417555","2015-01-29 02:49:14.417555"
131,523,13,,6,"2015-01-29 02:49:14.570560","2015-01-29 02:49:14.570560"
132,525,8,,7,"2015-01-29 02:49:15.760596","2015-01-29 02:49:15.760596"
133,525,13,,6,"2015-01-29 02:49:15.957602","2015-01-29 02:49:15.957602"
134,526,4,,2,"2015-01-29 02:49:16.915631","2015-01-29 02:49:16.915631"
135,529,12,37,3,"2015-01-29 02:49:18.228671","2015-01-29 02:49:18.228671"
136,531,12,37,3,"2015-01-29 02:49:19.384707","2015-01-29 02:49:19.384707"
137,534,12,38,3,"2015-01-29 02:49:20.551742","2015-01-29 02:49:20.551742"
138,537,12,37,3,"2015-01-29 02:49:22.268795","2015-01-29 02:49:22.268795"
139,539,12,37,3,"2015-01-29 02:49:23.291826","2015-01-29 02:49:23.291826"
140,542,12,38,3,"2015-01-29 02:49:24.402860","2015-01-29 02:49:24.402860"
141,577,15,,8,"2015-01-29 02:49:38.521290","2015-01-29 02:49:38.521290"
142,578,15,,8,"2015-01-29 02:49:39.125309","2015-01-29 02:49:39.125309"
143,580,15,,8,"2015-01-29 02:49:40.102339","2015-01-29 02:49:40.102339"
144,581,15,,8,"2015-01-29 02:49:40.897363","2015-01-29 02:49:40.897363"
145,582,15,,8,"2015-01-29 02:49:41.689387","2015-01-29 02:49:41.689387"
146,585,15,,8,"2015-01-29 02:49:42.548413","2015-01-29 02:49:42.548413"
147,587,15,,8,"2015-01-29 02:49:43.351438","2015-01-29 02:49:43.351438"
148,590,15,,8,"2015-01-29 02:49:44.474472","2015-01-29 02:49:44.474472"
149,593,15,,8,"2015-01-29 02:49:45.530504","2015-01-29 02:49:45.530504"
150,594,15,,8,"2015-01-29 02:49:46.411531","2015-01-29 02:49:46.411531"
151,658,15,,8,"2015-01-29 02:50:09.205226","2015-01-29 02:50:09.205226"
152,659,15,,8,"2015-01-29 02:50:10.162255","2015-01-29 02:50:10.162255"
153,660,15,,8,"2015-01-29 02:50:10.910278","2015-01-29 02:50:10.910278"
154,664,15,,8,"2015-01-29 02:50:12.186317","2015-01-29 02:50:12.186317"
155,665,15,,8,"2015-01-29 02:50:12.968341","2015-01-29 02:50:12.968341"
156,666,15,,8,"2015-01-29 02:50:13.794366","2015-01-29 02:50:13.794366"
157,681,10,,5,"2015-01-29 02:50:20.342566","2015-01-29 02:50:20.342566"
158,686,10,,5,"2015-01-29 02:50:22.158621","2015-01-29 02:50:22.158621"
159,686,14,,3,"2015-01-29 02:50:22.308626","2015-01-29 02:50:22.308626"
160,686,29,,3,"2015-01-29 02:50:22.476631","2015-04-13 20:58:18.398990"
161,688,14,,3,"2015-01-29 02:50:23.655667","2015-01-29 02:50:23.655667"
162,688,29,,3,"2015-01-29 02:50:23.830672","2015-04-13 20:58:18.552994"
163,691,10,,5,"2015-01-29 02:50:25.460722","2015-01-29 02:50:25.460722"
164,696,10,,5,"2015-01-29 02:50:27.110772","2015-01-29 02:50:27.110772"
165,696,14,,3,"2015-01-29 02:50:27.297778","2015-01-29 02:50:27.297778"
166,696,29,,3,"2015-01-29 02:50:27.462783","2015-04-13 20:58:18.684997"
167,698,14,,3,"2015-01-29 02:50:28.453813","2015-01-29 02:50:28.453813"
168,698,29,,3,"2015-01-29 02:50:28.606818","2015-04-13 20:58:18.860001"
169,703,8,,5,"2015-01-29 02:50:30.324870","2015-01-29 02:50:30.324870"
170,705,8,,5,"2015-01-29 02:50:31.292900","2015-01-29 02:50:31.292900"
171,705,14,,5,"2015-01-29 02:50:31.457905","2015-01-29 02:50:31.457905"
172,705,29,,5,"2015-01-29 02:50:31.611910","2015-04-13 20:58:35.270405"
173,706,8,,5,"2015-01-29 02:50:32.668942","2015-01-29 02:50:32.668942"
174,706,14,,5,"2015-01-29 02:50:32.821946","2015-01-29 02:50:32.821946"
175,706,29,,5,"2015-01-29 02:50:32.987951","2015-04-13 20:58:35.427409"
176,709,8,,5,"2015-01-29 02:50:34.393994","2015-01-29 02:50:34.393994"
177,711,8,,5,"2015-01-29 02:50:35.410025","2015-01-29 02:50:35.410025"
178,711,14,,5,"2015-01-29 02:50:35.551030","2015-01-29 02:50:35.551030"
179,711,29,,5,"2015-01-29 02:50:35.695034","2015-04-13 20:58:35.527411"
180,712,8,,5,"2015-01-29 02:50:36.675064","2015-01-29 02:50:36.675064"
181,712,14,,5,"2015-01-29 02:50:36.817068","2015-01-29 02:50:36.817068"
182,712,29,,5,"2015-01-29 02:50:36.971073","2015-04-13 20:58:35.613413"
183,719,8,,5,"2015-01-29 02:50:40.142170","2015-01-29 02:50:40.142170"
184,719,10,,5,"2015-01-29 02:50:40.284174","2015-01-29 02:50:40.284174"
185,719,15,,9,"2015-01-29 02:50:40.427178","2015-01-29 02:50:40.427178"
186,719,29,,3,"2015-01-29 02:50:40.570183","2015-04-13 20:57:46.986217"
187,722,8,,5,"2015-01-29 02:50:42.442240","2015-01-29 02:50:42.442240"
188,722,10,,5,"2015-01-29 02:50:42.585244","2015-01-29 02:50:42.585244"
189,722,15,,9,"2015-01-29 02:50:42.727249","2015-01-29 02:50:42.727249"
190,722,29,,3,"2015-01-29 02:50:42.881253","2015-04-13 20:57:47.138221"
191,729,8,,5,"2015-01-29 02:50:45.547335","2015-01-29 02:50:45.547335"
192,729,10,,5,"2015-01-29 02:50:45.710340","2015-01-29 02:50:45.710340"
193,729,15,,9,"2015-01-29 02:50:45.853344","2015-01-29 02:50:45.853344"
194,729,29,,3,"2015-01-29 02:50:46.041350","2015-04-13 20:57:47.242223"
195,732,8,,5,"2015-01-29 02:50:47.329389","2015-01-29 02:50:47.329389"
196,732,10,,5,"2015-01-29 02:50:47.481394","2015-01-29 02:50:47.481394"
197,732,15,,9,"2015-01-29 02:50:47.647399","2015-01-29 02:50:47.647399"
198,732,29,,3,"2015-01-29 02:50:47.801403","2015-04-13 20:57:47.349226"
199,734,5,,5,"2015-01-29 02:50:49.046441","2015-01-29 02:50:49.046441"
200,734,15,,4,"2015-01-29 02:50:49.221447","2015-01-29 02:50:49.221447"
201,734,10,,5,"2015-01-29 02:50:49.397452","2015-01-29 02:50:49.397452"
202,734,29,,7,"2015-01-29 02:50:49.562457","2015-04-13 20:58:15.688923"
203,735,5,,5,"2015-01-29 02:50:50.872497","2015-01-29 02:50:50.872497"
204,735,15,,4,"2015-01-29 02:50:51.059503","2015-01-29 02:50:51.059503"
205,735,10,,5,"2015-01-29 02:50:51.213507","2015-01-29 02:50:51.213507"
206,735,29,,7,"2015-01-29 02:50:51.367512","2015-04-13 20:58:15.943929"
207,736,5,,5,"2015-01-29 02:50:52.359542","2015-01-29 02:50:52.359542"
208,736,15,,4,"2015-01-29 02:50:52.520547","2015-01-29 02:50:52.520547"
209,736,10,,5,"2015-01-29 02:50:52.720553","2015-01-29 02:50:52.720553"
210,736,29,,7,"2015-01-29 02:50:52.874558","2015-04-13 20:58:16.062932"
211,738,10,,5,"2015-01-29 02:50:54.075595","2015-01-29 02:50:54.075595"
212,738,29,,7,"2015-01-29 02:50:54.239600","2015-04-13 20:58:16.164935"
213,741,10,,5,"2015-01-29 02:50:55.539639","2015-01-29 02:50:55.539639"
214,741,29,,7,"2015-01-29 02:50:55.681644","2015-04-13 20:58:16.255937"
215,744,5,,5,"2015-01-29 02:50:56.782677","2015-01-29 02:50:56.782677"
216,744,15,,4,"2015-01-29 02:50:56.936682","2015-01-29 02:50:56.936682"
217,744,10,,5,"2015-01-29 02:50:57.079686","2015-01-29 02:50:57.079686"
218,744,29,,7,"2015-01-29 02:50:57.233691","2015-04-13 20:58:16.354939"
219,745,5,,5,"2015-01-29 02:50:58.158719","2015-01-29 02:50:58.158719"
220,745,15,,4,"2015-01-29 02:50:58.322724","2015-01-29 02:50:58.322724"
221,745,10,,5,"2015-01-29 02:50:58.476729","2015-01-29 02:50:58.476729"
222,745,29,,7,"2015-01-29 02:50:58.630734","2015-04-13 20:58:16.458942"
223,746,5,,5,"2015-01-29 02:50:59.611763","2015-01-29 02:50:59.611763"
224,746,15,,4,"2015-01-29 02:50:59.775768","2015-01-29 02:50:59.775768"
225,746,10,,5,"2015-01-29 02:50:59.962774","2015-01-29 02:50:59.962774"
226,746,29,,7,"2015-01-29 02:51:00.127779","2015-04-13 20:58:16.593945"
227,748,10,,5,"2015-01-29 02:51:01.254814","2015-01-29 02:51:01.254814"
228,748,29,,7,"2015-01-29 02:51:01.448820","2015-04-13 20:58:16.703948"
229,751,10,,5,"2015-01-29 02:51:02.572854","2015-01-29 02:51:02.572854"
230,751,29,,7,"2015-01-29 02:51:02.746859","2015-04-13 20:58:16.805951"
231,753,5,,5,"2015-01-29 02:51:03.727889","2015-01-29 02:51:03.727889"
232,753,15,,7,"2015-01-29 02:51:03.973897","2015-01-29 02:51:03.973897"
233,753,8,,5,"2015-01-29 02:51:04.122901","2015-01-29 02:51:04.122901"
234,753,29,,5,"2015-01-29 02:51:04.287906","2015-04-13 20:58:37.095450"
235,755,8,,5,"2015-01-29 02:51:05.653948","2015-01-29 02:51:05.653948"
236,757,8,,5,"2015-01-29 02:51:06.731981","2015-01-29 02:51:06.731981"
237,757,29,,5,"2015-01-29 02:51:06.885985","2015-04-13 20:58:37.221453"
238,758,8,,5,"2015-01-29 02:51:07.822014","2015-01-29 02:51:07.822014"
239,758,29,,5,"2015-01-29 02:51:07.997019","2015-04-13 20:58:37.387457"
240,759,5,,5,"2015-01-29 02:51:08.680040","2015-01-29 02:51:08.680040"
241,759,15,,7,"2015-01-29 02:51:08.833045","2015-01-29 02:51:08.833045"
242,759,8,,5,"2015-01-29 02:51:08.988049","2015-01-29 02:51:08.988049"
243,759,29,,5,"2015-01-29 02:51:09.142054","2015-04-13 20:58:37.495459"
244,761,8,,5,"2015-01-29 02:51:10.507096","2015-01-29 02:51:10.507096"
245,763,8,,5,"2015-01-29 02:51:11.575128","2015-01-29 02:51:11.575128"
246,763,29,,5,"2015-01-29 02:51:11.739133","2015-04-13 20:58:37.616462"
247,764,8,,5,"2015-01-29 02:51:12.477156","2015-01-29 02:51:12.477156"
248,764,29,,5,"2015-01-29 02:51:12.630161","2015-04-13 20:58:37.716465"
249,765,49,,5,"2015-01-29 02:51:13.251179","2015-01-29 02:51:13.251179"
250,766,8,,4,"2015-01-29 02:51:14.403215","2015-01-29 02:51:14.403215"
251,766,49,,5,"2015-01-29 02:51:14.578220","2015-01-29 02:51:14.578220"
252,766,18,,5,"2015-01-29 02:51:14.754225","2015-01-29 02:51:14.754225"
253,768,8,,4,"2015-01-29 02:51:15.614252","2015-01-29 02:51:15.614252"
254,768,49,,5,"2015-01-29 02:51:15.778257","2015-01-29 02:51:15.778257"
255,768,18,,5,"2015-01-29 02:51:15.976263","2015-01-29 02:51:15.976263"
256,770,8,,4,"2015-01-29 02:51:16.637283","2015-01-29 02:51:16.637283"
257,770,61,,4,"2015-01-29 02:51:16.780287","2015-01-29 02:51:16.780287"
258,770,11,,7,"2015-01-29 02:51:16.933292","2015-01-29 02:51:16.933292"
259,771,49,,5,"2015-01-29 02:51:18.067326","2015-01-29 02:51:18.067326"
260,772,8,,4,"2015-01-29 02:51:19.059357","2015-01-29 02:51:19.059357"
261,772,49,,5,"2015-01-29 02:51:19.223362","2015-01-29 02:51:19.223362"
262,772,18,,5,"2015-01-29 02:51:19.399367","2015-01-29 02:51:19.399367"
263,774,8,,4,"2015-01-29 02:51:20.137389","2015-01-29 02:51:20.137389"
264,774,49,,5,"2015-01-29 02:51:20.313395","2015-01-29 02:51:20.313395"
265,774,18,,5,"2015-01-29 02:51:20.478400","2015-01-29 02:51:20.478400"
266,776,8,,4,"2015-01-29 02:51:21.149420","2015-01-29 02:51:21.149420"
267,776,61,,4,"2015-01-29 02:51:21.292425","2015-01-29 02:51:21.292425"
268,776,11,,7,"2015-01-29 02:51:21.457430","2015-01-29 02:51:21.457430"
269,778,2,,4,"2015-01-29 02:51:22.591464","2015-01-29 02:51:22.591464"
270,778,18,,3,"2015-01-29 02:51:22.758469","2015-01-29 02:51:22.758469"
271,778,11,,7,"2015-01-29 02:51:22.899474","2015-01-29 02:51:22.899474"
272,778,61,,5,"2015-01-29 02:51:23.053478","2015-01-29 02:51:23.053478"
273,779,2,,4,"2015-01-29 02:51:24.055509","2015-01-29 02:51:24.055509"
274,779,18,,3,"2015-01-29 02:51:24.208514","2015-01-29 02:51:24.208514"
275,779,11,,7,"2015-01-29 02:51:24.351518","2015-01-29 02:51:24.351518"
276,779,61,,5,"2015-01-29 02:51:24.505523","2015-01-29 02:51:24.505523"
277,781,2,,4,"2015-01-29 02:51:25.607556","2015-01-29 02:51:25.607556"
278,781,18,,3,"2015-01-29 02:51:25.760561","2015-01-29 02:51:25.760561"
279,781,11,,7,"2015-01-29 02:51:25.947567","2015-01-29 02:51:25.947567"
280,781,61,,5,"2015-01-29 02:51:26.112572","2015-01-29 02:51:26.112572"
281,783,2,,4,"2015-01-29 02:51:27.126603","2015-01-29 02:51:27.126603"
282,783,18,,3,"2015-01-29 02:51:27.268607","2015-01-29 02:51:27.268607"
283,783,49,,5,"2015-01-29 02:51:27.411611","2015-01-29 02:51:27.411611"
284,786,2,,4,"2015-01-29 02:51:28.358640","2015-01-29 02:51:28.358640"
285,786,18,,3,"2015-01-29 02:51:28.500645","2015-01-29 02:51:28.500645"
286,786,49,,5,"2015-01-29 02:51:28.644649","2015-01-29 02:51:28.644649"
287,788,2,,4,"2015-01-29 02:51:29.415672","2015-01-29 02:51:29.415672"
288,788,18,,3,"2015-01-29 02:51:29.612678","2015-01-29 02:51:29.612678"
289,788,11,,7,"2015-01-29 02:51:29.790684","2015-01-29 02:51:29.790684"
290,788,61,,5,"2015-01-29 02:51:30.008691","2015-01-29 02:51:30.008691"
291,789,2,,4,"2015-01-29 02:51:30.867717","2015-01-29 02:51:30.867717"
292,789,18,,3,"2015-01-29 02:51:31.032722","2015-01-29 02:51:31.032722"
293,789,11,,7,"2015-01-29 02:51:31.208727","2015-01-29 02:51:31.208727"
294,789,61,,5,"2015-01-29 02:51:31.373732","2015-01-29 02:51:31.373732"
295,791,2,,4,"2015-01-29 02:51:32.508767","2015-01-29 02:51:32.508767"
296,791,18,,3,"2015-01-29 02:51:32.660771","2015-01-29 02:51:32.660771"
297,791,11,,7,"2015-01-29 02:51:32.815776","2015-01-29 02:51:32.815776"
298,791,61,,5,"2015-01-29 02:51:32.980781","2015-01-29 02:51:32.980781"
299,793,2,,4,"2015-01-29 02:51:34.136816","2015-01-29 02:51:34.136816"
300,793,18,,3,"2015-01-29 02:51:34.289821","2015-01-29 02:51:34.289821"
301,793,49,,5,"2015-01-29 02:51:34.452826","2015-01-29 02:51:34.452826"
302,796,2,,4,"2015-01-29 02:51:35.501858","2015-01-29 02:51:35.501858"
303,796,18,,3,"2015-01-29 02:51:35.665863","2015-01-29 02:51:35.665863"
304,796,49,,5,"2015-01-29 02:51:35.830868","2015-01-29 02:51:35.830868"
305,800,8,,7,"2015-01-29 02:51:37.008904","2015-01-29 02:51:37.008904"
306,800,18,,8,"2015-01-29 02:51:37.151908","2015-01-29 02:51:37.151908"
307,800,61,,7,"2015-01-29 02:51:37.294913","2015-01-29 02:51:37.294913"
308,800,49,,9,"2015-01-29 02:51:37.444917","2015-01-29 02:51:37.444917"
309,802,8,,7,"2015-01-29 02:51:38.406947","2015-01-29 02:51:38.406947"
310,802,18,,8,"2015-01-29 02:51:38.570952","2015-01-29 02:51:38.570952"
311,802,61,,7,"2015-01-29 02:51:38.713956","2015-01-29 02:51:38.713956"
312,802,49,,9,"2015-01-29 02:51:38.857960","2015-01-29 02:51:38.857960"
313,804,8,,7,"2015-01-29 02:51:39.805989","2015-01-29 02:51:39.805989"
314,804,18,,8,"2015-01-29 02:51:39.990995","2015-01-29 02:51:39.990995"
315,804,61,,7,"2015-01-29 02:51:40.157000","2015-01-29 02:51:40.157000"
316,804,49,,9,"2015-01-29 02:51:40.321005","2015-01-29 02:51:40.321005"
317,806,2,,7,"2015-01-29 02:51:41.709047","2015-01-29 02:51:41.709047"
318,810,8,,7,"2015-01-29 02:51:42.710078","2015-01-29 02:51:42.710078"
319,810,18,,8,"2015-01-29 02:51:42.853082","2015-01-29 02:51:42.853082"
320,810,61,,7,"2015-01-29 02:51:42.993087","2015-01-29 02:51:42.993087"
321,810,49,,9,"2015-01-29 02:51:43.139091","2015-01-29 02:51:43.139091"
322,812,8,,7,"2015-01-29 02:51:43.954116","2015-01-29 02:51:43.954116"
323,812,18,,8,"2015-01-29 02:51:44.096120","2015-01-29 02:51:44.096120"
324,812,61,,7,"2015-01-29 02:51:44.239125","2015-01-29 02:51:44.239125"
325,812,49,,9,"2015-01-29 02:51:44.382129","2015-01-29 02:51:44.382129"
326,814,8,,7,"2015-01-29 02:51:45.352159","2015-01-29 02:51:45.352159"
327,814,18,,8,"2015-01-29 02:51:45.516164","2015-01-29 02:51:45.516164"
328,814,61,,7,"2015-01-29 02:51:45.692169","2015-01-29 02:51:45.692169"
329,814,49,,9,"2015-01-29 02:51:45.890175","2015-01-29 02:51:45.890175"
330,816,2,,7,"2015-01-29 02:51:47.487224","2015-01-29 02:51:47.487224"
331,845,13,,3,"2015-01-29 02:51:56.996514","2015-01-29 02:51:56.996514"
332,845,14,,3,"2015-01-29 02:51:57.149518","2015-01-29 02:51:57.149518"
333,847,13,,3,"2015-01-29 02:51:58.449558","2015-01-29 02:51:58.449558"
334,847,14,,3,"2015-01-29 02:51:58.590562","2015-01-29 02:51:58.590562"
335,849,14,,3,"2015-01-29 02:51:59.813600","2015-01-29 02:51:59.813600"
336,851,14,,3,"2015-01-29 02:52:00.551622","2015-01-29 02:52:00.551622"
337,855,13,,3,"2015-01-29 02:52:02.311676","2015-01-29 02:52:02.311676"
338,855,14,,3,"2015-01-29 02:52:02.465680","2015-01-29 02:52:02.465680"
339,857,13,,3,"2015-01-29 02:52:03.632716","2015-01-29 02:52:03.632716"
340,857,14,,3,"2015-01-29 02:52:03.796721","2015-01-29 02:52:03.796721"
341,859,14,,3,"2015-01-29 02:52:05.298767","2015-01-29 02:52:05.298767"
342,861,14,,3,"2015-01-29 02:52:06.207795","2015-01-29 02:52:06.207795"
343,941,18,,4,"2015-01-29 02:52:37.938762","2015-01-29 02:52:37.938762"
344,947,18,,4,"2015-01-29 02:52:39.621814","2015-01-29 02:52:39.621814"
345,973,4,,2,"2015-01-29 02:52:48.812094","2015-01-29 02:52:48.812094"
346,973,6,,7,"2015-01-29 02:52:48.954098","2015-01-29 02:52:48.954098"
347,977,4,,2,"2015-01-29 02:52:51.190167","2015-01-29 02:52:51.190167"
348,979,4,,2,"2015-01-29 02:52:52.944220","2015-01-29 02:52:52.944220"
349,979,6,,7,"2015-01-29 02:52:53.092225","2015-01-29 02:52:53.092225"
350,980,4,,2,"2015-01-29 02:52:54.017253","2015-01-29 02:52:54.017253"
351,985,2,,2,"2015-01-29 02:52:56.254321","2015-01-29 02:52:56.254321"
352,986,2,,2,"2015-01-29 02:52:57.726366","2015-01-29 02:52:57.726366"
353,987,2,,2,"2015-01-29 02:52:59.190411","2015-01-29 02:52:59.190411"
354,992,6,,3,"2015-01-29 02:53:01.094469","2015-01-29 02:53:01.094469"
355,993,2,,2,"2015-01-29 02:53:02.260504","2015-01-29 02:53:02.260504"
356,994,2,,2,"2015-01-29 02:53:03.724549","2015-01-29 02:53:03.724549"
357,995,2,,2,"2015-01-29 02:53:04.979587","2015-01-29 02:53:04.979587"
358,1000,6,,3,"2015-01-29 02:53:06.982648","2015-01-29 02:53:06.982648"
359,1001,2,,7,"2015-01-29 02:53:07.972678","2015-01-29 02:53:07.972678"
360,1001,4,,3,"2015-01-29 02:53:08.148684","2015-01-29 02:53:08.148684"
361,1011,2,,7,"2015-01-29 02:53:11.848797","2015-01-29 02:53:11.848797"
362,1011,4,,3,"2015-01-29 02:53:12.044803","2015-01-29 02:53:12.044803"
363,1021,5,,3,"2015-01-29 02:53:15.588911","2015-01-29 02:53:15.588911"
364,1029,5,,3,"2015-01-29 02:53:18.734007","2015-01-29 02:53:18.734007"
365,1037,4,11,3,"2015-01-29 02:53:21.315085","2015-01-29 02:53:21.315085"
366,1038,4,12,3,"2015-01-29 02:53:22.339117","2015-01-29 02:53:22.339117"
367,1047,4,11,3,"2015-01-29 02:53:25.520214","2015-01-29 02:53:25.520214"
368,1048,4,12,3,"2015-01-29 02:53:26.312238","2015-01-29 02:53:26.312238"
369,1079,18,,6,"2015-01-29 02:53:36.335543","2015-01-29 02:53:36.335543"
370,1080,18,,6,"2015-01-29 02:53:37.601582","2015-01-29 02:53:37.601582"
371,1081,18,,6,"2015-01-29 02:53:38.536611","2015-01-29 02:53:38.536611"
372,1085,18,,6,"2015-01-29 02:53:40.011656","2015-01-29 02:53:40.011656"
373,1089,18,,6,"2015-01-29 02:53:41.364697","2015-01-29 02:53:41.364697"
374,1090,18,,6,"2015-01-29 02:53:42.278725","2015-01-29 02:53:42.278725"
375,1091,18,,6,"2015-01-29 02:53:43.235754","2015-01-29 02:53:43.235754"
376,1095,18,,6,"2015-01-29 02:53:44.809802","2015-01-29 02:53:44.809802"
377,1123,6,,8,"2015-01-29 02:53:56.311153","2015-01-29 02:53:56.311153"
378,1124,55,,3,"2015-01-29 02:53:57.356185","2015-01-29 02:53:57.356185"
379,1125,35,,6,"2015-01-29 02:53:57.994204","2015-04-13 20:54:54.133965"
380,1125,55,,3,"2015-01-29 02:53:58.159209","2015-01-29 02:53:58.159209"
381,1125,69,,6,"2015-01-29 02:53:58.302213","2015-01-29 02:53:58.302213"
382,1126,35,,6,"2015-01-29 02:53:59.030236","2015-04-13 20:54:54.483974"
383,1126,55,,3,"2015-01-29 02:53:59.193241","2015-01-29 02:53:59.193241"
384,1126,69,,6,"2015-01-29 02:53:59.358246","2015-01-29 02:53:59.358246"
385,1127,35,,6,"2015-01-29 02:54:00.083268","2015-04-13 20:54:54.627977"
386,1127,55,,3,"2015-01-29 02:54:00.272273","2015-01-29 02:54:00.272273"
387,1127,69,,6,"2015-01-29 02:54:00.448279","2015-01-29 02:54:00.448279"
388,1129,35,,6,"2015-01-29 02:54:01.263304","2015-04-13 20:54:54.717979"
389,1129,55,,3,"2015-01-29 02:54:01.427309","2015-01-29 02:54:01.427309"
390,1129,69,,6,"2015-01-29 02:54:01.571313","2015-01-29 02:54:01.571313"
391,1130,6,,8,"2015-01-29 02:54:02.507342","2015-01-29 02:54:02.507342"
392,1130,55,,3,"2015-01-29 02:54:02.671347","2015-01-29 02:54:02.671347"
393,1130,35,,6,"2015-01-29 02:54:02.825351","2015-04-13 20:54:54.817982"
394,1130,69,,6,"2015-01-29 02:54:02.991356","2015-01-29 02:54:02.991356"
395,1131,6,,8,"2015-01-29 02:54:03.806381","2015-01-29 02:54:03.806381"
396,1132,55,,3,"2015-01-29 02:54:04.851413","2015-01-29 02:54:04.851413"
397,1133,35,,6,"2015-01-29 02:54:05.524434","2015-04-13 20:54:54.929985"
398,1133,55,,3,"2015-01-29 02:54:05.687439","2015-01-29 02:54:05.687439"
399,1133,69,,6,"2015-01-29 02:54:05.830443","2015-01-29 02:54:05.830443"
400,1134,35,,6,"2015-01-29 02:54:06.348459","2015-04-13 20:54:55.022987"
401,1134,55,,3,"2015-01-29 02:54:06.490463","2015-01-29 02:54:06.490463"
402,1134,69,,6,"2015-01-29 02:54:06.633467","2015-01-29 02:54:06.633467"
403,1135,35,,6,"2015-01-29 02:54:07.261487","2015-04-13 20:54:55.133990"
404,1135,55,,3,"2015-01-29 02:54:07.403491","2015-01-29 02:54:07.403491"
405,1135,69,,6,"2015-01-29 02:54:07.557496","2015-01-29 02:54:07.557496"
406,1137,35,,6,"2015-01-29 02:54:08.186515","2015-04-13 20:54:55.234992"
407,1137,55,,3,"2015-01-29 02:54:08.339520","2015-01-29 02:54:08.339520"
408,1137,69,,6,"2015-01-29 02:54:08.493524","2015-01-29 02:54:08.493524"
409,1138,6,,8,"2015-01-29 02:54:09.130544","2015-01-29 02:54:09.130544"
410,1138,55,,3,"2015-01-29 02:54:09.275548","2015-01-29 02:54:09.275548"
411,1138,35,,6,"2015-01-29 02:54:09.439553","2015-04-13 20:54:55.341995"
412,1138,69,,6,"2015-01-29 02:54:09.583557","2015-01-29 02:54:09.583557"
413,1139,4,,8,"2015-01-29 02:54:10.420583","2015-01-29 02:54:10.420583"
414,1139,55,,5,"2015-01-29 02:54:10.595588","2015-01-29 02:54:10.595588"
415,1141,35,,2,"2015-01-29 02:54:11.807625","2015-04-13 20:58:04.534649"
416,1141,69,,7,"2015-01-29 02:54:11.982631","2015-01-29 02:54:11.982631"
417,1143,35,,2,"2015-01-29 02:54:13.182667","2015-04-13 20:58:04.704653"
418,1143,69,,7,"2015-01-29 02:54:13.325672","2015-01-29 02:54:13.325672"
419,1145,4,,8,"2015-01-29 02:54:14.525708","2015-01-29 02:54:14.525708"
420,1145,35,,2,"2015-01-29 02:54:14.689713","2015-04-13 20:58:04.873657"
421,1145,69,,7,"2015-01-29 02:54:14.854718","2015-01-29 02:54:14.854718"
422,1145,55,,5,"2015-01-29 02:54:15.030724","2015-01-29 02:54:15.030724"
423,1148,4,,8,"2015-01-29 02:54:17.088786","2015-01-29 02:54:17.088786"
424,1148,55,,5,"2015-01-29 02:54:17.256791","2015-01-29 02:54:17.256791"
425,1149,4,,8,"2015-01-29 02:54:18.103817","2015-01-29 02:54:18.103817"
426,1149,55,,5,"2015-01-29 02:54:18.266822","2015-01-29 02:54:18.266822"
427,1151,35,,2,"2015-01-29 02:54:19.232852","2015-04-13 20:58:04.992660"
428,1151,69,,7,"2015-01-29 02:54:19.399857","2015-01-29 02:54:19.399857"
429,1153,35,,2,"2015-01-29 02:54:20.644895","2015-04-13 20:58:05.086662"
430,1153,69,,7,"2015-01-29 02:54:20.809900","2015-01-29 02:54:20.809900"
431,1155,4,,8,"2015-01-29 02:54:21.922934","2015-01-29 02:54:21.922934"
432,1155,35,,2,"2015-01-29 02:54:22.129940","2015-04-13 20:58:05.200665"
433,1155,69,,7,"2015-01-29 02:54:22.252944","2015-01-29 02:54:22.252944"
434,1155,55,,5,"2015-01-29 02:54:22.404948","2015-01-29 02:54:22.404948"
435,1158,4,,8,"2015-01-29 02:54:24.123001","2015-01-29 02:54:24.123001"
436,1158,55,,5,"2015-01-29 02:54:24.285006","2015-01-29 02:54:24.285006"
437,1166,15,,4,"2015-01-29 02:54:27.182094","2015-01-29 02:54:27.182094"
438,1167,15,,4,"2015-01-29 02:54:28.635139","2015-01-29 02:54:28.635139"
439,1176,15,,4,"2015-01-29 02:54:31.606229","2015-01-29 02:54:31.606229"
440,1177,15,,4,"2015-01-29 02:54:32.740264","2015-01-29 02:54:32.740264"
441,1216,6,,4,"2015-01-29 02:54:45.353648","2015-01-29 02:54:45.353648"
442,1217,1,,13,"2015-01-29 02:54:46.079671","2015-01-29 02:54:46.079671"
443,1217,6,,4,"2015-01-29 02:54:46.243676","2015-01-29 02:54:46.243676"
444,1217,10,,10,"2015-01-29 02:54:46.408681","2015-01-29 02:54:46.408681"
445,1218,1,,13,"2015-01-29 02:54:47.234706","2015-01-29 02:54:47.234706"
446,1218,6,,4,"2015-01-29 02:54:47.377710","2015-01-29 02:54:47.377710"
447,1218,10,,10,"2015-01-29 02:54:47.531715","2015-01-29 02:54:47.531715"
448,1221,1,,13,"2015-01-29 02:54:48.753752","2015-01-29 02:54:48.753752"
449,1221,6,,4,"2015-01-29 02:54:48.917757","2015-01-29 02:54:48.917757"
450,1221,10,,10,"2015-01-29 02:54:49.080762","2015-01-29 02:54:49.080762"
451,1222,6,,4,"2015-01-29 02:54:49.957789","2015-01-29 02:54:49.957789"
452,1227,1,,8,"2015-01-29 02:54:51.295830","2015-01-29 02:54:51.295830"
453,1227,10,,6,"2015-01-29 02:54:51.459835","2015-01-29 02:54:51.459835"
454,1236,2,,4,"2015-01-29 02:54:53.828907","2015-01-29 02:54:53.828907"
455,1237,1,,8,"2015-01-29 02:54:55.547959","2015-01-29 02:54:55.547959"
456,1237,10,,6,"2015-01-29 02:54:55.708964","2015-01-29 02:54:55.708964"
457,1246,2,,4,"2015-01-29 02:54:58.153039","2015-01-29 02:54:58.153039"
458,1247,19,,5,"2015-01-29 02:54:59.278073","2015-04-13 20:58:39.246503"
459,1249,19,,5,"2015-01-29 02:55:00.497110","2015-04-13 20:58:39.407507"
460,1253,19,,5,"2015-01-29 02:55:03.645206","2015-04-13 20:58:39.518509"
461,1255,19,,5,"2015-01-29 02:55:04.632236","2015-04-13 20:58:39.622512"
462,1260,10,,8,"2015-01-29 02:55:07.882336","2015-01-29 02:55:07.882336"
463,1260,13,,10,"2015-01-29 02:55:08.035340","2015-01-29 02:55:08.035340"
464,1260,15,,8,"2015-01-29 02:55:08.178345","2015-01-29 02:55:08.178345"
465,1261,10,,8,"2015-01-29 02:55:09.368381","2015-01-29 02:55:09.368381"
466,1261,13,,10,"2015-01-29 02:55:09.520385","2015-01-29 02:55:09.520385"
467,1261,15,,8,"2015-01-29 02:55:09.672390","2015-01-29 02:55:09.672390"
468,1262,10,,8,"2015-01-29 02:55:10.655420","2015-01-29 02:55:10.655420"
469,1262,13,,10,"2015-01-29 02:55:10.819425","2015-01-29 02:55:10.819425"
470,1262,15,,8,"2015-01-29 02:55:10.984430","2015-01-29 02:55:10.984430"
471,1266,10,,8,"2015-01-29 02:55:12.449475","2015-01-29 02:55:12.449475"
472,1266,13,,10,"2015-01-29 02:55:12.602479","2015-01-29 02:55:12.602479"
473,1266,15,,8,"2015-01-29 02:55:12.767484","2015-01-29 02:55:12.767484"
474,1267,10,,8,"2015-01-29 02:55:13.693513","2015-01-29 02:55:13.693513"
475,1267,13,,10,"2015-01-29 02:55:13.836517","2015-01-29 02:55:13.836517"
476,1267,15,,8,"2015-01-29 02:55:14.011522","2015-01-29 02:55:14.011522"
477,1268,10,,8,"2015-01-29 02:55:14.991552","2015-01-29 02:55:14.991552"
478,1268,13,,10,"2015-01-29 02:55:15.145557","2015-01-29 02:55:15.145557"
479,1268,15,,8,"2015-01-29 02:55:15.321562","2015-01-29 02:55:15.321562"
480,1272,2,,8,"2015-01-29 02:55:17.798638","2015-01-29 02:55:17.798638"
481,1272,13,,6,"2015-01-29 02:55:17.973643","2015-01-29 02:55:17.973643"
482,1272,15,,3,"2015-01-29 02:55:18.138648","2015-01-29 02:55:18.138648"
483,1275,2,,8,"2015-01-29 02:55:19.592693","2015-01-29 02:55:19.592693"
484,1275,13,,6,"2015-01-29 02:55:19.766698","2015-01-29 02:55:19.766698"
485,1275,15,,3,"2015-01-29 02:55:20.024706","2015-01-29 02:55:20.024706"
486,1276,2,,8,"2015-01-29 02:55:20.990735","2015-01-29 02:55:20.990735"
487,1276,13,,6,"2015-01-29 02:55:21.153740","2015-01-29 02:55:21.153740"
488,1276,15,,3,"2015-01-29 02:55:21.318745","2015-01-29 02:55:21.318745"
489,1278,2,,8,"2015-01-29 02:55:22.970796","2015-01-29 02:55:22.970796"
490,1278,13,,6,"2015-01-29 02:55:23.113800","2015-01-29 02:55:23.113800"
491,1278,15,,3,"2015-01-29 02:55:23.266805","2015-01-29 02:55:23.266805"
492,1281,2,,8,"2015-01-29 02:55:24.511843","2015-01-29 02:55:24.511843"
493,1281,13,,6,"2015-01-29 02:55:24.653847","2015-01-29 02:55:24.653847"
494,1281,15,,3,"2015-01-29 02:55:24.805852","2015-01-29 02:55:24.805852"
495,1282,2,,8,"2015-01-29 02:55:25.755881","2015-01-29 02:55:25.755881"
496,1282,13,,6,"2015-01-29 02:55:26.054890","2015-01-29 02:55:26.054890"
497,1282,15,,3,"2015-01-29 02:55:26.227895","2015-01-29 02:55:26.227895"
498,1283,53,,3,"2015-01-29 02:55:27.207925","2015-01-29 02:55:27.207925"
499,1290,53,,3,"2015-01-29 02:55:29.651999","2015-01-29 02:55:29.651999"
500,1291,53,,3,"2015-01-29 02:55:31.005041","2015-01-29 02:55:31.005041"
501,1293,53,,3,"2015-01-29 02:55:32.194077","2015-01-29 02:55:32.194077"
502,1294,53,,3,"2015-01-29 02:55:33.217108","2015-01-29 02:55:33.217108"
503,1295,53,,3,"2015-01-29 02:55:33.537118","2015-01-29 02:55:33.537118"
504,1296,53,,3,"2015-01-29 02:55:33.834127","2015-01-29 02:55:33.834127"
505,1297,53,,3,"2015-01-29 02:55:34.164137","2015-01-29 02:55:34.164137"
506,1298,53,,3,"2015-01-29 02:55:34.469146","2015-01-29 02:55:34.469146"
507,1299,53,,3,"2015-01-29 02:55:34.783156","2015-01-29 02:55:34.783156"
508,1300,53,,3,"2015-01-29 02:55:35.096166","2015-01-29 02:55:35.096166"
509,1301,53,,3,"2015-01-29 02:55:36.112196","2015-01-29 02:55:36.112196"
510,1302,53,,3,"2015-01-29 02:55:37.136228","2015-01-29 02:55:37.136228"
511,1303,53,,3,"2015-01-29 02:55:37.465238","2015-01-29 02:55:37.465238"
512,1310,53,,3,"2015-01-29 02:55:39.514300","2015-01-29 02:55:39.514300"
513,1311,53,,3,"2015-01-29 02:55:40.459329","2015-01-29 02:55:40.459329"
514,1313,53,,3,"2015-01-29 02:55:41.549362","2015-01-29 02:55:41.549362"
515,1314,53,,3,"2015-01-29 02:55:42.550393","2015-01-29 02:55:42.550393"
516,1315,53,,3,"2015-01-29 02:55:42.902404","2015-01-29 02:55:42.902404"
517,1316,53,,3,"2015-01-29 02:55:43.232414","2015-01-29 02:55:43.232414"
518,1317,53,,3,"2015-01-29 02:55:43.574424","2015-01-29 02:55:43.574424"
519,1318,53,,3,"2015-01-29 02:55:43.928435","2015-01-29 02:55:43.928435"
520,1319,53,,3,"2015-01-29 02:55:44.223444","2015-01-29 02:55:44.223444"
521,1320,53,,3,"2015-01-29 02:55:44.564454","2015-01-29 02:55:44.564454"
522,1321,53,,3,"2015-01-29 02:55:45.489482","2015-01-29 02:55:45.489482"
523,1322,53,,3,"2015-01-29 02:55:46.567515","2015-01-29 02:55:46.567515"
524,1324,9,,2,"2015-01-29 02:55:47.084531","2015-01-29 02:55:47.084531"
525,1324,14,,4,"2015-01-29 02:55:47.260537","2015-01-29 02:55:47.260537"
526,1325,9,,2,"2015-01-29 02:55:48.823584","2015-01-29 02:55:48.823584"
527,1325,14,,4,"2015-01-29 02:55:48.999590","2015-01-29 02:55:48.999590"
528,1334,9,,2,"2015-01-29 02:55:51.527667","2015-01-29 02:55:51.527667"
529,1334,14,,4,"2015-01-29 02:55:51.695672","2015-01-29 02:55:51.695672"
530,1335,9,,2,"2015-01-29 02:55:52.818706","2015-01-29 02:55:52.818706"
531,1335,14,,4,"2015-01-29 02:55:52.971711","2015-01-29 02:55:52.971711"
532,1344,5,13,2,"2015-01-29 02:55:56.421816","2015-01-29 02:55:56.421816"
533,1344,14,,2,"2015-01-29 02:55:56.592821","2015-01-29 02:55:56.592821"
534,1346,5,13,2,"2015-01-29 02:55:58.170869","2015-01-29 02:55:58.170869"
535,1346,14,,2,"2015-01-29 02:55:58.343875","2015-01-29 02:55:58.343875"
536,1347,14,40,2,"2015-01-29 02:55:59.327905","2015-01-29 02:55:59.327905"
537,1348,14,40,2,"2015-01-29 02:55:59.667915","2015-01-29 02:55:59.667915"
538,1351,5,14,2,"2015-01-29 02:56:00.350936","2015-01-29 02:56:00.350936"
539,1351,14,,2,"2015-01-29 02:56:00.511941","2015-01-29 02:56:00.511941"
540,1352,14,40,2,"2015-01-29 02:56:01.670976","2015-01-29 02:56:01.670976"
541,1353,5,13,2,"2015-01-29 02:56:02.033987","2015-01-29 02:56:02.033987"
542,1353,14,,2,"2015-01-29 02:56:02.206992","2015-01-29 02:56:02.206992"
543,1354,5,13,2,"2015-01-29 02:56:03.223023","2015-01-29 02:56:03.223023"
544,1354,14,,2,"2015-01-29 02:56:03.373028","2015-01-29 02:56:03.373028"
545,1358,5,14,2,"2015-01-29 02:56:04.819072","2015-01-29 02:56:04.819072"
546,1358,14,,2,"2015-01-29 02:56:04.980077","2015-01-29 02:56:04.980077"
547,1361,5,14,2,"2015-01-29 02:56:06.282117","2015-01-29 02:56:06.282117"
548,1361,14,,2,"2015-01-29 02:56:06.443122","2015-01-29 02:56:06.443122"
549,1384,67,,5,"2015-01-29 02:56:14.148357","2015-01-29 02:56:14.148357"
550,1384,17,,5,"2015-01-29 02:56:14.312362","2015-01-29 02:56:14.312362"
551,1394,67,,5,"2015-01-29 02:56:17.175449","2015-01-29 02:56:17.175449"
552,1394,17,,5,"2015-01-29 02:56:17.339454","2015-01-29 02:56:17.339454"
553,1395,19,,5,"2015-01-29 02:56:18.231481","2015-04-13 20:58:33.024349"
554,1397,19,,5,"2015-01-29 02:56:19.090507","2015-04-13 20:58:33.118352"
555,1398,19,,5,"2015-01-29 02:56:19.717526","2015-04-13 20:58:33.214354"
556,1400,19,,5,"2015-01-29 02:56:20.532551","2015-04-13 20:58:33.327357"
557,1401,19,,5,"2015-01-29 02:56:21.181571","2015-04-13 20:58:33.411359"
558,1403,19,,5,"2015-01-29 02:56:21.984596","2015-04-13 20:58:33.524362"
559,1404,19,,5,"2015-01-29 02:56:22.600614","2015-04-13 20:58:33.631364"
560,1406,19,,5,"2015-01-29 02:56:23.404639","2015-04-13 20:58:33.756368"
561,1408,19,,6,"2015-01-29 02:56:24.295666","2015-04-13 20:58:02.505599"
562,1409,19,,6,"2015-01-29 02:56:25.440701","2015-04-13 20:58:02.643602"
563,1411,19,,6,"2015-01-29 02:56:26.507734","2015-04-13 20:58:02.745605"
564,1415,11,,6,"2015-01-29 02:56:27.993779","2015-01-29 02:56:27.993779"
565,1416,11,,6,"2015-01-29 02:56:28.404791","2015-01-29 02:56:28.404791"
566,1418,19,,6,"2015-01-29 02:56:30.436853","2015-04-13 20:58:02.877608"
567,1419,19,,6,"2015-01-29 02:56:31.383882","2015-04-13 20:58:02.962610"
568,1421,19,,6,"2015-01-29 02:56:32.593919","2015-04-13 20:58:03.073613"
569,1425,11,,6,"2015-01-29 02:56:34.134966","2015-01-29 02:56:34.134966"
570,1426,11,,6,"2015-01-29 02:56:34.450976","2015-01-29 02:56:34.450976"
571,1428,6,,6,"2015-01-29 02:56:35.665013","2015-01-29 02:56:35.665013"
572,1428,19,,10,"2015-01-29 02:56:35.807017","2015-04-13 20:58:49.590757"
573,1430,6,,6,"2015-01-29 02:56:36.446037","2015-01-29 02:56:36.446037"
574,1430,19,,10,"2015-01-29 02:56:36.588041","2015-04-13 20:58:49.739761"
575,1432,6,,6,"2015-01-29 02:56:37.525070","2015-01-29 02:56:37.525070"
576,1432,19,,10,"2015-01-29 02:56:37.689075","2015-04-13 20:58:49.878764"
577,1435,6,,6,"2015-01-29 02:56:38.879111","2015-01-29 02:56:38.879111"
578,1435,19,,10,"2015-01-29 02:56:39.043116","2015-04-13 20:58:49.995767"
579,1438,6,,6,"2015-01-29 02:56:40.155150","2015-01-29 02:56:40.155150"
580,1438,19,,10,"2015-01-29 02:56:40.319155","2015-04-13 20:58:50.095769"
581,1440,6,,6,"2015-01-29 02:56:40.947174","2015-01-29 02:56:40.947174"
582,1440,19,,10,"2015-01-29 02:56:41.098179","2015-04-13 20:58:50.188772"
583,1442,6,,6,"2015-01-29 02:56:42.180212","2015-01-29 02:56:42.180212"
584,1442,19,,10,"2015-01-29 02:56:42.322216","2015-04-13 20:58:50.301775"
585,1445,6,,6,"2015-01-29 02:56:43.435250","2015-01-29 02:56:43.435250"
586,1445,19,,10,"2015-01-29 02:56:43.610255","2015-04-13 20:58:50.402777"
587,1480,35,,5,"2015-01-29 02:56:55.376614","2015-04-13 20:54:51.424898"
588,1480,69,,5,"2015-01-29 02:56:55.527619","2015-01-29 02:56:55.527619"
589,1481,35,,5,"2015-01-29 02:56:56.531649","2015-04-13 20:54:51.567902"
590,1481,69,,5,"2015-01-29 02:56:56.674654","2015-01-29 02:56:56.674654"
591,1488,35,,5,"2015-01-29 02:56:58.832719","2015-04-13 20:54:51.693905"
592,1488,69,,5,"2015-01-29 02:56:59.018725","2015-01-29 02:56:59.018725"
593,1489,35,,5,"2015-01-29 02:56:59.943753","2015-04-13 20:54:51.786907"
594,1489,69,,5,"2015-01-29 02:57:00.238762","2015-01-29 02:57:00.238762"
595,1531,9,,6,"2015-01-29 02:57:15.176218","2015-01-29 02:57:15.176218"
596,1536,32,,7,"2015-01-29 02:57:17.795298","2015-04-13 21:12:17.920641"
597,1537,9,,6,"2015-01-29 02:57:19.380346","2015-01-29 02:57:19.380346"
598,1542,32,,7,"2015-01-29 02:57:21.614414","2015-04-13 21:12:18.055645"
599,1543,1,,6,"2015-01-29 02:57:22.769449","2015-01-29 02:57:22.769449"
600,1543,32,,10,"2015-01-29 02:57:22.934454","2015-04-13 21:12:19.877690"
601,1553,1,,6,"2015-01-29 02:57:26.039549","2015-01-29 02:57:26.039549"
602,1553,32,,10,"2015-01-29 02:57:26.178553","2015-04-13 21:12:20.169697"
603,1570,15,,5,"2015-01-29 02:57:31.257708","2015-01-29 02:57:31.257708"
604,1581,15,,5,"2015-01-29 02:57:36.554870","2015-01-29 02:57:36.554870"
605,1582,15,,5,"2015-01-29 02:57:37.730906","2015-01-29 02:57:37.730906"
606,1615,1,,10,"2015-01-29 02:57:51.605329","2015-01-29 02:57:51.605329"
607,1615,9,,5,"2015-01-29 02:57:51.747333","2015-01-29 02:57:51.747333"
608,1615,2,,10,"2015-01-29 02:57:51.956340","2015-01-29 02:57:51.956340"
609,1615,10,,6,"2015-01-29 02:57:52.099344","2015-01-29 02:57:52.099344"
610,1616,1,,10,"2015-01-29 02:57:53.179377","2015-01-29 02:57:53.179377"
611,1616,9,,5,"2015-01-29 02:57:53.321381","2015-01-29 02:57:53.321381"
612,1616,2,,10,"2015-01-29 02:57:53.475386","2015-01-29 02:57:53.475386"
613,1616,10,,6,"2015-01-29 02:57:53.630391","2015-01-29 02:57:53.630391"
614,1625,1,,10,"2015-01-29 02:57:56.524479","2015-01-29 02:57:56.524479"
615,1625,9,,5,"2015-01-29 02:57:56.667483","2015-01-29 02:57:56.667483"
616,1625,2,,10,"2015-01-29 02:57:56.810488","2015-01-29 02:57:56.810488"
617,1625,10,,6,"2015-01-29 02:57:56.953492","2015-01-29 02:57:56.953492"
618,1626,1,,10,"2015-01-29 02:57:57.944522","2015-01-29 02:57:57.944522"
619,1626,9,,5,"2015-01-29 02:57:58.098527","2015-01-29 02:57:58.098527"
620,1626,2,,10,"2015-01-29 02:57:58.241531","2015-01-29 02:57:58.241531"
621,1626,10,,6,"2015-01-29 02:57:58.395536","2015-01-29 02:57:58.395536"
622,1635,8,,5,"2015-01-29 02:58:01.400628","2015-01-29 02:58:01.400628"
623,1635,10,,5,"2015-01-29 02:58:01.565633","2015-01-29 02:58:01.565633"
624,1644,1,,5,"2015-01-29 02:58:04.173712","2015-01-29 02:58:04.173712"
625,1644,2,,5,"2015-01-29 02:58:04.338717","2015-01-29 02:58:04.338717"
626,1645,8,,5,"2015-01-29 02:58:05.670758","2015-01-29 02:58:05.670758"
627,1645,10,,5,"2015-01-29 02:58:05.835763","2015-01-29 02:58:05.835763"
628,1654,1,,5,"2015-01-29 02:58:08.202835","2015-01-29 02:58:08.202835"
629,1654,2,,5,"2015-01-29 02:58:08.344839","2015-01-29 02:58:08.344839"
630,1660,1,,15,"2015-01-29 02:58:10.282899","2015-01-29 02:58:10.282899"
631,1660,8,,6,"2015-01-29 02:58:10.435903","2015-01-29 02:58:10.435903"
632,1660,2,,15,"2015-01-29 02:58:10.600908","2015-01-29 02:58:10.600908"
633,1660,9,,5,"2015-01-29 02:58:10.765913","2015-01-29 02:58:10.765913"
634,1666,1,,15,"2015-01-29 02:58:13.022982","2015-01-29 02:58:13.022982"
635,1666,8,,6,"2015-01-29 02:58:13.175987","2015-01-29 02:58:13.175987"
636,1666,2,,15,"2015-01-29 02:58:13.340992","2015-01-29 02:58:13.340992"
637,1666,9,,5,"2015-01-29 02:58:13.494997","2015-01-29 02:58:13.494997"
638,1675,40,,1,"2015-01-29 02:58:16.985103","2015-01-29 02:58:16.985103"
639,1676,40,,1,"2015-01-29 02:58:17.315113","2015-01-29 02:58:17.315113"
640,1677,40,,1,"2015-01-29 02:58:17.623122","2015-01-29 02:58:17.623122"
641,1678,40,,1,"2015-01-29 02:58:18.106137","2015-01-29 02:58:18.106137"
642,1679,40,,1,"2015-01-29 02:58:18.416147","2015-01-29 02:58:18.416147"
643,1680,40,,1,"2015-01-29 02:58:19.032165","2015-01-29 02:58:19.032165"
644,1681,40,,1,"2015-01-29 02:58:19.527180","2015-01-29 02:58:19.527180"
645,1682,40,,1,"2015-01-29 02:58:20.210201","2015-01-29 02:58:20.210201"
646,1683,18,,3,"2015-01-29 02:58:20.564212","2015-01-29 02:58:20.564212"
647,1685,18,,3,"2015-01-29 02:58:21.076228","2015-01-29 02:58:21.076228"
648,1687,18,,3,"2015-01-29 02:58:21.739248","2015-01-29 02:58:21.739248"
649,1693,18,,3,"2015-01-29 02:58:22.928284","2015-01-29 02:58:22.928284"
650,1695,18,,3,"2015-01-29 02:58:23.412299","2015-01-29 02:58:23.412299"
651,1697,18,,3,"2015-01-29 02:58:23.929315","2015-01-29 02:58:23.929315"
652,1711,2,5,1,"2015-01-29 02:58:29.091472","2015-01-29 02:58:29.091472"
653,1712,2,5,1,"2015-01-29 02:58:29.424482","2015-01-29 02:58:29.424482"
654,1713,2,5,1,"2015-01-29 02:58:30.063502","2015-01-29 02:58:30.063502"
655,1714,15,,5,"2015-01-29 02:58:30.390512","2015-01-29 02:58:30.390512"
656,1717,2,5,1,"2015-01-29 02:58:32.507576","2015-01-29 02:58:32.507576"
657,1718,2,5,1,"2015-01-29 02:58:32.979591","2015-01-29 02:58:32.979591"
658,1719,2,5,1,"2015-01-29 02:58:33.309601","2015-01-29 02:58:33.309601"
659,1720,15,,5,"2015-01-29 02:58:33.625610","2015-01-29 02:58:33.625610"
660,1727,1,,6,"2015-01-29 02:58:36.384695","2015-01-29 02:58:36.384695"
661,1727,15,,5,"2015-01-29 02:58:36.553700","2015-01-29 02:58:36.553700"
662,1727,18,,8,"2015-01-29 02:58:36.695704","2015-01-29 02:58:36.695704"
663,1730,1,,6,"2015-01-29 02:58:38.446758","2015-01-29 02:58:38.446758"
664,1730,15,,5,"2015-01-29 02:58:38.588762","2015-01-29 02:58:38.588762"
665,1730,18,,8,"2015-01-29 02:58:38.731766","2015-01-29 02:58:38.731766"
666,1735,1,,6,"2015-01-29 02:58:40.559822","2015-01-29 02:58:40.559822"
667,1735,15,,5,"2015-01-29 02:58:40.844831","2015-01-29 02:58:40.844831"
668,1735,18,,8,"2015-01-29 02:58:41.132839","2015-01-29 02:58:41.132839"
669,1738,1,,6,"2015-01-29 02:58:42.958895","2015-01-29 02:58:42.958895"
670,1738,15,,5,"2015-01-29 02:58:43.109900","2015-01-29 02:58:43.109900"
671,1738,18,,8,"2015-01-29 02:58:43.257904","2015-01-29 02:58:43.257904"
672,1767,5,,2,"2015-01-29 02:58:52.985201","2015-01-29 02:58:52.985201"
673,1767,12,,6,"2015-01-29 02:58:53.127205","2015-01-29 02:58:53.127205"
674,1768,5,,2,"2015-01-29 02:58:54.218239","2015-01-29 02:58:54.218239"
675,1768,12,,6,"2015-01-29 02:58:54.360243","2015-01-29 02:58:54.360243"
676,1774,5,,2,"2015-01-29 02:58:56.133297","2015-01-29 02:58:56.133297"
677,1774,12,,6,"2015-01-29 02:58:56.286302","2015-01-29 02:58:56.286302"
678,1775,12,,3,"2015-01-29 02:58:57.258331","2015-01-29 02:58:57.258331"
679,1776,1,,2,"2015-01-29 02:58:58.290363","2015-01-29 02:58:58.290363"
680,1777,1,,2,"2015-01-29 02:58:59.050386","2015-01-29 02:58:59.050386"
681,1780,1,1,2,"2015-01-29 02:59:00.115418","2015-01-29 02:59:00.115418"
682,1782,1,,2,"2015-01-29 02:59:01.096448","2015-01-29 02:59:01.096448"
683,1785,12,,3,"2015-01-29 02:59:03.033507","2015-01-29 02:59:03.033507"
684,1786,1,,2,"2015-01-29 02:59:03.903534","2015-01-29 02:59:03.903534"
685,1787,1,,2,"2015-01-29 02:59:04.871563","2015-01-29 02:59:04.871563"
686,1790,1,1,2,"2015-01-29 02:59:06.107601","2015-01-29 02:59:06.107601"
687,1792,1,,2,"2015-01-29 02:59:07.092631","2015-01-29 02:59:07.092631"
688,1816,12,,3,"2015-01-29 02:59:16.325913","2015-01-29 02:59:16.325913"
689,1825,12,,3,"2015-01-29 02:59:19.509010","2015-01-29 02:59:19.509010"
690,1831,29,,3,"2015-01-29 02:59:21.678076","2015-04-13 20:29:16.522141"
691,1831,37,,5,"2015-01-29 02:59:21.886082","2015-01-29 02:59:21.886082"
692,1833,29,,3,"2015-01-29 02:59:22.393098","2015-04-13 20:29:16.730146"
693,1833,37,,5,"2015-01-29 02:59:22.569103","2015-01-29 02:59:22.569103"
694,1834,29,,3,"2015-01-29 02:59:23.238124","2015-04-13 20:29:16.817148"
695,1834,37,,5,"2015-01-29 02:59:23.394128","2015-01-29 02:59:23.394128"
696,1836,29,,3,"2015-01-29 02:59:24.239154","2015-04-13 20:29:16.972152"
697,1836,37,,5,"2015-01-29 02:59:24.417160","2015-01-29 02:59:24.417160"
698,1840,29,,3,"2015-01-29 02:59:25.497193","2015-04-13 20:29:17.088155"
699,1841,29,,3,"2015-01-29 02:59:25.797202","2015-04-13 20:29:17.178157"
700,1841,37,,5,"2015-01-29 02:59:25.969207","2015-01-29 02:59:25.969207"
701,1843,29,,3,"2015-01-29 02:59:26.454222","2015-04-13 20:29:17.291160"
702,1843,37,,5,"2015-01-29 02:59:26.596226","2015-01-29 02:59:26.596226"
703,1844,29,,3,"2015-01-29 02:59:27.224245","2015-04-13 20:29:17.378162"
704,1844,37,,5,"2015-01-29 02:59:27.443252","2015-01-29 02:59:27.443252"
705,1846,29,,3,"2015-01-29 02:59:28.149273","2015-04-13 20:29:17.510165"
706,1846,37,,5,"2015-01-29 02:59:28.313278","2015-01-29 02:59:28.313278"
707,1850,29,,3,"2015-01-29 02:59:29.425312","2015-04-13 20:29:17.665169"
708,1885,18,,6,"2015-01-29 02:59:44.580775","2015-01-29 02:59:44.580775"
709,1887,18,,6,"2015-01-29 02:59:45.070789","2015-01-29 02:59:45.070789"
710,1890,18,,6,"2015-01-29 02:59:46.737840","2015-01-29 02:59:46.737840"
711,1890,16,,8,"2015-01-29 02:59:46.921846","2015-01-29 02:59:46.921846"
712,1891,18,,6,"2015-01-29 02:59:47.717870","2015-01-29 02:59:47.717870"
713,1891,16,,8,"2015-01-29 02:59:47.973878","2015-01-29 02:59:47.973878"
714,1896,18,,4,"2015-01-29 02:59:49.400922","2015-01-29 02:59:49.400922"
715,1897,18,,4,"2015-01-29 02:59:49.940938","2015-01-29 02:59:49.940938"
716,1902,16,,6,"2015-01-29 02:59:51.392982","2015-01-29 02:59:51.392982"
717,1955,18,,4,"2015-01-29 03:00:13.042643","2015-01-29 03:00:13.042643"
718,1964,18,,4,"2015-01-29 03:00:15.529718","2015-01-29 03:00:15.529718"
719,1992,18,,3,"2015-01-29 03:00:23.706968","2015-01-29 03:00:23.706968"
720,1998,18,,3,"2015-01-29 03:00:25.732030","2015-01-29 03:00:25.732030"
721,2000,20,,5,"2015-01-29 03:00:26.843064","2015-04-13 20:58:41.110548"
722,2003,20,,5,"2015-01-29 03:00:28.593117","2015-04-13 20:58:41.263552"
723,2006,20,,5,"2015-01-29 03:00:30.079162","2015-04-13 20:58:41.365555"
724,2009,20,,5,"2015-01-29 03:00:31.311200","2015-04-13 20:58:41.464557"
725,2023,6,,3,"2015-01-29 03:00:38.553421","2015-01-29 03:00:38.553421"
726,2023,9,,1,"2015-01-29 03:00:38.706425","2015-01-29 03:00:38.706425"
727,2024,9,,1,"2015-01-29 03:00:40.074467","2015-01-29 03:00:40.074467"
728,2025,9,,1,"2015-01-29 03:00:40.491480","2015-01-29 03:00:40.491480"
729,2026,6,,3,"2015-01-29 03:00:40.798489","2015-01-29 03:00:40.798489"
730,2026,9,,1,"2015-01-29 03:00:40.941493","2015-01-29 03:00:40.941493"
731,2027,9,,1,"2015-01-29 03:00:41.788519","2015-01-29 03:00:41.788519"
732,2028,6,,3,"2015-01-29 03:00:42.281534","2015-01-29 03:00:42.281534"
733,2028,9,,1,"2015-01-29 03:00:42.424539","2015-01-29 03:00:42.424539"
734,2029,6,,3,"2015-01-29 03:00:42.998556","2015-01-29 03:00:42.998556"
735,2029,9,22,1,"2015-01-29 03:00:43.152561","2015-01-29 03:00:43.152561"
736,2029,9,21,3,"2015-01-29 03:00:43.309566","2015-01-29 03:00:43.309566"
737,2030,9,22,1,"2015-01-29 03:00:44.181592","2015-01-29 03:00:44.181592"
738,2030,9,21,3,"2015-01-29 03:00:44.345597","2015-01-29 03:00:44.345597"
739,2031,9,22,1,"2015-01-29 03:00:44.687608","2015-01-29 03:00:44.687608"
740,2031,9,21,3,"2015-01-29 03:00:44.841612","2015-01-29 03:00:44.841612"
741,2032,6,,3,"2015-01-29 03:00:45.168622","2015-01-29 03:00:45.168622"
742,2032,9,22,1,"2015-01-29 03:00:45.324627","2015-01-29 03:00:45.324627"
743,2032,9,21,3,"2015-01-29 03:00:45.502633","2015-01-29 03:00:45.502633"
744,2033,9,22,1,"2015-01-29 03:00:46.404660","2015-01-29 03:00:46.404660"
745,2034,6,,3,"2015-01-29 03:00:46.697669","2015-01-29 03:00:46.697669"
746,2034,9,22,1,"2015-01-29 03:00:46.843674","2015-01-29 03:00:46.843674"
747,2034,9,21,3,"2015-01-29 03:00:46.997678","2015-01-29 03:00:46.997678"
748,2038,1,,3,"2015-01-29 03:00:48.810734","2015-01-29 03:00:48.810734"
749,2038,9,,3,"2015-01-29 03:00:48.964738","2015-01-29 03:00:48.964738"
750,2039,1,,3,"2015-01-29 03:00:49.999770","2015-01-29 03:00:49.999770"
751,2039,9,,3,"2015-01-29 03:00:50.174775","2015-01-29 03:00:50.174775"
752,2042,1,,3,"2015-01-29 03:00:51.540817","2015-01-29 03:00:51.540817"
753,2042,9,,3,"2015-01-29 03:00:51.682821","2015-01-29 03:00:51.682821"
754,2048,1,,3,"2015-01-29 03:00:53.763885","2015-01-29 03:00:53.763885"
755,2048,9,,3,"2015-01-29 03:00:54.035893","2015-01-29 03:00:54.035893"
756,2049,1,,3,"2015-01-29 03:00:55.029923","2015-01-29 03:00:55.029923"
757,2049,9,,3,"2015-01-29 03:00:55.179928","2015-01-29 03:00:55.179928"
758,2052,1,,3,"2015-01-29 03:00:56.470967","2015-01-29 03:00:56.470967"
759,2052,9,,3,"2015-01-29 03:00:56.613971","2015-01-29 03:00:56.613971"
760,2058,1,,1,"2015-01-29 03:00:58.364025","2015-01-29 03:00:58.364025"
761,2059,1,,1,"2015-01-29 03:00:58.683035","2015-01-29 03:00:58.683035"
762,2059,6,,3,"2015-01-29 03:00:59.017045","2015-01-29 03:00:59.017045"
763,2060,1,,1,"2015-01-29 03:01:00.378086","2015-01-29 03:01:00.378086"
764,2060,6,,3,"2015-01-29 03:01:00.554092","2015-01-29 03:01:00.554092"
765,2061,1,,1,"2015-01-29 03:01:01.479120","2015-01-29 03:01:01.479120"
766,2062,1,,1,"2015-01-29 03:01:01.786129","2015-01-29 03:01:01.786129"
767,2062,6,,3,"2015-01-29 03:01:01.963135","2015-01-29 03:01:01.963135"
768,2068,1,1,1,"2015-01-29 03:01:03.705188","2015-01-29 03:01:03.705188"
769,2069,1,1,1,"2015-01-29 03:01:04.068199","2015-01-29 03:01:04.068199"
770,2069,1,2,3,"2015-01-29 03:01:04.233204","2015-01-29 03:01:04.233204"
771,2069,6,,3,"2015-01-29 03:01:04.405209","2015-01-29 03:01:04.405209"
772,2070,1,1,1,"2015-01-29 03:01:05.433240","2015-01-29 03:01:05.433240"
773,2070,1,2,3,"2015-01-29 03:01:05.593245","2015-01-29 03:01:05.593245"
774,2070,6,,3,"2015-01-29 03:01:05.770251","2015-01-29 03:01:05.770251"
775,2071,1,1,1,"2015-01-29 03:01:06.809282","2015-01-29 03:01:06.809282"
776,2072,1,1,1,"2015-01-29 03:01:07.117292","2015-01-29 03:01:07.117292"
777,2072,1,2,3,"2015-01-29 03:01:07.281297","2015-01-29 03:01:07.281297"
778,2072,6,,3,"2015-01-29 03:01:07.443302","2015-01-29 03:01:07.443302"
779,2077,12,,4,"2015-01-29 03:01:09.106353","2015-01-29 03:01:09.106353"
780,2077,68,,4,"2015-01-29 03:01:09.260357","2015-01-29 03:01:09.260357"
781,2080,12,,4,"2015-01-29 03:01:10.898407","2015-01-29 03:01:10.898407"
782,2080,68,,4,"2015-01-29 03:01:11.064412","2015-01-29 03:01:11.064412"
783,2085,12,,4,"2015-01-29 03:01:13.189477","2015-01-29 03:01:13.189477"
784,2085,68,,4,"2015-01-29 03:01:13.342482","2015-01-29 03:01:13.342482"
785,2087,12,,4,"2015-01-29 03:01:14.462516","2015-01-29 03:01:14.462516"
786,2087,68,,4,"2015-01-29 03:01:14.608520","2015-01-29 03:01:14.608520"
787,2090,12,,4,"2015-01-29 03:01:15.941561","2015-01-29 03:01:15.941561"
788,2090,68,,4,"2015-01-29 03:01:16.072565","2015-01-29 03:01:16.072565"
789,2094,12,,4,"2015-01-29 03:01:17.998624","2015-01-29 03:01:17.998624"
790,2094,68,,4,"2015-01-29 03:01:18.173629","2015-01-29 03:01:18.173629"
791,2095,5,,5,"2015-01-29 03:01:19.176660","2015-01-29 03:01:19.176660"
792,2096,6,,8,"2015-01-29 03:01:20.716707","2015-01-29 03:01:20.716707"
793,2096,13,,8,"2015-01-29 03:01:20.903712","2015-01-29 03:01:20.903712"
794,2096,9,,4,"2015-01-29 03:01:21.066717","2015-01-29 03:01:21.066717"
795,2101,5,,5,"2015-01-29 03:01:22.937774","2015-01-29 03:01:22.937774"
796,2102,6,,8,"2015-01-29 03:01:23.699798","2015-01-29 03:01:23.699798"
797,2102,13,,8,"2015-01-29 03:01:23.874803","2015-01-29 03:01:23.874803"
798,2102,9,,4,"2015-01-29 03:01:24.040808","2015-01-29 03:01:24.040808"
799,2107,18,,10,"2015-01-29 03:01:25.526853","2015-01-29 03:01:25.526853"
800,2110,2,,5,"2015-01-29 03:01:26.979898","2015-01-29 03:01:26.979898"
801,2110,9,,8,"2015-01-29 03:01:27.132902","2015-01-29 03:01:27.132902"
802,2110,18,,10,"2015-01-29 03:01:27.275907","2015-01-29 03:01:27.275907"
803,2112,2,,5,"2015-01-29 03:01:28.376940","2015-01-29 03:01:28.376940"
804,2112,9,,8,"2015-01-29 03:01:28.529945","2015-01-29 03:01:28.529945"
805,2114,2,,5,"2015-01-29 03:01:29.444973","2015-01-29 03:01:29.444973"
806,2114,9,,8,"2015-01-29 03:01:29.608978","2015-01-29 03:01:29.608978"
807,2116,6,,5,"2015-01-29 03:01:30.622009","2015-01-29 03:01:30.622009"
808,2116,13,,5,"2015-01-29 03:01:30.775013","2015-01-29 03:01:30.775013"
809,2117,18,,10,"2015-01-29 03:01:31.844046","2015-01-29 03:01:31.844046"
810,2120,2,,5,"2015-01-29 03:01:33.187087","2015-01-29 03:01:33.187087"
811,2120,9,,8,"2015-01-29 03:01:33.329091","2015-01-29 03:01:33.329091"
812,2120,18,,10,"2015-01-29 03:01:33.494096","2015-01-29 03:01:33.494096"
813,2122,2,,5,"2015-01-29 03:01:34.486127","2015-01-29 03:01:34.486127"
814,2122,9,,8,"2015-01-29 03:01:34.650132","2015-01-29 03:01:34.650132"
815,2124,2,,5,"2015-01-29 03:01:35.641162","2015-01-29 03:01:35.641162"
816,2124,9,,8,"2015-01-29 03:01:35.806167","2015-01-29 03:01:35.806167"
817,2126,6,,5,"2015-01-29 03:01:36.862199","2015-01-29 03:01:36.862199"
818,2126,13,,5,"2015-01-29 03:01:37.027204","2015-01-29 03:01:37.027204"
819,2127,5,,5,"2015-01-29 03:01:37.845229","2015-01-29 03:01:37.845229"
820,2127,13,,3,"2015-01-29 03:01:38.051235","2015-01-29 03:01:38.051235"
821,2131,2,,8,"2015-01-29 03:01:39.361275","2015-01-29 03:01:39.361275"
822,2131,9,,4,"2015-01-29 03:01:39.514280","2015-01-29 03:01:39.514280"
823,2131,13,,3,"2015-01-29 03:01:39.657284","2015-01-29 03:01:39.657284"
824,2132,9,,4,"2015-01-29 03:01:40.734317","2015-01-29 03:01:40.734317"
825,2133,2,,8,"2015-01-29 03:01:41.650345","2015-01-29 03:01:41.650345"
826,2133,9,,4,"2015-01-29 03:01:41.803350","2015-01-29 03:01:41.803350"
827,2135,2,,8,"2015-01-29 03:01:42.499371","2015-01-29 03:01:42.499371"
828,2135,9,,4,"2015-01-29 03:01:42.637375","2015-01-29 03:01:42.637375"
829,2137,5,,5,"2015-01-29 03:01:43.829412","2015-01-29 03:01:43.829412"
830,2137,13,,3,"2015-01-29 03:01:43.994417","2015-01-29 03:01:43.994417"
831,2141,2,,8,"2015-01-29 03:01:45.227454","2015-01-29 03:01:45.227454"
832,2141,9,,4,"2015-01-29 03:01:45.391459","2015-01-29 03:01:45.391459"
833,2141,13,,3,"2015-01-29 03:01:45.545464","2015-01-29 03:01:45.545464"
834,2142,9,,4,"2015-01-29 03:01:46.427491","2015-01-29 03:01:46.427491"
835,2143,2,,8,"2015-01-29 03:01:47.439522","2015-01-29 03:01:47.439522"
836,2143,9,,4,"2015-01-29 03:01:47.614527","2015-01-29 03:01:47.614527"
837,2145,2,,8,"2015-01-29 03:01:48.275547","2015-01-29 03:01:48.275547"
838,2145,9,,4,"2015-01-29 03:01:48.428552","2015-01-29 03:01:48.428552"
839,2147,2,3,4,"2015-01-29 03:01:49.423582","2015-01-29 03:01:49.423582"
840,2149,2,,4,"2015-01-29 03:01:50.113603","2015-01-29 03:01:50.113603"
841,2149,5,,8,"2015-01-29 03:01:50.277608","2015-01-29 03:01:50.277608"
842,2151,2,4,4,"2015-01-29 03:01:51.253638","2015-01-29 03:01:51.253638"
843,2151,5,,8,"2015-01-29 03:01:51.434643","2015-01-29 03:01:51.434643"
844,2153,6,,4,"2015-01-29 03:01:52.601679","2015-01-29 03:01:52.601679"
845,2153,13,,8,"2015-01-29 03:01:52.765684","2015-01-29 03:01:52.765684"
846,2155,6,,4,"2015-01-29 03:01:53.680712","2015-01-29 03:01:53.680712"
847,2155,13,,8,"2015-01-29 03:01:53.833717","2015-01-29 03:01:53.833717"
848,2156,6,,4,"2015-01-29 03:01:54.813747","2015-01-29 03:01:54.813747"
849,2156,13,,8,"2015-01-29 03:01:54.987752","2015-01-29 03:01:54.987752"
850,2157,2,3,4,"2015-01-29 03:01:56.148787","2015-01-29 03:01:56.148787"
851,2159,2,,4,"2015-01-29 03:01:56.844808","2015-01-29 03:01:56.844808"
852,2159,5,,8,"2015-01-29 03:01:56.988813","2015-01-29 03:01:56.988813"
853,2161,2,4,4,"2015-01-29 03:01:57.975843","2015-01-29 03:01:57.975843"
854,2161,5,,8,"2015-01-29 03:01:58.114847","2015-01-29 03:01:58.114847"
855,2163,6,,4,"2015-01-29 03:01:59.028875","2015-01-29 03:01:59.028875"
856,2163,13,,8,"2015-01-29 03:01:59.170879","2015-01-29 03:01:59.170879"
857,2165,6,,4,"2015-01-29 03:02:00.084907","2015-01-29 03:02:00.084907"
858,2165,13,,8,"2015-01-29 03:02:00.238912","2015-01-29 03:02:00.238912"
859,2166,6,,4,"2015-01-29 03:02:01.174941","2015-01-29 03:02:01.174941"
860,2166,13,,8,"2015-01-29 03:02:01.316945","2015-01-29 03:02:01.316945"
861,2167,15,,10,"2015-01-29 03:02:02.561983","2015-01-29 03:02:02.561983"
862,2175,15,,10,"2015-01-29 03:02:05.995088","2015-01-29 03:02:05.995088"
863,2282,66,,4,"2015-01-29 03:02:48.092371","2015-01-29 03:02:48.092371"
864,2283,9,,5,"2015-01-29 03:02:48.974398","2015-01-29 03:02:48.974398"
865,2283,66,,4,"2015-01-29 03:02:49.149404","2015-01-29 03:02:49.149404"
866,2283,11,,8,"2015-01-29 03:02:49.300408","2015-01-29 03:02:49.300408"
867,2283,42,,5,"2015-01-29 03:02:49.542416","2015-01-29 03:02:49.542416"
868,2283,40,,8,"2015-01-29 03:02:49.729421","2015-01-29 03:02:49.729421"
869,2283,18,,3,"2015-01-29 03:02:49.944428","2015-01-29 03:02:49.944428"
870,2287,18,,3,"2015-01-29 03:02:52.067493","2015-01-29 03:02:52.067493"
871,2288,11,,6,"2015-01-29 03:02:53.075523","2015-01-29 03:02:53.075523"
872,2288,18,,3,"2015-01-29 03:02:53.235528","2015-01-29 03:02:53.235528"
873,2288,66,,4,"2015-01-29 03:02:53.394533","2015-01-29 03:02:53.394533"
874,2288,40,,6,"2015-01-29 03:02:53.573539","2015-01-29 03:02:53.573539"
875,2289,11,,6,"2015-01-29 03:02:55.015583","2015-01-29 03:02:55.015583"
876,2289,40,,6,"2015-01-29 03:02:55.180588","2015-01-29 03:02:55.180588"
877,2290,11,,6,"2015-01-29 03:02:55.650602","2015-01-29 03:02:55.650602"
878,2290,40,,6,"2015-01-29 03:02:55.795606","2015-01-29 03:02:55.795606"
879,2291,18,,3,"2015-01-29 03:02:56.556630","2015-01-29 03:02:56.556630"
880,2291,66,,4,"2015-01-29 03:02:56.699634","2015-01-29 03:02:56.699634"
881,2294,18,,3,"2015-01-29 03:02:58.152678","2015-01-29 03:02:58.152678"
882,2294,66,,4,"2015-01-29 03:02:58.305683","2015-01-29 03:02:58.305683"
883,2297,18,,3,"2015-01-29 03:03:01.054767","2015-01-29 03:03:01.054767"
884,2298,11,,6,"2015-01-29 03:03:02.003796","2015-01-29 03:03:02.003796"
885,2298,18,,3,"2015-01-29 03:03:02.169801","2015-01-29 03:03:02.169801"
886,2298,66,,4,"2015-01-29 03:03:02.333806","2015-01-29 03:03:02.333806"
887,2298,40,,6,"2015-01-29 03:03:02.487811","2015-01-29 03:03:02.487811"
888,2299,11,,6,"2015-01-29 03:03:03.423839","2015-01-29 03:03:03.423839"
889,2299,40,,6,"2015-01-29 03:03:03.587844","2015-01-29 03:03:03.587844"
890,2300,11,,6,"2015-01-29 03:03:04.504872","2015-01-29 03:03:04.504872"
891,2300,40,,6,"2015-01-29 03:03:04.768880","2015-01-29 03:03:04.768880"
892,2301,18,,3,"2015-01-29 03:03:05.848913","2015-01-29 03:03:05.848913"
893,2301,66,,4,"2015-01-29 03:03:06.222924","2015-01-29 03:03:06.222924"
894,2304,18,,3,"2015-01-29 03:03:08.225986","2015-01-29 03:03:08.225986"
895,2304,66,,4,"2015-01-29 03:03:08.640998","2015-01-29 03:03:08.640998"
896,2307,1,,8,"2015-01-29 03:03:11.481085","2015-01-29 03:03:11.481085"
897,2307,18,,7,"2015-01-29 03:03:11.644090","2015-01-29 03:03:11.644090"
898,2307,66,,10,"2015-01-29 03:03:11.788094","2015-01-29 03:03:11.788094"
899,2308,9,,6,"2015-01-29 03:03:12.834126","2015-01-29 03:03:12.834126"
900,2308,42,,6,"2015-01-29 03:03:12.987131","2015-01-29 03:03:12.987131"
901,2310,1,,8,"2015-01-29 03:03:13.748154","2015-01-29 03:03:13.748154"
902,2310,9,,6,"2015-01-29 03:03:14.026162","2015-01-29 03:03:14.026162"
903,2310,18,,7,"2015-01-29 03:03:14.154166","2015-01-29 03:03:14.154166"
904,2310,66,,10,"2015-01-29 03:03:14.330172","2015-01-29 03:03:14.330172"
905,2310,42,,6,"2015-01-29 03:03:14.487176","2015-01-29 03:03:14.487176"
906,2311,1,,8,"2015-01-29 03:03:15.285201","2015-01-29 03:03:15.285201"
907,2311,9,,6,"2015-01-29 03:03:15.430205","2015-01-29 03:03:15.430205"
908,2311,18,,7,"2015-01-29 03:03:15.582210","2015-01-29 03:03:15.582210"
909,2311,66,,10,"2015-01-29 03:03:15.714214","2015-01-29 03:03:15.714214"
910,2311,42,,6,"2015-01-29 03:03:15.916220","2015-01-29 03:03:15.916220"
911,2313,1,,8,"2015-01-29 03:03:16.829248","2015-01-29 03:03:16.829248"
912,2313,9,,6,"2015-01-29 03:03:16.969252","2015-01-29 03:03:16.969252"
913,2313,18,,7,"2015-01-29 03:03:17.134257","2015-01-29 03:03:17.134257"
914,2313,66,,10,"2015-01-29 03:03:17.291262","2015-01-29 03:03:17.291262"
915,2313,42,,6,"2015-01-29 03:03:17.453267","2015-01-29 03:03:17.453267"
916,2314,1,,8,"2015-01-29 03:03:18.337294","2015-01-29 03:03:18.337294"
917,2314,18,,7,"2015-01-29 03:03:18.490299","2015-01-29 03:03:18.490299"
918,2314,66,,10,"2015-01-29 03:03:18.657304","2015-01-29 03:03:18.657304"
919,2317,1,,8,"2015-01-29 03:03:19.691335","2015-01-29 03:03:19.691335"
920,2317,18,,7,"2015-01-29 03:03:19.910342","2015-01-29 03:03:19.910342"
921,2317,66,,10,"2015-01-29 03:03:20.075347","2015-01-29 03:03:20.075347"
922,2318,9,,6,"2015-01-29 03:03:20.748367","2015-01-29 03:03:20.748367"
923,2318,42,,6,"2015-01-29 03:03:20.912372","2015-01-29 03:03:20.912372"
924,2320,1,,8,"2015-01-29 03:03:21.738398","2015-01-29 03:03:21.738398"
925,2320,9,,6,"2015-01-29 03:03:21.968405","2015-01-29 03:03:21.968405"
926,2320,18,,7,"2015-01-29 03:03:22.110409","2015-01-29 03:03:22.110409"
927,2320,66,,10,"2015-01-29 03:03:22.265414","2015-01-29 03:03:22.265414"
928,2320,42,,6,"2015-01-29 03:03:22.441419","2015-01-29 03:03:22.441419"
929,2321,1,,8,"2015-01-29 03:03:23.245444","2015-01-29 03:03:23.245444"
930,2321,9,,6,"2015-01-29 03:03:23.410449","2015-01-29 03:03:23.410449"
931,2321,18,,7,"2015-01-29 03:03:23.575454","2015-01-29 03:03:23.575454"
932,2321,66,,10,"2015-01-29 03:03:23.748459","2015-01-29 03:03:23.748459"
933,2321,42,,6,"2015-01-29 03:03:23.993466","2015-01-29 03:03:23.993466"
934,2323,1,,8,"2015-01-29 03:03:25.470511","2015-01-29 03:03:25.470511"
935,2323,9,,6,"2015-01-29 03:03:25.619516","2015-01-29 03:03:25.619516"
936,2323,18,,7,"2015-01-29 03:03:25.762520","2015-01-29 03:03:25.762520"
937,2323,66,,10,"2015-01-29 03:03:26.007528","2015-01-29 03:03:26.007528"
938,2323,42,,6,"2015-01-29 03:03:26.189533","2015-01-29 03:03:26.189533"
939,2325,1,,8,"2015-01-29 03:03:27.616577","2015-01-29 03:03:27.616577"
940,2325,18,,7,"2015-01-29 03:03:27.765581","2015-01-29 03:03:27.765581"
941,2325,66,,10,"2015-01-29 03:03:28.028589","2015-01-29 03:03:28.028589"
942,2328,12,,6,"2015-01-29 03:03:29.095622","2015-01-29 03:03:29.095622"
943,2328,70,,10,"2015-01-29 03:03:29.273627","2015-01-29 03:03:29.273627"
944,2328,18,,6,"2015-01-29 03:03:29.440633","2015-01-29 03:03:29.440633"
945,2330,12,,6,"2015-01-29 03:03:30.671670","2015-01-29 03:03:30.671670"
946,2330,70,,10,"2015-01-29 03:03:30.902677","2015-01-29 03:03:30.902677"
947,2330,18,,6,"2015-01-29 03:03:31.055682","2015-01-29 03:03:31.055682"
948,2334,12,,6,"2015-01-29 03:03:34.094775","2015-01-29 03:03:34.094775"
949,2334,70,,10,"2015-01-29 03:03:34.262780","2015-01-29 03:03:34.262780"
950,2334,18,,6,"2015-01-29 03:03:34.437785","2015-01-29 03:03:34.437785"
951,2337,12,,6,"2015-01-29 03:03:35.580820","2015-01-29 03:03:35.580820"
952,2337,70,,10,"2015-01-29 03:03:35.747825","2015-01-29 03:03:35.747825"
953,2337,18,,6,"2015-01-29 03:03:35.970832","2015-01-29 03:03:35.970832"
954,2351,15,,5,"2015-01-29 03:03:44.531093","2015-01-29 03:03:44.531093"
955,2351,44,,5,"2015-01-29 03:03:44.695098","2015-01-29 03:03:44.695098"
956,2351,18,,4,"2015-01-29 03:03:44.849103","2015-01-29 03:03:44.849103"
957,2351,64,,5,"2015-01-29 03:03:45.015108","2015-01-29 03:03:45.015108"
958,2356,18,,4,"2015-01-29 03:03:46.611156","2015-01-29 03:03:46.611156"
959,2356,54,,10,"2015-01-29 03:03:46.754161","2015-01-29 03:03:46.754161"
960,2357,15,,5,"2015-01-29 03:03:47.790192","2015-01-29 03:03:47.790192"
961,2357,44,,5,"2015-01-29 03:03:48.019199","2015-01-29 03:03:48.019199"
962,2357,18,,4,"2015-01-29 03:03:48.173204","2015-01-29 03:03:48.173204"
963,2357,64,,5,"2015-01-29 03:03:48.347209","2015-01-29 03:03:48.347209"
964,2362,18,,4,"2015-01-29 03:03:49.715251","2015-01-29 03:03:49.715251"
965,2362,54,,10,"2015-01-29 03:03:49.901257","2015-01-29 03:03:49.901257"
966,2377,11,,5,"2015-01-29 03:03:55.493427","2015-01-29 03:03:55.493427"
967,2377,14,,5,"2015-01-29 03:03:55.655432","2015-01-29 03:03:55.655432"
968,2379,11,,5,"2015-01-29 03:03:57.066475","2015-01-29 03:03:57.066475"
969,2379,14,,5,"2015-01-29 03:03:57.206479","2015-01-29 03:03:57.206479"
970,2380,11,,5,"2015-01-29 03:03:57.991503","2015-01-29 03:03:57.991503"
971,2383,11,,5,"2015-01-29 03:03:59.125538","2015-01-29 03:03:59.125538"
972,2383,14,,5,"2015-01-29 03:03:59.287543","2015-01-29 03:03:59.287543"
973,2385,11,,5,"2015-01-29 03:04:00.442578","2015-01-29 03:04:00.442578"
974,2385,14,,5,"2015-01-29 03:04:00.607583","2015-01-29 03:04:00.607583"
975,2386,11,,5,"2015-01-29 03:04:01.392607","2015-01-29 03:04:01.392607"
976,2387,2,,5,"2015-01-29 03:04:01.686616","2015-01-29 03:04:01.686616"
977,2388,14,,6,"2015-01-29 03:04:02.261634","2015-01-29 03:04:02.261634"
978,2391,2,,5,"2015-01-29 03:04:03.678677","2015-01-29 03:04:03.678677"
979,2391,14,,6,"2015-01-29 03:04:03.834682","2015-01-29 03:04:03.834682"
980,2393,2,,5,"2015-01-29 03:04:05.211724","2015-01-29 03:04:05.211724"
981,2393,14,,6,"2015-01-29 03:04:05.375729","2015-01-29 03:04:05.375729"
982,2397,2,,5,"2015-01-29 03:04:07.269786","2015-01-29 03:04:07.269786"
983,2398,14,,6,"2015-01-29 03:04:07.754801","2015-01-29 03:04:07.754801"
984,2401,2,,5,"2015-01-29 03:04:09.162844","2015-01-29 03:04:09.162844"
985,2401,14,,6,"2015-01-29 03:04:09.326849","2015-01-29 03:04:09.326849"
986,2403,2,,5,"2015-01-29 03:04:11.220907","2015-01-29 03:04:11.220907"
987,2403,14,,6,"2015-01-29 03:04:11.486915","2015-01-29 03:04:11.486915"
988,2409,36,,4,"2015-01-29 03:04:14.235999","2015-04-13 20:58:20.826049"
989,2409,71,,4,"2015-01-29 03:04:14.422004","2015-01-29 03:04:14.422004"
990,2410,36,,4,"2015-01-29 03:04:15.909050","2015-04-13 20:58:21.016054"
991,2410,71,,4,"2015-01-29 03:04:16.062054","2015-01-29 03:04:16.062054"
992,2411,36,,4,"2015-01-29 03:04:16.965082","2015-04-13 20:58:21.125057"
993,2411,71,,4,"2015-01-29 03:04:17.152088","2015-01-29 03:04:17.152088"
994,2413,36,,4,"2015-01-29 03:04:18.151118","2015-04-13 20:58:21.239060"
995,2413,71,,4,"2015-01-29 03:04:18.297123","2015-01-29 03:04:18.297123"
996,2419,36,,4,"2015-01-29 03:04:20.201181","2015-04-13 20:58:21.360063"
997,2419,71,,4,"2015-01-29 03:04:20.365186","2015-01-29 03:04:20.365186"
998,2420,36,,4,"2015-01-29 03:04:21.224212","2015-04-13 20:58:21.478065"
999,2420,71,,4,"2015-01-29 03:04:21.399217","2015-01-29 03:04:21.399217"
1000,2421,36,,4,"2015-01-29 03:04:22.391248","2015-04-13 20:58:21.588068"
1001,2421,71,,4,"2015-01-29 03:04:22.544252","2015-01-29 03:04:22.544252"
1002,2423,36,,4,"2015-01-29 03:04:23.712288","2015-04-13 20:58:21.723071"
1003,2423,71,,4,"2015-01-29 03:04:23.909294","2015-01-29 03:04:23.909294"
1004,2451,2,,12,"2015-01-29 03:04:33.650591","2015-01-29 03:04:33.650591"
1005,2451,14,,7,"2015-01-29 03:04:33.814596","2015-01-29 03:04:33.814596"
1006,2460,18,,6,"2015-01-29 03:04:36.215669","2015-01-29 03:04:36.215669"
1007,2461,2,,12,"2015-01-29 03:04:37.898720","2015-01-29 03:04:37.898720"
1008,2461,14,,7,"2015-01-29 03:04:38.051725","2015-01-29 03:04:38.051725"
1009,2470,18,,6,"2015-01-29 03:04:40.308794","2015-01-29 03:04:40.308794"
1010,2515,13,,2,"2015-01-29 03:04:58.567351","2015-01-29 03:04:58.567351"
1011,2516,13,,2,"2015-01-29 03:04:58.875360","2015-01-29 03:04:58.875360"
1012,2517,13,,2,"2015-01-29 03:05:00.086397","2015-01-29 03:05:00.086397"
1013,2518,13,,2,"2015-01-29 03:05:00.405407","2015-01-29 03:05:00.405407"
1014,2519,13,,2,"2015-01-29 03:05:01.375436","2015-01-29 03:05:01.375436"
1015,2520,13,,2,"2015-01-29 03:05:01.715447","2015-01-29 03:05:01.715447"
1016,2522,13,,2,"2015-01-29 03:05:02.881482","2015-01-29 03:05:02.881482"
1017,2524,13,,2,"2015-01-29 03:05:04.004517","2015-01-29 03:05:04.004517"
1018,2526,13,,2,"2015-01-29 03:05:05.101550","2015-01-29 03:05:05.101550"
1019,2561,14,39,4,"2015-01-29 03:05:19.239981","2015-01-29 03:05:19.239981"
1020,2564,14,40,4,"2015-01-29 03:05:20.732027","2015-01-29 03:05:20.732027"
1021,2568,14,40,4,"2015-01-29 03:05:22.471080","2015-01-29 03:05:22.471080"
1022,2569,14,39,4,"2015-01-29 03:05:23.488111","2015-01-29 03:05:23.488111"
1023,2571,14,40,4,"2015-01-29 03:05:24.511142","2015-01-29 03:05:24.511142"
1024,2574,14,40,4,"2015-01-29 03:05:25.844183","2015-01-29 03:05:25.844183"
1025,2577,14,40,4,"2015-01-29 03:05:27.264226","2015-01-29 03:05:27.264226"
1026,2585,19,,3,"2015-01-29 03:05:30.932338","2015-04-13 20:57:45.197173"
1027,2585,54,,3,"2015-01-29 03:05:31.089343","2015-01-29 03:05:31.089343"
1028,2587,19,,3,"2015-01-29 03:05:32.360382","2015-04-13 20:57:45.330176"
1029,2587,54,,3,"2015-01-29 03:05:32.564388","2015-01-29 03:05:32.564388"
1030,2597,19,,3,"2015-01-29 03:05:35.445476","2015-04-13 20:57:45.438179"
1031,2597,54,,3,"2015-01-29 03:05:35.611481","2015-01-29 03:05:35.611481"
1032,2598,19,,3,"2015-01-29 03:05:36.493508","2015-04-13 20:57:45.523181"
1033,2598,54,,3,"2015-01-29 03:05:36.658513","2015-01-29 03:05:36.658513"
1034,2619,2,,13,"2015-01-29 03:05:44.604755","2015-01-29 03:05:44.604755"
1035,2619,6,,8,"2015-01-29 03:05:44.758760","2015-01-29 03:05:44.758760"
1036,2619,10,,3,"2015-01-29 03:05:44.898764","2015-01-29 03:05:44.898764"
1037,2625,2,,13,"2015-01-29 03:05:47.929856","2015-01-29 03:05:47.929856"
1038,2625,6,,8,"2015-01-29 03:05:48.078861","2015-01-29 03:05:48.078861"
1039,2625,10,,3,"2015-01-29 03:05:48.235866","2015-01-29 03:05:48.235866"
1040,2631,2,,10,"2015-01-29 03:05:50.900947","2015-01-29 03:05:50.900947"
1041,2631,6,,6,"2015-01-29 03:05:51.050952","2015-01-29 03:05:51.050952"
1042,2636,1,,3,"2015-01-29 03:05:54.587059","2015-01-29 03:05:54.587059"
1043,2637,2,,10,"2015-01-29 03:05:55.556089","2015-01-29 03:05:55.556089"
1044,2637,6,,6,"2015-01-29 03:05:55.718094","2015-01-29 03:05:55.718094"
1045,2642,1,,3,"2015-01-29 03:05:58.769187","2015-01-29 03:05:58.769187"
1046,2688,18,,6,"2015-01-29 03:06:19.372815","2015-01-29 03:06:19.372815"
1047,2688,36,,10,"2015-01-29 03:06:19.547821","2015-01-29 03:06:19.547821"
1048,2690,18,,6,"2015-01-29 03:06:20.846860","2015-01-29 03:06:20.846860"
1049,2690,36,,10,"2015-01-29 03:06:21.011865","2015-01-29 03:06:21.011865"
1050,2691,18,,6,"2015-01-29 03:06:22.101899","2015-01-29 03:06:22.101899"
1051,2691,36,,10,"2015-01-29 03:06:22.287904","2015-01-29 03:06:22.287904"
1052,2694,18,,6,"2015-01-29 03:06:23.499941","2015-01-29 03:06:23.499941"
1053,2694,36,,10,"2015-01-29 03:06:23.674947","2015-01-29 03:06:23.674947"
1054,2696,18,,6,"2015-01-29 03:06:24.910984","2015-01-29 03:06:24.910984"
1055,2696,36,,10,"2015-01-29 03:06:25.072989","2015-01-29 03:06:25.072989"
1056,2697,18,,6,"2015-01-29 03:06:26.043019","2015-01-29 03:06:26.043019"
1057,2697,36,,10,"2015-01-29 03:06:26.195023","2015-01-29 03:06:26.195023"
1058,2736,70,,6,"2015-01-29 03:06:40.313454","2015-01-29 03:06:40.313454"
1059,2737,70,,6,"2015-01-29 03:06:41.065477","2015-01-29 03:06:41.065477"
1060,2738,70,,6,"2015-01-29 03:06:41.824500","2015-01-29 03:06:41.824500"
1061,2739,70,,6,"2015-01-29 03:06:42.616524","2015-01-29 03:06:42.616524"
1062,2746,70,,6,"2015-01-29 03:06:45.831622","2015-01-29 03:06:45.831622"
1063,2747,70,,6,"2015-01-29 03:06:46.491642","2015-01-29 03:06:46.491642"
1064,2748,70,,6,"2015-01-29 03:06:47.294667","2015-01-29 03:06:47.294667"
1065,2749,70,,6,"2015-01-29 03:06:48.116692","2015-01-29 03:06:48.116692"
1066,2769,15,,5,"2015-01-29 03:06:54.323881","2015-01-29 03:06:54.323881"
1067,2770,15,,5,"2015-01-29 03:06:55.751925","2015-01-29 03:06:55.751925"
1068,2772,15,,5,"2015-01-29 03:06:56.921961","2015-01-29 03:06:56.921961"
1069,2775,15,,5,"2015-01-29 03:06:58.153998","2015-01-29 03:06:58.153998"
1070,2779,15,,5,"2015-01-29 03:06:59.541040","2015-01-29 03:06:59.541040"
1071,2780,15,,5,"2015-01-29 03:07:00.568072","2015-01-29 03:07:00.568072"
1072,2782,15,,5,"2015-01-29 03:07:01.734107","2015-01-29 03:07:01.734107"
1073,2785,15,,5,"2015-01-29 03:07:03.066148","2015-01-29 03:07:03.066148"
1074,2789,4,,5,"2015-01-29 03:07:04.662197","2015-01-29 03:07:04.662197"
1075,2789,67,,5,"2015-01-29 03:07:04.837202","2015-01-29 03:07:04.837202"
1076,2789,18,,5,"2015-01-29 03:07:05.008207","2015-01-29 03:07:05.008207"
1077,2791,4,,5,"2015-01-29 03:07:06.499253","2015-01-29 03:07:06.499253"
1078,2791,18,,5,"2015-01-29 03:07:06.675258","2015-01-29 03:07:06.675258"
1079,2792,4,,5,"2015-01-29 03:07:07.862294","2015-01-29 03:07:07.862294"
1080,2792,18,,5,"2015-01-29 03:07:08.070301","2015-01-29 03:07:08.070301"
1081,2794,4,,5,"2015-01-29 03:07:09.056331","2015-01-29 03:07:09.056331"
1082,2794,67,,5,"2015-01-29 03:07:09.249337","2015-01-29 03:07:09.249337"
1083,2794,18,,5,"2015-01-29 03:07:09.404341","2015-01-29 03:07:09.404341"
1084,2797,4,,5,"2015-01-29 03:07:10.480374","2015-01-29 03:07:10.480374"
1085,2797,18,,5,"2015-01-29 03:07:10.634379","2015-01-29 03:07:10.634379"
1086,2798,4,,5,"2015-01-29 03:07:11.276398","2015-01-29 03:07:11.276398"
1087,2798,18,,5,"2015-01-29 03:07:11.429403","2015-01-29 03:07:11.429403"
1088,2799,1,,5,"2015-01-29 03:07:12.420433","2015-01-29 03:07:12.420433"
1089,2799,18,,8,"2015-01-29 03:07:12.562438","2015-01-29 03:07:12.562438"
1090,2805,1,,5,"2015-01-29 03:07:14.005482","2015-01-29 03:07:14.005482"
1091,2805,18,,8,"2015-01-29 03:07:14.169487","2015-01-29 03:07:14.169487"
1092,2805,67,,7,"2015-01-29 03:07:14.346492","2015-01-29 03:07:14.346492"
1093,2806,1,,5,"2015-01-29 03:07:15.304521","2015-01-29 03:07:15.304521"
1094,2806,18,,8,"2015-01-29 03:07:15.468526","2015-01-29 03:07:15.468526"
1095,2806,67,,7,"2015-01-29 03:07:15.636531","2015-01-29 03:07:15.636531"
1096,2808,1,,5,"2015-01-29 03:07:16.765566","2015-01-29 03:07:16.765566"
1097,2808,18,,8,"2015-01-29 03:07:16.910570","2015-01-29 03:07:16.910570"
1098,2814,1,,5,"2015-01-29 03:07:18.881630","2015-01-29 03:07:18.881630"
1099,2814,18,,8,"2015-01-29 03:07:19.047635","2015-01-29 03:07:19.047635"
1100,2814,67,,7,"2015-01-29 03:07:19.218641","2015-01-29 03:07:19.218641"
1101,2819,4,,8,"2015-01-29 03:07:20.818689","2015-01-29 03:07:20.818689"
1102,2819,15,,3,"2015-01-29 03:07:20.982694","2015-01-29 03:07:20.982694"
1103,2822,4,,6,"2015-01-29 03:07:22.690746","2015-01-29 03:07:22.690746"
1104,2822,15,,4,"2015-01-29 03:07:22.853751","2015-01-29 03:07:22.853751"
1105,2857,61,,1,"2015-01-29 03:07:40.953303","2015-01-29 03:07:40.953303"
1106,2858,61,,1,"2015-01-29 03:07:41.763328","2015-01-29 03:07:41.763328"
1107,2859,61,,1,"2015-01-29 03:07:42.305345","2015-01-29 03:07:42.305345"
1108,2860,61,,1,"2015-01-29 03:07:42.786359","2015-01-29 03:07:42.786359"
1109,2861,61,,1,"2015-01-29 03:07:43.667386","2015-01-29 03:07:43.667386"
1110,2862,61,,1,"2015-01-29 03:07:44.591414","2015-01-29 03:07:44.591414"
1111,2863,61,,1,"2015-01-29 03:07:45.383439","2015-01-29 03:07:45.383439"
1112,2864,61,,1,"2015-01-29 03:07:45.710449","2015-01-29 03:07:45.710449"
1113,2865,61,,1,"2015-01-29 03:07:46.063459","2015-01-29 03:07:46.063459"
1114,2866,61,,1,"2015-01-29 03:07:46.418470","2015-01-29 03:07:46.418470"
1115,2877,61,,1,"2015-01-29 03:07:50.306589","2015-01-29 03:07:50.306589"
1116,2878,61,,1,"2015-01-29 03:07:50.630599","2015-01-29 03:07:50.630599"
1117,2879,61,,1,"2015-01-29 03:07:50.982609","2015-01-29 03:07:50.982609"
1118,2880,61,,1,"2015-01-29 03:07:51.304619","2015-01-29 03:07:51.304619"
1119,2881,61,,1,"2015-01-29 03:07:52.184646","2015-01-29 03:07:52.184646"
1120,2882,61,,1,"2015-01-29 03:07:53.065673","2015-01-29 03:07:53.065673"
1121,2883,61,,1,"2015-01-29 03:07:53.923699","2015-01-29 03:07:53.923699"
1122,2884,61,,1,"2015-01-29 03:07:54.430715","2015-01-29 03:07:54.430715"
1123,2885,61,,1,"2015-01-29 03:07:54.771725","2015-01-29 03:07:54.771725"
1124,2886,61,,1,"2015-01-29 03:07:55.103735","2015-01-29 03:07:55.103735"
1125,2907,10,,5,"2015-01-29 03:08:02.310955","2015-01-29 03:08:02.310955"
1126,2907,18,,4,"2015-01-29 03:08:02.474960","2015-01-29 03:08:02.474960"
1127,2913,10,,5,"2015-01-29 03:08:04.434020","2015-01-29 03:08:04.434020"
1128,2913,18,,4,"2015-01-29 03:08:04.599025","2015-01-29 03:08:04.599025"
1129,2921,2,,5,"2015-01-29 03:08:07.230105","2015-01-29 03:08:07.230105"
1130,2921,18,,7,"2015-01-29 03:08:07.405110","2015-01-29 03:08:07.405110"
1131,2924,2,,5,"2015-01-29 03:08:08.265136","2015-01-29 03:08:08.265136"
1132,2924,18,,7,"2015-01-29 03:08:08.406141","2015-01-29 03:08:08.406141"
1133,2927,2,,5,"2015-01-29 03:08:10.454203","2015-01-29 03:08:10.454203"
1134,2927,18,,7,"2015-01-29 03:08:10.608208","2015-01-29 03:08:10.608208"
1135,2930,2,,5,"2015-01-29 03:08:11.401232","2015-01-29 03:08:11.401232"
1136,2930,18,,7,"2015-01-29 03:08:11.554237","2015-01-29 03:08:11.554237"
1137,2973,44,,1,"2015-01-29 03:08:25.312656","2015-01-29 03:08:25.312656"
1138,2974,44,,1,"2015-01-29 03:08:25.631666","2015-01-29 03:08:25.631666"
1139,2975,44,,1,"2015-01-29 03:08:26.005678","2015-01-29 03:08:26.005678"
1140,2976,44,,1,"2015-01-29 03:08:26.347688","2015-01-29 03:08:26.347688"
1141,2977,44,,1,"2015-01-29 03:08:26.677698","2015-01-29 03:08:26.677698"
1142,2978,44,,1,"2015-01-29 03:08:27.062710","2015-01-29 03:08:27.062710"
1143,2979,44,,1,"2015-01-29 03:08:27.568725","2015-01-29 03:08:27.568725"
1144,2980,44,,1,"2015-01-29 03:08:28.338749","2015-01-29 03:08:28.338749"
1145,2981,44,,1,"2015-01-29 03:08:28.845764","2015-01-29 03:08:28.845764"
1146,2982,44,,1,"2015-01-29 03:08:29.175774","2015-01-29 03:08:29.175774"
1147,2983,4,,7,"2015-01-29 03:08:29.516785","2015-01-29 03:08:29.516785"
1148,2983,6,,8,"2015-01-29 03:08:29.746792","2015-01-29 03:08:29.746792"
1149,2983,13,,3,"2015-01-29 03:08:30.036800","2015-01-29 03:08:30.036800"
1150,2986,13,,3,"2015-01-29 03:08:31.241837","2015-01-29 03:08:31.241837"
1151,2986,18,,5,"2015-01-29 03:08:31.398842","2015-01-29 03:08:31.398842"
1152,2990,18,,5,"2015-01-29 03:08:32.950889","2015-01-29 03:08:32.950889"
1153,2992,18,,5,"2015-01-29 03:08:34.238929","2015-01-29 03:08:34.238929"
1154,2993,4,,7,"2015-01-29 03:08:34.843947","2015-01-29 03:08:34.843947"
1155,2993,6,,8,"2015-01-29 03:08:34.982951","2015-01-29 03:08:34.982951"
1156,2993,13,,3,"2015-01-29 03:08:35.159957","2015-01-29 03:08:35.159957"
1157,2996,13,,3,"2015-01-29 03:08:36.362993","2015-01-29 03:08:36.362993"
1158,2996,18,,5,"2015-01-29 03:08:36.536999","2015-01-29 03:08:36.536999"
1159,3000,18,,5,"2015-01-29 03:08:38.037044","2015-01-29 03:08:38.037044"
1160,3002,18,,5,"2015-01-29 03:08:39.052075","2015-01-29 03:08:39.052075"
