1,urn:ucode:_00001C000000000000010000030C3D4B,odpt.StationTimetable:TokyoMetro.Chiyoda.Akasaka.Ayase,"2014-10-17 07:12:14.000000","2015-01-29 04:49:38.964897","2015-01-29 04:49:38.964897"
2,urn:ucode:_00001C000000000000010000030C3D4A,odpt.StationTimetable:TokyoMetro.Chiyoda.Akasaka.YoyogiUehara,"2014-10-17 07:12:13.000000","2015-01-29 04:49:39.576916","2015-01-29 04:49:39.576916"
3,urn:ucode:_00001C000000000000010000030C3D57,odpt.StationTimetable:TokyoMetro.ChiyodaBranch.Ayase.KitaAyase,"2014-10-17 07:12:19.000000","2015-01-29 04:49:39.953927","2015-01-29 04:49:39.953927"
4,urn:ucode:_00001C000000000000010000030C3D56,odpt.StationTimetable:TokyoMetro.Chiyoda.Ayase.YoyogiUehara,"2014-10-17 07:12:19.000000","2015-01-29 04:49:40.259937","2015-01-29 04:49:40.259937"
5,urn:ucode:_00001C000000000000010000030C3E62,odpt.StationTimetable:TokyoMetro.Chiyoda.Hibiya.Ayase,"2014-10-17 07:13:59.000000","2015-01-29 04:49:40.589947","2015-01-29 04:49:40.589947"
6,urn:ucode:_00001C000000000000010000030C3E61,odpt.StationTimetable:TokyoMetro.Chiyoda.Hibiya.YoyogiUehara,"2014-10-17 07:13:59.000000","2015-01-29 04:49:40.925957","2015-01-29 04:49:40.925957"
7,urn:ucode:_00001C000000000000010000030C3D9C,odpt.StationTimetable:TokyoMetro.Chiyoda.Kasumigaseki.Ayase,"2014-10-17 07:12:45.000000","2015-01-29 04:49:41.252967","2015-01-29 04:49:41.252967"
8,urn:ucode:_00001C000000000000010000030C3D9B,odpt.StationTimetable:TokyoMetro.Chiyoda.Kasumigaseki.YoyogiUehara,"2014-10-17 07:12:45.000000","2015-01-29 04:49:41.589977","2015-01-29 04:49:41.589977"
9,urn:ucode:_00001C000000000000010000030C3DA9,odpt.StationTimetable:TokyoMetro.ChiyodaBranch.KitaAyase.Ayase,"2014-10-17 07:12:50.000000","2015-01-29 04:49:42.000990","2015-01-29 04:49:42.000990"
10,urn:ucode:_00001C000000000000010000030C3DAE,odpt.StationTimetable:TokyoMetro.Chiyoda.KitaSenju.Ayase,"2014-10-17 07:12:52.000000","2015-01-29 04:49:42.316999","2015-01-29 04:49:42.316999"
11,urn:ucode:_00001C000000000000010000030C3DAD,odpt.StationTimetable:TokyoMetro.Chiyoda.KitaSenju.YoyogiUehara,"2014-10-17 07:12:52.000000","2015-01-29 04:49:42.647009","2015-01-29 04:49:42.647009"
12,urn:ucode:_00001C000000000000010000030C3DD4,odpt.StationTimetable:TokyoMetro.Chiyoda.KokkaiGijidomae.Ayase,"2014-10-17 07:13:07.000000","2015-01-29 04:49:42.977019","2015-01-29 04:49:42.977019"
13,urn:ucode:_00001C000000000000010000030C3DD3,odpt.StationTimetable:TokyoMetro.Chiyoda.KokkaiGijidomae.YoyogiUehara,"2014-10-17 07:13:07.000000","2015-01-29 04:49:43.318030","2015-01-29 04:49:43.318030"
14,urn:ucode:_00001C000000000000010000030C3E6D,odpt.StationTimetable:TokyoMetro.Chiyoda.Machiya.Ayase,"2014-10-17 07:14:03.000000","2015-01-29 04:49:43.648040","2015-01-29 04:49:43.648040"
15,urn:ucode:_00001C000000000000010000030C3E6C,odpt.StationTimetable:TokyoMetro.Chiyoda.Machiya.YoyogiUehara,"2014-10-17 07:14:02.000000","2015-01-29 04:49:43.990050","2015-01-29 04:49:43.990050"
16,urn:ucode:_00001C000000000000010000030C3E81,odpt.StationTimetable:TokyoMetro.Chiyoda.MeijiJingumae.Ayase,"2014-10-17 07:14:10.000000","2015-01-29 04:49:44.353061","2015-01-29 04:49:44.353061"
17,urn:ucode:_00001C000000000000010000030C3E80,odpt.StationTimetable:TokyoMetro.Chiyoda.MeijiJingumae.YoyogiUehara,"2014-10-17 07:14:10.000000","2015-01-29 04:49:44.694072","2015-01-29 04:49:44.694072"
18,urn:ucode:_00001C000000000000010000030C3E4C,odpt.StationTimetable:TokyoMetro.Chiyoda.Nezu.Ayase,"2014-10-17 07:13:51.000000","2015-01-29 04:49:45.035082","2015-01-29 04:49:45.035082"
19,urn:ucode:_00001C000000000000010000030C3E4B,odpt.StationTimetable:TokyoMetro.Chiyoda.Nezu.YoyogiUehara,"2014-10-17 07:13:51.000000","2015-01-29 04:49:45.365092","2015-01-29 04:49:45.365092"
20,urn:ucode:_00001C000000000000010000030C3E44,odpt.StationTimetable:TokyoMetro.Chiyoda.Nijubashimae.Ayase,"2014-10-17 07:13:47.000000","2015-01-29 04:49:45.673102","2015-01-29 04:49:45.673102"
21,urn:ucode:_00001C000000000000010000030C3E43,odpt.StationTimetable:TokyoMetro.Chiyoda.Nijubashimae.YoyogiUehara,"2014-10-17 07:13:47.000000","2015-01-29 04:49:45.992111","2015-01-29 04:49:45.992111"
22,urn:ucode:_00001C000000000000010000030C3E3F,odpt.StationTimetable:TokyoMetro.Chiyoda.NishiNippori.Ayase,"2014-10-17 07:13:46.000000","2015-01-29 04:49:46.312121","2015-01-29 04:49:46.312121"
23,urn:ucode:_00001C000000000000010000030C3E3E,odpt.StationTimetable:TokyoMetro.Chiyoda.NishiNippori.YoyogiUehara,"2014-10-17 07:13:45.000000","2015-01-29 04:49:46.619131","2015-01-29 04:49:46.619131"
24,urn:ucode:_00001C000000000000010000030C3E4E,odpt.StationTimetable:TokyoMetro.Chiyoda.Nogizaka.Ayase,"2014-10-17 07:13:52.000000","2015-01-29 04:49:46.928140","2015-01-29 04:49:46.928140"
25,urn:ucode:_00001C000000000000010000030C3E4D,odpt.StationTimetable:TokyoMetro.Chiyoda.Nogizaka.YoyogiUehara,"2014-10-17 07:13:52.000000","2015-01-29 04:49:47.270150","2015-01-29 04:49:47.270150"
26,urn:ucode:_00001C000000000000010000030C3D8E,odpt.StationTimetable:TokyoMetro.Chiyoda.OmoteSando.Ayase,"2014-10-17 07:12:39.000000","2015-01-29 04:49:47.588160","2015-01-29 04:49:47.588160"
27,urn:ucode:_00001C000000000000010000030C3D8D,odpt.StationTimetable:TokyoMetro.Chiyoda.OmoteSando.YoyogiUehara,"2014-10-17 07:12:39.000000","2015-01-29 04:49:48.010173","2015-01-29 04:49:48.010173"
28,urn:ucode:_00001C000000000000010000030C3D82,odpt.StationTimetable:TokyoMetro.Chiyoda.Otemachi.Ayase,"2014-10-17 07:12:34.000000","2015-01-29 04:49:48.314182","2015-01-29 04:49:48.314182"
29,urn:ucode:_00001C000000000000010000030C3D81,odpt.StationTimetable:TokyoMetro.Chiyoda.Otemachi.YoyogiUehara,"2014-10-17 07:12:34.000000","2015-01-29 04:49:48.667193","2015-01-29 04:49:48.667193"
30,urn:ucode:_00001C000000000000010000030C3E06,odpt.StationTimetable:TokyoMetro.Chiyoda.Sendagi.Ayase,"2014-10-17 07:13:26.000000","2015-01-29 04:49:49.084206","2015-01-29 04:49:49.084206"
31,urn:ucode:_00001C000000000000010000030C3E05,odpt.StationTimetable:TokyoMetro.Chiyoda.Sendagi.YoyogiUehara,"2014-10-17 07:13:26.000000","2015-01-29 04:49:49.427216","2015-01-29 04:49:49.427216"
32,urn:ucode:_00001C000000000000010000030C3DE7,odpt.StationTimetable:TokyoMetro.Chiyoda.ShinOchanomizu.Ayase,"2014-10-17 07:13:14.000000","2015-01-29 04:49:49.745226","2015-01-29 04:49:49.745226"
33,urn:ucode:_00001C000000000000010000030C3DE6,odpt.StationTimetable:TokyoMetro.Chiyoda.ShinOchanomizu.YoyogiUehara,"2014-10-17 07:13:14.000000","2015-01-29 04:49:50.097237","2015-01-29 04:49:50.097237"
34,urn:ucode:_00001C000000000000010000030C3E93,odpt.StationTimetable:TokyoMetro.Chiyoda.YoyogiKoen.Ayase,"2014-10-17 07:14:16.000000","2015-01-29 04:49:50.405246","2015-01-29 04:49:50.405246"
35,urn:ucode:_00001C000000000000010000030C3E92,odpt.StationTimetable:TokyoMetro.Chiyoda.YoyogiKoen.YoyogiUehara,"2014-10-17 07:14:15.000000","2015-01-29 04:49:50.736256","2015-01-29 04:49:50.736256"
36,urn:ucode:_00001C000000000000010000030C3E91,odpt.StationTimetable:TokyoMetro.Chiyoda.YoyogiUehara.Ayase,"2014-10-17 07:14:15.000000","2015-01-29 04:49:51.051266","2015-01-29 04:49:51.051266"
37,urn:ucode:_00001C000000000000010000030C3E8A,odpt.StationTimetable:TokyoMetro.Chiyoda.Yushima.Ayase,"2014-10-17 07:14:13.000000","2015-01-29 04:49:51.364275","2015-01-29 04:49:51.364275"
38,urn:ucode:_00001C000000000000010000030C3E89,odpt.StationTimetable:TokyoMetro.Chiyoda.Yushima.YoyogiUehara,"2014-10-17 07:14:13.000000","2015-01-29 04:49:51.660284","2015-01-29 04:49:51.660284"
42,urn:ucode:_00001C000000000000010000030C3E5C,odpt.StationTimetable:TokyoMetro.Fukutoshin.HigashiShinjuku.Shibuya,"2014-10-17 07:13:57.000000","2015-01-29 04:49:53.036326","2015-01-29 04:49:53.036326"
43,urn:ucode:_00001C000000000000010000030C3E5B,odpt.StationTimetable:TokyoMetro.Fukutoshin.HigashiShinjuku.Wakoshi,"2014-10-17 07:13:57.000000","2015-01-29 04:49:53.355336","2015-01-29 04:49:53.355336"
45,urn:ucode:_00001C000000000000010000030C3D64,odpt.StationTimetable:TokyoMetro.Fukutoshin.Ikebukuro.Shibuya,"2014-10-17 07:12:23.000000","2015-01-29 04:49:54.015356","2015-01-29 04:49:54.015356"
46,urn:ucode:_00001C000000000000010000030C3D63,odpt.StationTimetable:TokyoMetro.Fukutoshin.Ikebukuro.Wakoshi,"2014-10-17 07:12:22.000000","2015-01-29 04:49:54.368367","2015-01-29 04:49:54.368367"
47,urn:ucode:_00001C000000000000010000030C3DA0,odpt.StationTimetable:TokyoMetro.Fukutoshin.Kanamecho.Shibuya,"2014-10-17 07:12:46.000000","2015-01-29 04:49:54.709377","2015-01-29 04:49:54.709377"
48,urn:ucode:_00001C000000000000010000030C3D9F,odpt.StationTimetable:TokyoMetro.Fukutoshin.Kanamecho.Wakoshi,"2014-10-17 07:12:46.000000","2015-01-29 04:49:55.028387","2015-01-29 04:49:55.028387"
49,urn:ucode:_00001C000000000000010000030C3DAB,odpt.StationTimetable:TokyoMetro.Fukutoshin.KitaSando.Shibuya,"2014-10-17 07:12:51.000000","2015-01-29 04:49:55.336396","2015-01-29 04:49:55.336396"
50,urn:ucode:_00001C000000000000010000030C3DAA,odpt.StationTimetable:TokyoMetro.Fukutoshin.KitaSando.Wakoshi,"2014-10-17 07:12:50.000000","2015-01-29 04:49:55.666407","2015-01-29 04:49:55.666407"
51,urn:ucode:_00001C000000000000010000030C3DD0,odpt.StationTimetable:TokyoMetro.Fukutoshin.KotakeMukaihara.Shibuya,"2014-10-17 07:13:06.000000","2015-01-29 04:49:55.975416","2015-01-29 04:49:55.975416"
52,urn:ucode:_00001C000000000000010000030C3E83,odpt.StationTimetable:TokyoMetro.Fukutoshin.MeijiJingumae.Shibuya,"2014-10-17 07:14:11.000000","2015-01-29 04:49:56.316426","2015-01-29 04:49:56.316426"
53,urn:ucode:_00001C000000000000010000030C3E82,odpt.StationTimetable:TokyoMetro.Fukutoshin.MeijiJingumae.Wakoshi,"2014-10-17 07:14:10.000000","2015-01-29 04:49:56.635436","2015-01-29 04:49:56.635436"
54,urn:ucode:_00001C000000000000010000030C3E42,odpt.StationTimetable:TokyoMetro.Fukutoshin.NishiWaseda.Shibuya,"2014-10-17 07:13:47.000000","2015-01-29 04:49:56.976446","2015-01-29 04:49:56.976446"
55,urn:ucode:_00001C000000000000010000030C3E41,odpt.StationTimetable:TokyoMetro.Fukutoshin.NishiWaseda.Wakoshi,"2014-10-17 07:13:47.000000","2015-01-29 04:49:57.306457","2015-01-29 04:49:57.306457"
56,urn:ucode:_00001C000000000000010000030C3E04,odpt.StationTimetable:TokyoMetro.Fukutoshin.Senkawa.Shibuya,"2014-10-17 07:13:25.000000","2015-01-29 04:49:57.648467","2015-01-29 04:49:57.648467"
57,urn:ucode:_00001C000000000000010000030C3E03,odpt.StationTimetable:TokyoMetro.Fukutoshin.Senkawa.Wakoshi,"2014-10-17 07:13:25.000000","2015-01-29 04:49:58.021478","2015-01-29 04:49:58.021478"
58,urn:ucode:_00001C000000000000010000030C3DDD,odpt.StationTimetable:TokyoMetro.Fukutoshin.Shibuya.Wakoshi,"2014-10-17 07:13:11.000000","2015-01-29 04:49:58.396490","2015-01-29 04:49:58.396490"
59,urn:ucode:_00001C000000000000010000030C3DF2,odpt.StationTimetable:TokyoMetro.Fukutoshin.ShinjukuSanchome.Shibuya,"2014-10-17 07:13:18.000000","2015-01-29 04:49:58.737500","2015-01-29 04:49:58.737500"
60,urn:ucode:_00001C000000000000010000030C3DF1,odpt.StationTimetable:TokyoMetro.Fukutoshin.ShinjukuSanchome.Wakoshi,"2014-10-17 07:13:18.000000","2015-01-29 04:49:59.096511","2015-01-29 04:49:59.096511"
62,urn:ucode:_00001C000000000000010000030C3E08,odpt.StationTimetable:TokyoMetro.Fukutoshin.Zoshigaya.Shibuya,"2014-10-17 07:13:27.000000","2015-01-29 04:49:59.816533","2015-01-29 04:49:59.816533"
63,urn:ucode:_00001C000000000000010000030C3E07,odpt.StationTimetable:TokyoMetro.Fukutoshin.Zoshigaya.Wakoshi,"2014-10-17 07:13:27.000000","2015-01-29 04:50:00.157543","2015-01-29 04:50:00.157543"
64,urn:ucode:_00001C000000000000010000030C3D4D,odpt.StationTimetable:TokyoMetro.Ginza.AkasakaMitsuke.Asakusa,"2014-10-17 07:12:15.000000","2015-01-29 04:50:00.476553","2015-01-29 04:50:00.476553"
65,urn:ucode:_00001C000000000000010000030C3D4C,odpt.StationTimetable:TokyoMetro.Ginza.AkasakaMitsuke.Shibuya,"2014-10-17 07:12:14.000000","2015-01-29 04:50:00.806563","2015-01-29 04:50:00.806563"
66,urn:ucode:_00001C000000000000010000030C3D47,odpt.StationTimetable:TokyoMetro.Ginza.AoyamaItchome.Asakusa,"2014-10-17 07:12:12.000000","2015-01-29 04:50:01.134573","2015-01-29 04:50:01.134573"
67,urn:ucode:_00001C000000000000010000030C3D46,odpt.StationTimetable:TokyoMetro.Ginza.AoyamaItchome.Shibuya,"2014-10-17 07:12:11.000000","2015-01-29 04:50:01.445583","2015-01-29 04:50:01.445583"
68,urn:ucode:_00001C000000000000010000030C3D53,odpt.StationTimetable:TokyoMetro.Ginza.Asakusa.Shibuya,"2014-10-17 07:12:17.000000","2015-01-29 04:50:01.775593","2015-01-29 04:50:01.775593"
69,urn:ucode:_00001C000000000000010000030C3D92,odpt.StationTimetable:TokyoMetro.Ginza.Gaiemmae.Asakusa,"2014-10-17 07:12:41.000000","2015-01-29 04:50:02.250607","2015-01-29 04:50:02.250607"
70,urn:ucode:_00001C000000000000010000030C3D91,odpt.StationTimetable:TokyoMetro.Ginza.Gaiemmae.Shibuya,"2014-10-17 07:12:40.000000","2015-01-29 04:50:02.577617","2015-01-29 04:50:02.577617"
71,urn:ucode:_00001C000000000000010000030C3DB8,odpt.StationTimetable:TokyoMetro.Ginza.Ginza.Asakusa,"2014-10-17 07:12:56.000000","2015-01-29 04:50:02.886627","2015-01-29 04:50:02.886627"
72,urn:ucode:_00001C000000000000010000030C3DB7,odpt.StationTimetable:TokyoMetro.Ginza.Ginza.Shibuya,"2014-10-17 07:12:56.000000","2015-01-29 04:50:03.217637","2015-01-29 04:50:03.217637"
73,urn:ucode:_00001C000000000000010000030C3D6A,odpt.StationTimetable:TokyoMetro.Ginza.Inaricho.Asakusa,"2014-10-17 07:12:25.000000","2015-01-29 04:50:03.547647","2015-01-29 04:50:03.547647"
74,urn:ucode:_00001C000000000000010000030C3D69,odpt.StationTimetable:TokyoMetro.Ginza.Inaricho.Shibuya,"2014-10-17 07:12:24.000000","2015-01-29 04:50:03.924658","2015-01-29 04:50:03.924658"
75,urn:ucode:_00001C000000000000010000030C3DA8,odpt.StationTimetable:TokyoMetro.Ginza.Kanda.Asakusa,"2014-10-17 07:12:50.000000","2015-01-29 04:50:04.229668","2015-01-29 04:50:04.229668"
76,urn:ucode:_00001C000000000000010000030C3DA7,odpt.StationTimetable:TokyoMetro.Ginza.Kanda.Shibuya,"2014-10-17 07:12:49.000000","2015-01-29 04:50:04.548677","2015-01-29 04:50:04.548677"
77,urn:ucode:_00001C000000000000010000030C3DB4,odpt.StationTimetable:TokyoMetro.Ginza.Kyobashi.Asakusa,"2014-10-17 07:12:54.000000","2015-01-29 04:50:04.889688","2015-01-29 04:50:04.889688"
78,urn:ucode:_00001C000000000000010000030C3DB3,odpt.StationTimetable:TokyoMetro.Ginza.Kyobashi.Shibuya,"2014-10-17 07:12:54.000000","2015-01-29 04:50:05.209698","2015-01-29 04:50:05.209698"
79,urn:ucode:_00001C000000000000010000030C3E6F,odpt.StationTimetable:TokyoMetro.Ginza.Mitsukoshimae.Asakusa,"2014-10-17 07:14:04.000000","2015-01-29 04:50:05.527707","2015-01-29 04:50:05.527707"
80,urn:ucode:_00001C000000000000010000030C3E6E,odpt.StationTimetable:TokyoMetro.Ginza.Mitsukoshimae.Shibuya,"2014-10-17 07:14:03.000000","2015-01-29 04:50:05.847717","2015-01-29 04:50:05.847717"
81,urn:ucode:_00001C000000000000010000030C3E46,odpt.StationTimetable:TokyoMetro.Ginza.Nihombashi.Asakusa,"2014-10-17 07:13:48.000000","2015-01-29 04:50:06.151726","2015-01-29 04:50:06.151726"
82,urn:ucode:_00001C000000000000010000030C3E45,odpt.StationTimetable:TokyoMetro.Ginza.Nihombashi.Shibuya,"2014-10-17 07:13:48.000000","2015-01-29 04:50:06.474736","2015-01-29 04:50:06.474736"
83,urn:ucode:_00001C000000000000010000030C3D8C,odpt.StationTimetable:TokyoMetro.Ginza.OmoteSando.Asakusa,"2014-10-17 07:12:38.000000","2015-01-29 04:50:06.794746","2015-01-29 04:50:06.794746"
84,urn:ucode:_00001C000000000000010000030C3D8B,odpt.StationTimetable:TokyoMetro.Ginza.OmoteSando.Shibuya,"2014-10-17 07:12:37.000000","2015-01-29 04:50:07.101755","2015-01-29 04:50:07.101755"
85,urn:ucode:_00001C000000000000010000030C3DDB,odpt.StationTimetable:TokyoMetro.Ginza.Shibuya.Asakusa,"2014-10-17 07:13:10.000000","2015-01-29 04:50:07.409765","2015-01-29 04:50:07.409765"
86,urn:ucode:_00001C000000000000010000030C3DF8,odpt.StationTimetable:TokyoMetro.Ginza.Shimbashi.Asakusa,"2014-10-17 07:13:20.000000","2015-01-29 04:50:07.739775","2015-01-29 04:50:07.739775"
87,urn:ucode:_00001C000000000000010000030C3DF7,odpt.StationTimetable:TokyoMetro.Ginza.Shimbashi.Shibuya,"2014-10-17 07:13:20.000000","2015-01-29 04:50:08.136787","2015-01-29 04:50:08.136787"
88,urn:ucode:_00001C000000000000010000030C3DFE,odpt.StationTimetable:TokyoMetro.Ginza.Suehirocho.Asakusa,"2014-10-17 07:13:23.000000","2015-01-29 04:50:08.455797","2015-01-29 04:50:08.455797"
89,urn:ucode:_00001C000000000000010000030C3DFD,odpt.StationTimetable:TokyoMetro.Ginza.Suehirocho.Shibuya,"2014-10-17 07:13:23.000000","2015-01-29 04:50:08.785807","2015-01-29 04:50:08.785807"
90,urn:ucode:_00001C000000000000010000030C3E10,odpt.StationTimetable:TokyoMetro.Ginza.TameikeSanno.Asakusa,"2014-10-17 07:13:30.000000","2015-01-29 04:50:09.116817","2015-01-29 04:50:09.116817"
91,urn:ucode:_00001C000000000000010000030C3E0F,odpt.StationTimetable:TokyoMetro.Ginza.TameikeSanno.Shibuya,"2014-10-17 07:13:30.000000","2015-01-29 04:50:09.445827","2015-01-29 04:50:09.445827"
92,urn:ucode:_00001C000000000000010000030C3E14,odpt.StationTimetable:TokyoMetro.Ginza.Tawaramachi.Asakusa,"2014-10-17 07:13:32.000000","2015-01-29 04:50:09.788837","2015-01-29 04:50:09.788837"
93,urn:ucode:_00001C000000000000010000030C3E13,odpt.StationTimetable:TokyoMetro.Ginza.Tawaramachi.Shibuya,"2014-10-17 07:13:31.000000","2015-01-29 04:50:10.161849","2015-01-29 04:50:10.161849"
94,urn:ucode:_00001C000000000000010000030C3E26,odpt.StationTimetable:TokyoMetro.Ginza.Toranomon.Asakusa,"2014-10-17 07:13:39.000000","2015-01-29 04:50:10.469858","2015-01-29 04:50:10.469858"
95,urn:ucode:_00001C000000000000010000030C3E25,odpt.StationTimetable:TokyoMetro.Ginza.Toranomon.Shibuya,"2014-10-17 07:13:38.000000","2015-01-29 04:50:10.789868","2015-01-29 04:50:10.789868"
96,urn:ucode:_00001C000000000000010000030C3D72,odpt.StationTimetable:TokyoMetro.Ginza.UenoHirokoji.Asakusa,"2014-10-17 07:12:29.000000","2015-01-29 04:50:11.118878","2015-01-29 04:50:11.118878"
97,urn:ucode:_00001C000000000000010000030C3D71,odpt.StationTimetable:TokyoMetro.Ginza.UenoHirokoji.Shibuya,"2014-10-17 07:12:28.000000","2015-01-29 04:50:11.460888","2015-01-29 04:50:11.460888"
98,urn:ucode:_00001C000000000000010000030C3D6E,odpt.StationTimetable:TokyoMetro.Ginza.Ueno.Asakusa,"2014-10-17 07:12:27.000000","2015-01-29 04:50:11.779898","2015-01-29 04:50:11.779898"
99,urn:ucode:_00001C000000000000010000030C3D6D,odpt.StationTimetable:TokyoMetro.Ginza.Ueno.Shibuya,"2014-10-17 07:12:26.000000","2015-01-29 04:50:12.241912","2015-01-29 04:50:12.241912"
100,urn:ucode:_00001C000000000000010000030C3D49,odpt.StationTimetable:TokyoMetro.Hanzomon.AoyamaItchome.Oshiage,"2014-10-17 07:12:13.000000","2015-01-29 04:50:12.571922","2015-01-29 04:50:12.571922"
101,urn:ucode:_00001C000000000000010000030C3D48,odpt.StationTimetable:TokyoMetro.Hanzomon.AoyamaItchome.Shibuya,"2014-10-17 07:12:13.000000","2015-01-29 04:50:12.890932","2015-01-29 04:50:12.890932"
102,urn:ucode:_00001C000000000000010000030C3E54,odpt.StationTimetable:TokyoMetro.Hanzomon.Hanzomon.Oshiage,"2014-10-17 07:13:54.000000","2015-01-29 04:50:13.232942","2015-01-29 04:50:13.232942"
103,urn:ucode:_00001C000000000000010000030C3E53,odpt.StationTimetable:TokyoMetro.Hanzomon.Hanzomon.Shibuya,"2014-10-17 07:13:54.000000","2015-01-29 04:50:13.561952","2015-01-29 04:50:13.561952"
104,urn:ucode:_00001C000000000000010000030C3DFA,odpt.StationTimetable:TokyoMetro.Hanzomon.Jimbocho.Oshiage,"2014-10-17 07:13:21.000000","2015-01-29 04:50:13.928964","2015-01-29 04:50:13.928964"
105,urn:ucode:_00001C000000000000010000030C3DF9,odpt.StationTimetable:TokyoMetro.Hanzomon.Jimbocho.Shibuya,"2014-10-17 07:13:21.000000","2015-01-29 04:50:14.257974","2015-01-29 04:50:14.257974"
106,urn:ucode:_00001C000000000000010000030C3DC0,odpt.StationTimetable:TokyoMetro.Hanzomon.Kinshicho.Oshiage,"2014-10-17 07:13:00.000000","2015-01-29 04:50:14.607984","2015-01-29 04:50:14.607984"
107,urn:ucode:_00001C000000000000010000030C3DBF,odpt.StationTimetable:TokyoMetro.Hanzomon.Kinshicho.Shibuya,"2014-10-17 07:12:59.000000","2015-01-29 04:50:14.970995","2015-01-29 04:50:14.970995"
108,urn:ucode:_00001C000000000000010000030C3DB6,odpt.StationTimetable:TokyoMetro.Hanzomon.KiyosumiShirakawa.Oshiage,"2014-10-17 07:12:55.000000","2015-01-29 04:50:15.301005","2015-01-29 04:50:15.301005"
109,urn:ucode:_00001C000000000000010000030C3DB5,odpt.StationTimetable:TokyoMetro.Hanzomon.KiyosumiShirakawa.Shibuya,"2014-10-17 07:12:55.000000","2015-01-29 04:50:15.631015","2015-01-29 04:50:15.631015"
110,urn:ucode:_00001C000000000000010000030C3DC4,odpt.StationTimetable:TokyoMetro.Hanzomon.Kudanshita.Oshiage,"2014-10-17 07:13:01.000000","2015-01-29 04:50:15.961025","2015-01-29 04:50:15.961025"
111,urn:ucode:_00001C000000000000010000030C3DC3,odpt.StationTimetable:TokyoMetro.Hanzomon.Kudanshita.Shibuya,"2014-10-17 07:13:01.000000","2015-01-29 04:50:16.292036","2015-01-29 04:50:16.292036"
112,urn:ucode:_00001C000000000000010000030C3E71,odpt.StationTimetable:TokyoMetro.Hanzomon.Mitsukoshimae.Oshiage,"2014-10-17 07:14:05.000000","2015-01-29 04:50:16.622046","2015-01-29 04:50:16.622046"
113,urn:ucode:_00001C000000000000010000030C3E70,odpt.StationTimetable:TokyoMetro.Hanzomon.Mitsukoshimae.Shibuya,"2014-10-17 07:14:04.000000","2015-01-29 04:50:16.919055","2015-01-29 04:50:16.919055"
114,urn:ucode:_00001C000000000000010000030C3E2C,odpt.StationTimetable:TokyoMetro.Hanzomon.Nagatacho.Oshiage,"2014-10-17 07:13:42.000000","2015-01-29 04:50:17.252065","2015-01-29 04:50:17.252065"
115,urn:ucode:_00001C000000000000010000030C3E2B,odpt.StationTimetable:TokyoMetro.Hanzomon.Nagatacho.Shibuya,"2014-10-17 07:13:41.000000","2015-01-29 04:50:17.580075","2015-01-29 04:50:17.580075"
116,urn:ucode:_00001C000000000000010000030C3D90,odpt.StationTimetable:TokyoMetro.Hanzomon.OmoteSando.Oshiage,"2014-10-17 07:12:40.000000","2015-01-29 04:50:17.969087","2015-01-29 04:50:17.969087"
117,urn:ucode:_00001C000000000000010000030C3D8F,odpt.StationTimetable:TokyoMetro.Hanzomon.OmoteSando.Shibuya,"2014-10-17 07:12:39.000000","2015-01-29 04:50:18.284096","2015-01-29 04:50:18.284096"
118,urn:ucode:_00001C000000000000010000030C3D86,odpt.StationTimetable:TokyoMetro.Hanzomon.Oshiage.Shibuya,"2014-10-17 07:12:36.000000","2015-01-29 04:50:18.615106","2015-01-29 04:50:18.615106"
119,urn:ucode:_00001C000000000000010000030C3D84,odpt.StationTimetable:TokyoMetro.Hanzomon.Otemachi.Oshiage,"2014-10-17 07:12:35.000000","2015-01-29 04:50:18.933116","2015-01-29 04:50:18.933116"
120,urn:ucode:_00001C000000000000010000030C3D83,odpt.StationTimetable:TokyoMetro.Hanzomon.Otemachi.Shibuya,"2014-10-17 07:12:35.000000","2015-01-29 04:50:19.255126","2015-01-29 04:50:19.255126"
121,urn:ucode:_00001C000000000000010000030C3DDC,odpt.StationTimetable:TokyoMetro.Hanzomon.Shibuya.Oshiage,"2014-10-17 07:13:10.000000","2015-01-29 04:50:19.582136","2015-01-29 04:50:19.582136"
122,urn:ucode:_00001C000000000000010000030C3DFC,odpt.StationTimetable:TokyoMetro.Hanzomon.Suitengumae.Oshiage,"2014-10-17 07:13:22.000000","2015-01-29 04:50:19.972148","2015-01-29 04:50:19.972148"
123,urn:ucode:_00001C000000000000010000030C3DFB,odpt.StationTimetable:TokyoMetro.Hanzomon.Suitengumae.Shibuya,"2014-10-17 07:13:22.000000","2015-01-29 04:50:20.276157","2015-01-29 04:50:20.276157"
124,urn:ucode:_00001C000000000000010000030C3E00,odpt.StationTimetable:TokyoMetro.Hanzomon.Sumiyoshi.Oshiage,"2014-10-17 07:13:24.000000","2015-01-29 04:50:20.584166","2015-01-29 04:50:20.584166"
125,urn:ucode:_00001C000000000000010000030C3DFF,odpt.StationTimetable:TokyoMetro.Hanzomon.Sumiyoshi.Shibuya,"2014-10-17 07:13:24.000000","2015-01-29 04:50:20.892176","2015-01-29 04:50:20.892176"
126,urn:ucode:_00001C000000000000010000030C3D52,odpt.StationTimetable:TokyoMetro.Hibiya.Akihabara.KitaSenju,"2014-10-17 07:12:17.000000","2015-01-29 04:50:21.219186","2015-01-29 04:50:21.219186"
127,urn:ucode:_00001C000000000000010000030C3D51,odpt.StationTimetable:TokyoMetro.Hibiya.Akihabara.NakaMeguro,"2014-10-17 07:12:17.000000","2015-01-29 04:50:21.542196","2015-01-29 04:50:21.542196"
128,urn:ucode:_00001C000000000000010000030C3D78,odpt.StationTimetable:TokyoMetro.Hibiya.Ebisu.KitaSenju,"2014-10-17 07:12:31.000000","2015-01-29 04:50:21.850205","2015-01-29 04:50:21.850205"
129,urn:ucode:_00001C000000000000010000030C3D77,odpt.StationTimetable:TokyoMetro.Hibiya.Ebisu.NakaMeguro,"2014-10-17 07:12:31.000000","2015-01-29 04:50:22.169215","2015-01-29 04:50:22.169215"
130,urn:ucode:_00001C000000000000010000030C3DBC,odpt.StationTimetable:TokyoMetro.Hibiya.Ginza.KitaSenju,"2014-10-17 07:12:58.000000","2015-01-29 04:50:22.499225","2015-01-29 04:50:22.499225"
131,urn:ucode:_00001C000000000000010000030C3DBB,odpt.StationTimetable:TokyoMetro.Hibiya.Ginza.NakaMeguro,"2014-10-17 07:12:58.000000","2015-01-29 04:50:22.807234","2015-01-29 04:50:22.807234"
132,urn:ucode:_00001C000000000000010000030C3E50,odpt.StationTimetable:TokyoMetro.Hibiya.Hatchobori.KitaSenju,"2014-10-17 07:13:53.000000","2015-01-29 04:50:23.126244","2015-01-29 04:50:23.126244"
133,urn:ucode:_00001C000000000000010000030C3E4F,odpt.StationTimetable:TokyoMetro.Hibiya.Hatchobori.NakaMeguro,"2014-10-17 07:13:52.000000","2015-01-29 04:50:23.434253","2015-01-29 04:50:23.434253"
134,urn:ucode:_00001C000000000000010000030C3E60,odpt.StationTimetable:TokyoMetro.Hibiya.Hibiya.KitaSenju,"2014-10-17 07:13:59.000000","2015-01-29 04:50:23.742263","2015-01-29 04:50:23.742263"
135,urn:ucode:_00001C000000000000010000030C3E5F,odpt.StationTimetable:TokyoMetro.Hibiya.Hibiya.NakaMeguro,"2014-10-17 07:13:58.000000","2015-01-29 04:50:24.183276","2015-01-29 04:50:24.183276"
136,urn:ucode:_00001C000000000000010000030C3E58,odpt.StationTimetable:TokyoMetro.Hibiya.HigashiGinza.KitaSenju,"2014-10-17 07:13:56.000000","2015-01-29 04:50:24.502286","2015-01-29 04:50:24.502286"
137,urn:ucode:_00001C000000000000010000030C3E57,odpt.StationTimetable:TokyoMetro.Hibiya.HigashiGinza.NakaMeguro,"2014-10-17 07:13:56.000000","2015-01-29 04:50:24.855297","2015-01-29 04:50:24.855297"
138,urn:ucode:_00001C000000000000010000030C3E64,odpt.StationTimetable:TokyoMetro.Hibiya.HiroO.KitaSenju,"2014-10-17 07:14:00.000000","2015-01-29 04:50:25.195307","2015-01-29 04:50:25.195307"
139,urn:ucode:_00001C000000000000010000030C3E63,odpt.StationTimetable:TokyoMetro.Hibiya.HiroO.NakaMeguro,"2014-10-17 07:14:00.000000","2015-01-29 04:50:25.504317","2015-01-29 04:50:25.504317"
140,urn:ucode:_00001C000000000000010000030C3D6C,odpt.StationTimetable:TokyoMetro.Hibiya.Iriya.KitaSenju,"2014-10-17 07:12:25.000000","2015-01-29 04:50:25.823326","2015-01-29 04:50:25.823326"
141,urn:ucode:_00001C000000000000010000030C3D6B,odpt.StationTimetable:TokyoMetro.Hibiya.Iriya.NakaMeguro,"2014-10-17 07:12:25.000000","2015-01-29 04:50:26.164337","2015-01-29 04:50:26.164337"
142,urn:ucode:_00001C000000000000010000030C3DA2,odpt.StationTimetable:TokyoMetro.Hibiya.Kamiyacho.KitaSenju,"2014-10-17 07:12:47.000000","2015-01-29 04:50:26.494347","2015-01-29 04:50:26.494347"
143,urn:ucode:_00001C000000000000010000030C3DA1,odpt.StationTimetable:TokyoMetro.Hibiya.Kamiyacho.NakaMeguro,"2014-10-17 07:12:47.000000","2015-01-29 04:50:26.825357","2015-01-29 04:50:26.825357"
144,urn:ucode:_00001C000000000000010000030C3D9A,odpt.StationTimetable:TokyoMetro.Hibiya.Kasumigaseki.KitaSenju,"2014-10-17 07:12:44.000000","2015-01-29 04:50:27.165367","2015-01-29 04:50:27.165367"
145,urn:ucode:_00001C000000000000010000030C3D99,odpt.StationTimetable:TokyoMetro.Hibiya.Kasumigaseki.NakaMeguro,"2014-10-17 07:12:44.000000","2015-01-29 04:50:27.473377","2015-01-29 04:50:27.473377"
146,urn:ucode:_00001C000000000000010000030C3DA4,odpt.StationTimetable:TokyoMetro.Hibiya.Kayabacho.KitaSenju,"2014-10-17 07:12:48.000000","2015-01-29 04:50:27.804387","2015-01-29 04:50:27.804387"
147,urn:ucode:_00001C000000000000010000030C3DA3,odpt.StationTimetable:TokyoMetro.Hibiya.Kayabacho.NakaMeguro,"2014-10-17 07:12:47.000000","2015-01-29 04:50:28.200399","2015-01-29 04:50:28.200399"
148,urn:ucode:_00001C000000000000010000030C3DAC,odpt.StationTimetable:TokyoMetro.Hibiya.KitaSenju.NakaMeguro,"2014-10-17 07:12:51.000000","2015-01-29 04:50:28.530409","2015-01-29 04:50:28.530409"
149,urn:ucode:_00001C000000000000010000030C3DD6,odpt.StationTimetable:TokyoMetro.Hibiya.Kodemmacho.KitaSenju,"2014-10-17 07:13:08.000000","2015-01-29 04:50:28.871419","2015-01-29 04:50:28.871419"
150,urn:ucode:_00001C000000000000010000030C3DD5,odpt.StationTimetable:TokyoMetro.Hibiya.Kodemmacho.NakaMeguro,"2014-10-17 07:13:08.000000","2015-01-29 04:50:29.223430","2015-01-29 04:50:29.223430"
151,urn:ucode:_00001C000000000000010000030C3E79,odpt.StationTimetable:TokyoMetro.Hibiya.MinamiSenju.KitaSenju,"2014-10-17 07:14:07.000000","2015-01-29 04:50:29.588441","2015-01-29 04:50:29.588441"
152,urn:ucode:_00001C000000000000010000030C3E78,odpt.StationTimetable:TokyoMetro.Hibiya.MinamiSenju.NakaMeguro,"2014-10-17 07:14:07.000000","2015-01-29 04:50:30.016454","2015-01-29 04:50:30.016454"
153,urn:ucode:_00001C000000000000010000030C3E7B,odpt.StationTimetable:TokyoMetro.Hibiya.Minowa.KitaSenju,"2014-10-17 07:14:08.000000","2015-01-29 04:50:30.368465","2015-01-29 04:50:30.368465"
154,urn:ucode:_00001C000000000000010000030C3E7A,odpt.StationTimetable:TokyoMetro.Hibiya.Minowa.NakaMeguro,"2014-10-17 07:14:08.000000","2015-01-29 04:50:30.698475","2015-01-29 04:50:30.698475"
155,urn:ucode:_00001C000000000000010000030C3E37,odpt.StationTimetable:TokyoMetro.Hibiya.NakaMeguro.KitaSenju,"2014-10-17 07:13:44.000000","2015-01-29 04:50:31.039485","2015-01-29 04:50:31.039485"
156,urn:ucode:_00001C000000000000010000030C3E28,odpt.StationTimetable:TokyoMetro.Hibiya.NakaOkachimachi.KitaSenju,"2014-10-17 07:13:40.000000","2015-01-29 04:50:31.376496","2015-01-29 04:50:31.376496"
157,urn:ucode:_00001C000000000000010000030C3E27,odpt.StationTimetable:TokyoMetro.Hibiya.NakaOkachimachi.NakaMeguro,"2014-10-17 07:13:39.000000","2015-01-29 04:50:31.722506","2015-01-29 04:50:31.722506"
158,urn:ucode:_00001C000000000000010000030C3E4A,odpt.StationTimetable:TokyoMetro.Hibiya.Ningyocho.KitaSenju,"2014-10-17 07:13:50.000000","2015-01-29 04:50:32.092517","2015-01-29 04:50:32.092517"
159,urn:ucode:_00001C000000000000010000030C3E49,odpt.StationTimetable:TokyoMetro.Hibiya.Ningyocho.NakaMeguro,"2014-10-17 07:13:50.000000","2015-01-29 04:50:32.404527","2015-01-29 04:50:32.404527"
160,urn:ucode:_00001C000000000000010000030C3E95,odpt.StationTimetable:TokyoMetro.Hibiya.Roppongi.KitaSenju,"2014-10-17 07:14:16.000000","2015-01-29 04:50:32.713536","2015-01-29 04:50:32.713536"
161,urn:ucode:_00001C000000000000010000030C3E94,odpt.StationTimetable:TokyoMetro.Hibiya.Roppongi.NakaMeguro,"2014-10-17 07:14:16.000000","2015-01-29 04:50:33.010545","2015-01-29 04:50:33.010545"
162,urn:ucode:_00001C000000000000010000030C3E1A,odpt.StationTimetable:TokyoMetro.Hibiya.Tsukiji.KitaSenju,"2014-10-17 07:13:35.000000","2015-01-29 04:50:33.339556","2015-01-29 04:50:33.339556"
163,urn:ucode:_00001C000000000000010000030C3E19,odpt.StationTimetable:TokyoMetro.Hibiya.Tsukiji.NakaMeguro,"2014-10-17 07:13:34.000000","2015-01-29 04:50:33.637565","2015-01-29 04:50:33.637565"
164,urn:ucode:_00001C000000000000010000030C3D70,odpt.StationTimetable:TokyoMetro.Hibiya.Ueno.KitaSenju,"2014-10-17 07:12:27.000000","2015-01-29 04:50:34.077578","2015-01-29 04:50:34.077578"
165,urn:ucode:_00001C000000000000010000030C3D6F,odpt.StationTimetable:TokyoMetro.Hibiya.Ueno.NakaMeguro,"2014-10-17 07:12:27.000000","2015-01-29 04:50:34.374587","2015-01-29 04:50:34.374587"
166,urn:ucode:_00001C000000000000010000030C3D4F,odpt.StationTimetable:TokyoMetro.Marunouchi.AkasakaMitsuke.Ikebukuro,"2014-10-17 07:12:16.000000","2015-01-29 04:50:34.693597","2015-01-29 04:50:34.693597"
167,urn:ucode:_00001C000000000000010000030C3D4E,odpt.StationTimetable:TokyoMetro.Marunouchi.AkasakaMitsuke.Ogikubo,"2014-10-17 07:12:16.000000","2015-01-29 04:50:35.034607","2015-01-29 04:50:35.034607"
168,urn:ucode:_00001C000000000000010000030C3D59,odpt.StationTimetable:TokyoMetro.Marunouchi.Awajicho.Ikebukuro,"2014-10-17 07:12:19.000000","2015-01-29 04:50:35.354617","2015-01-29 04:50:35.354617"
169,urn:ucode:_00001C000000000000010000030C3D58,odpt.StationTimetable:TokyoMetro.Marunouchi.Awajicho.Ogikubo,"2014-10-17 07:12:19.000000","2015-01-29 04:50:35.684627","2015-01-29 04:50:35.684627"
170,urn:ucode:_00001C000000000000010000030C3DBA,odpt.StationTimetable:TokyoMetro.Marunouchi.Ginza.Ikebukuro,"2014-10-17 07:12:57.000000","2015-01-29 04:50:36.003637","2015-01-29 04:50:36.003637"
171,urn:ucode:_00001C000000000000010000030C3DB9,odpt.StationTimetable:TokyoMetro.Marunouchi.Ginza.Ogikubo,"2014-10-17 07:12:57.000000","2015-01-29 04:50:36.323647","2015-01-29 04:50:36.323647"
172,urn:ucode:_00001C000000000000010000030C3E5A,odpt.StationTimetable:TokyoMetro.Marunouchi.HigashiKoenji.Ikebukuro,"2014-10-17 07:13:57.000000","2015-01-29 04:50:36.663657","2015-01-29 04:50:36.663657"
173,urn:ucode:_00001C000000000000010000030C3E59,odpt.StationTimetable:TokyoMetro.Marunouchi.HigashiKoenji.Ogikubo,"2014-10-17 07:13:57.000000","2015-01-29 04:50:36.972666","2015-01-29 04:50:36.972666"
174,urn:ucode:_00001C000000000000010000030C3E69,odpt.StationTimetable:TokyoMetro.Marunouchi.HongoSanchome.Ikebukuro,"2014-10-17 07:14:01.000000","2015-01-29 04:50:37.291676","2015-01-29 04:50:37.291676"
175,urn:ucode:_00001C000000000000010000030C3E68,odpt.StationTimetable:TokyoMetro.Marunouchi.HongoSanchome.Ogikubo,"2014-10-17 07:14:01.000000","2015-01-29 04:50:37.610686","2015-01-29 04:50:37.610686"
176,urn:ucode:_00001C000000000000010000030C3D60,odpt.StationTimetable:TokyoMetro.Marunouchi.Ikebukuro.Ogikubo,"2014-10-17 07:12:22.000000","2015-01-29 04:50:37.998698","2015-01-29 04:50:37.998698"
177,urn:ucode:_00001C000000000000010000030C3D98,odpt.StationTimetable:TokyoMetro.Marunouchi.Kasumigaseki.Ikebukuro,"2014-10-17 07:12:43.000000","2015-01-29 04:50:38.294707","2015-01-29 04:50:38.294707"
178,urn:ucode:_00001C000000000000010000030C3D97,odpt.StationTimetable:TokyoMetro.Marunouchi.Kasumigaseki.Ogikubo,"2014-10-17 07:12:43.000000","2015-01-29 04:50:38.611716","2015-01-29 04:50:38.611716"
179,urn:ucode:_00001C000000000000010000030C3DD2,odpt.StationTimetable:TokyoMetro.Marunouchi.KokkaiGijidomae.Ikebukuro,"2014-10-17 07:13:06.000000","2015-01-29 04:50:38.919726","2015-01-29 04:50:38.919726"
180,urn:ucode:_00001C000000000000010000030C3DD1,odpt.StationTimetable:TokyoMetro.Marunouchi.KokkaiGijidomae.Ogikubo,"2014-10-17 07:13:06.000000","2015-01-29 04:50:39.227735","2015-01-29 04:50:39.227735"
181,urn:ucode:_00001C000000000000010000030C3DC8,odpt.StationTimetable:TokyoMetro.Marunouchi.Korakuen.Ikebukuro,"2014-10-17 07:13:03.000000","2015-01-29 04:50:39.547745","2015-01-29 04:50:39.547745"
182,urn:ucode:_00001C000000000000010000030C3DC7,odpt.StationTimetable:TokyoMetro.Marunouchi.Korakuen.Ogikubo,"2014-10-17 07:13:02.000000","2015-01-29 04:50:39.958757","2015-01-29 04:50:39.958757"
183,urn:ucode:_00001C000000000000010000030C3E73,odpt.StationTimetable:TokyoMetro.Marunouchi.MinamiAsagaya.Ikebukuro,"2014-10-17 07:14:06.000000","2015-01-29 04:50:40.254766","2015-01-29 04:50:40.254766"
184,urn:ucode:_00001C000000000000010000030C3E72,odpt.StationTimetable:TokyoMetro.Marunouchi.MinamiAsagaya.Ogikubo,"2014-10-17 07:14:05.000000","2015-01-29 04:50:40.600777","2015-01-29 04:50:40.600777"
185,urn:ucode:_00001C000000000000010000030C3E7D,odpt.StationTimetable:TokyoMetro.Marunouchi.Myogadani.Ikebukuro,"2014-10-17 07:14:09.000000","2015-01-29 04:50:40.944787","2015-01-29 04:50:40.944787"
186,urn:ucode:_00001C000000000000010000030C3E7C,odpt.StationTimetable:TokyoMetro.Marunouchi.Myogadani.Ogikubo,"2014-10-17 07:14:08.000000","2015-01-29 04:50:41.263797","2015-01-29 04:50:41.263797"
187,urn:ucode:_00001C000000000000010000030C3E32,odpt.StationTimetable:TokyoMetro.MarunouchiBranch.NakanoSakaue.Honancho,"2014-10-17 07:13:43.000000","2015-01-29 04:50:41.605808","2015-01-29 04:50:41.605808"
188,urn:ucode:_00001C000000000000010000030C3E31,odpt.StationTimetable:TokyoMetro.Marunouchi.NakanoSakaue.Ikebukuro,"2014-10-17 07:13:43.000000","2015-01-29 04:50:42.156824","2015-01-29 04:50:42.156824"
189,urn:ucode:_00001C000000000000010000030C3E30,odpt.StationTimetable:TokyoMetro.Marunouchi.NakanoSakaue.Ogikubo,"2014-10-17 07:13:43.000000","2015-01-29 04:50:42.475834","2015-01-29 04:50:42.475834"
190,urn:ucode:_00001C000000000000010000030C3E3D,odpt.StationTimetable:TokyoMetro.Marunouchi.NishiShinjuku.Ikebukuro,"2014-10-17 07:13:45.000000","2015-01-29 04:50:42.804844","2015-01-29 04:50:42.804844"
191,urn:ucode:_00001C000000000000010000030C3E3C,odpt.StationTimetable:TokyoMetro.Marunouchi.NishiShinjuku.Ogikubo,"2014-10-17 07:13:45.000000","2015-01-29 04:50:43.109853","2015-01-29 04:50:43.109853"
192,urn:ucode:_00001C000000000000010000030C3D8A,odpt.StationTimetable:TokyoMetro.Marunouchi.Ochanomizu.Ikebukuro,"2014-10-17 07:12:37.000000","2015-01-29 04:50:43.454864","2015-01-29 04:50:43.454864"
193,urn:ucode:_00001C000000000000010000030C3D89,odpt.StationTimetable:TokyoMetro.Marunouchi.Ochanomizu.Ogikubo,"2014-10-17 07:12:37.000000","2015-01-29 04:50:43.773874","2015-01-29 04:50:43.773874"
194,urn:ucode:_00001C000000000000010000030C3D85,odpt.StationTimetable:TokyoMetro.Marunouchi.Ogikubo.Ikebukuro,"2014-10-17 07:12:36.000000","2015-01-29 04:50:44.125884","2015-01-29 04:50:44.125884"
195,urn:ucode:_00001C000000000000010000030C3D7F,odpt.StationTimetable:TokyoMetro.Marunouchi.Otemachi.Ikebukuro,"2014-10-17 07:12:33.000000","2015-01-29 04:50:44.455895","2015-01-29 04:50:44.455895"
196,urn:ucode:_00001C000000000000010000030C3D7D,odpt.StationTimetable:TokyoMetro.Marunouchi.Otemachi.Ogikubo,"2014-10-17 07:12:33.000000","2015-01-29 04:50:44.786905","2015-01-29 04:50:44.786905"
197,urn:ucode:_00001C000000000000010000030C3DEE,odpt.StationTimetable:TokyoMetro.Marunouchi.ShinjukuGyoemmae.Ikebukuro,"2014-10-17 07:13:17.000000","2015-01-29 04:50:45.149916","2015-01-29 04:50:45.149916"
198,urn:ucode:_00001C000000000000010000030C3DED,odpt.StationTimetable:TokyoMetro.Marunouchi.ShinjukuGyoemmae.Ogikubo,"2014-10-17 07:13:16.000000","2015-01-29 04:50:45.489926","2015-01-29 04:50:45.489926"
199,urn:ucode:_00001C000000000000010000030C3DF0,odpt.StationTimetable:TokyoMetro.Marunouchi.ShinjukuSanchome.Ikebukuro,"2014-10-17 07:13:17.000000","2015-01-29 04:50:45.854937","2015-01-29 04:50:45.854937"
200,urn:ucode:_00001C000000000000010000030C3DEF,odpt.StationTimetable:TokyoMetro.Marunouchi.ShinjukuSanchome.Ogikubo,"2014-10-17 07:13:17.000000","2015-01-29 04:50:46.194948","2015-01-29 04:50:46.194948"
201,urn:ucode:_00001C000000000000010000030C3DEC,odpt.StationTimetable:TokyoMetro.Marunouchi.Shinjuku.Ikebukuro,"2014-10-17 07:13:16.000000","2015-01-29 04:50:46.536958","2015-01-29 04:50:46.536958"
202,urn:ucode:_00001C000000000000010000030C3DEB,odpt.StationTimetable:TokyoMetro.Marunouchi.Shinjuku.Ogikubo,"2014-10-17 07:13:16.000000","2015-01-29 04:50:46.876968","2015-01-29 04:50:46.876968"
203,urn:ucode:_00001C000000000000010000030C3DEA,odpt.StationTimetable:TokyoMetro.Marunouchi.ShinKoenji.Ikebukuro,"2014-10-17 07:13:16.000000","2015-01-29 04:50:47.207978","2015-01-29 04:50:47.207978"
204,urn:ucode:_00001C000000000000010000030C3DE9,odpt.StationTimetable:TokyoMetro.Marunouchi.ShinKoenji.Ogikubo,"2014-10-17 07:13:15.000000","2015-01-29 04:50:47.514988","2015-01-29 04:50:47.514988"
205,urn:ucode:_00001C000000000000010000030C3DF6,odpt.StationTimetable:TokyoMetro.Marunouchi.ShinNakano.Ikebukuro,"2014-10-17 07:13:20.000000","2015-01-29 04:50:47.823997","2015-01-29 04:50:47.823997"
206,urn:ucode:_00001C000000000000010000030C3DF5,odpt.StationTimetable:TokyoMetro.Marunouchi.ShinNakano.Ogikubo,"2014-10-17 07:13:19.000000","2015-01-29 04:50:48.154007","2015-01-29 04:50:48.154007"
207,urn:ucode:_00001C000000000000010000030C3DE5,odpt.StationTimetable:TokyoMetro.Marunouchi.ShinOtsuka.Ikebukuro,"2014-10-17 07:13:13.000000","2015-01-29 04:50:48.506018","2015-01-29 04:50:48.506018"
208,urn:ucode:_00001C000000000000010000030C3DE4,odpt.StationTimetable:TokyoMetro.Marunouchi.ShinOtsuka.Ogikubo,"2014-10-17 07:13:13.000000","2015-01-29 04:50:48.815027","2015-01-29 04:50:48.815027"
209,urn:ucode:_00001C000000000000010000030C3E1E,odpt.StationTimetable:TokyoMetro.Marunouchi.Tokyo.Ikebukuro,"2014-10-17 07:13:36.000000","2015-01-29 04:50:49.110036","2015-01-29 04:50:49.110036"
210,urn:ucode:_00001C000000000000010000030C3E1D,odpt.StationTimetable:TokyoMetro.Marunouchi.Tokyo.Ogikubo,"2014-10-17 07:13:36.000000","2015-01-29 04:50:49.419046","2015-01-29 04:50:49.419046"
211,urn:ucode:_00001C000000000000010000030C3E90,odpt.StationTimetable:TokyoMetro.Marunouchi.YotsuyaSanchome.Ikebukuro,"2014-10-17 07:14:15.000000","2015-01-29 04:50:49.739056","2015-01-29 04:50:49.739056"
212,urn:ucode:_00001C000000000000010000030C3E8F,odpt.StationTimetable:TokyoMetro.Marunouchi.YotsuyaSanchome.Ogikubo,"2014-10-17 07:14:14.000000","2015-01-29 04:50:50.100067","2015-01-29 04:50:50.100067"
213,urn:ucode:_00001C000000000000010000030C3E8C,odpt.StationTimetable:TokyoMetro.Marunouchi.Yotsuya.Ikebukuro,"2014-10-17 07:14:14.000000","2015-01-29 04:50:50.433077","2015-01-29 04:50:50.433077"
214,urn:ucode:_00001C000000000000010000030C3E8B,odpt.StationTimetable:TokyoMetro.Marunouchi.Yotsuya.Ogikubo,"2014-10-17 07:14:14.000000","2015-01-29 04:50:50.762087","2015-01-29 04:50:50.762087"
215,urn:ucode:_00001C000000000000010000030C3E67,odpt.StationTimetable:TokyoMetro.MarunouchiBranch.Honancho.NakanoSakaue,"2014-10-17 07:14:01.000000","2015-01-29 04:50:51.115098","2015-01-29 04:50:51.115098"
216,urn:ucode:_00001C000000000000010000030C3E35,odpt.StationTimetable:TokyoMetro.MarunouchiBranch.NakanoFujimicho.Honancho,"2014-10-17 07:13:44.000000","2015-01-29 04:50:51.423107","2015-01-29 04:50:51.423107"
217,urn:ucode:_00001C000000000000010000030C3E36,odpt.StationTimetable:TokyoMetro.MarunouchiBranch.NakanoFujimicho.NakanoSakaue,"2014-10-17 07:13:44.000000","2015-01-29 04:50:51.742117","2015-01-29 04:50:51.742117"
218,urn:ucode:_00001C000000000000010000030C3E33,odpt.StationTimetable:TokyoMetro.MarunouchiBranch.NakanoShimbashi.Honancho,"2014-10-17 07:13:43.000000","2015-01-29 04:50:52.271133","2015-01-29 04:50:52.271133"
219,urn:ucode:_00001C000000000000010000030C3E34,odpt.StationTimetable:TokyoMetro.MarunouchiBranch.NakanoShimbashi.NakanoSakaue,"2014-10-17 07:13:44.000000","2015-01-29 04:50:52.744147","2015-01-29 04:50:52.744147"
220,urn:ucode:_00001C000000000000010000030C3D50,odpt.StationTimetable:TokyoMetro.Namboku.AkabaneIwabuchi.Meguro,"2014-10-17 07:12:17.000000","2015-01-29 04:50:53.217162","2015-01-29 04:50:53.217162"
221,urn:ucode:_00001C000000000000010000030C3D55,odpt.StationTimetable:TokyoMetro.Namboku.AzabuJuban.AkabaneIwabuchi,"2014-10-17 07:12:18.000000","2015-01-29 04:50:53.535171","2015-01-29 04:50:53.535171"
222,urn:ucode:_00001C000000000000010000030C3D54,odpt.StationTimetable:TokyoMetro.Namboku.AzabuJuban.Meguro,"2014-10-17 07:12:18.000000","2015-01-29 04:50:53.845181","2015-01-29 04:50:53.845181"
223,urn:ucode:_00001C000000000000010000030C3E6B,odpt.StationTimetable:TokyoMetro.Namboku.HonKomagome.AkabaneIwabuchi,"2014-10-17 07:14:02.000000","2015-01-29 04:50:54.152190","2015-01-29 04:50:54.152190"
224,urn:ucode:_00001C000000000000010000030C3E6A,odpt.StationTimetable:TokyoMetro.Namboku.HonKomagome.Meguro,"2014-10-17 07:14:02.000000","2015-01-29 04:50:54.471200","2015-01-29 04:50:54.471200"
225,urn:ucode:_00001C000000000000010000030C3D68,odpt.StationTimetable:TokyoMetro.Namboku.Ichigaya.AkabaneIwabuchi,"2014-10-17 07:12:24.000000","2015-01-29 04:50:54.780209","2015-01-29 04:50:54.780209"
226,urn:ucode:_00001C000000000000010000030C3D67,odpt.StationTimetable:TokyoMetro.Namboku.Ichigaya.Meguro,"2014-10-17 07:12:24.000000","2015-01-29 04:50:55.320226","2015-01-29 04:50:55.320226"
227,urn:ucode:_00001C000000000000010000030C3D5F,odpt.StationTimetable:TokyoMetro.Namboku.Iidabashi.AkabaneIwabuchi,"2014-10-17 07:12:21.000000","2015-01-29 04:50:55.637236","2015-01-29 04:50:55.637236"
228,urn:ucode:_00001C000000000000010000030C3D5E,odpt.StationTimetable:TokyoMetro.Namboku.Iidabashi.Meguro,"2014-10-17 07:12:21.000000","2015-01-29 04:50:56.107250","2015-01-29 04:50:56.107250"
229,urn:ucode:_00001C000000000000010000030C3DD8,odpt.StationTimetable:TokyoMetro.Namboku.Komagome.AkabaneIwabuchi,"2014-10-17 07:13:09.000000","2015-01-29 04:50:56.452260","2015-01-29 04:50:56.452260"
230,urn:ucode:_00001C000000000000010000030C3DD7,odpt.StationTimetable:TokyoMetro.Namboku.Komagome.Meguro,"2014-10-17 07:13:08.000000","2015-01-29 04:50:56.782270","2015-01-29 04:50:56.782270"
231,urn:ucode:_00001C000000000000010000030C3DCA,odpt.StationTimetable:TokyoMetro.Namboku.Korakuen.AkabaneIwabuchi,"2014-10-17 07:13:04.000000","2015-01-29 04:50:57.121281","2015-01-29 04:50:57.121281"
232,urn:ucode:_00001C000000000000010000030C3DC9,odpt.StationTimetable:TokyoMetro.Namboku.Korakuen.Meguro,"2014-10-17 07:13:03.000000","2015-01-29 04:50:57.454291","2015-01-29 04:50:57.454291"
233,urn:ucode:_00001C000000000000010000030C3E84,odpt.StationTimetable:TokyoMetro.Namboku.Meguro.AkabaneIwabuchi.Toei.Mita.Meguro.NishiTakashimadaira,"2014-10-17 07:14:11.000000","2015-01-29 04:50:57.786301","2015-01-29 04:50:57.786301"
234,urn:ucode:_00001C000000000000010000030C3E2E,odpt.StationTimetable:TokyoMetro.Namboku.Nagatacho.AkabaneIwabuchi,"2014-10-17 07:13:42.000000","2015-01-29 04:50:58.312317","2015-01-29 04:50:58.312317"
235,urn:ucode:_00001C000000000000010000030C3E2D,odpt.StationTimetable:TokyoMetro.Namboku.Nagatacho.Meguro,"2014-10-17 07:13:42.000000","2015-01-29 04:50:58.642327","2015-01-29 04:50:58.642327"
236,urn:ucode:_00001C000000000000010000030C3E3B,odpt.StationTimetable:TokyoMetro.Namboku.Nishigahara.AkabaneIwabuchi,"2014-10-17 07:13:45.000000","2015-01-29 04:50:58.983338","2015-01-29 04:50:58.983338"
237,urn:ucode:_00001C000000000000010000030C3E3A,odpt.StationTimetable:TokyoMetro.Namboku.Nishigahara.Meguro,"2014-10-17 07:13:45.000000","2015-01-29 04:50:59.335348","2015-01-29 04:50:59.335348"
238,urn:ucode:_00001C000000000000010000030C3D7C,odpt.StationTimetable:TokyoMetro.Namboku.OjiKamiya.AkabaneIwabuchi,"2014-10-17 07:12:32.000000","2015-01-29 04:50:59.677359","2015-01-29 04:50:59.677359"
239,urn:ucode:_00001C000000000000010000030C3D7B,odpt.StationTimetable:TokyoMetro.Namboku.OjiKamiya.Meguro,"2014-10-17 07:12:32.000000","2015-01-29 04:51:00.018369","2015-01-29 04:51:00.018369"
240,urn:ucode:_00001C000000000000010000030C3D7A,odpt.StationTimetable:TokyoMetro.Namboku.Oji.AkabaneIwabuchi,"2014-10-17 07:12:32.000000","2015-01-29 04:51:00.370380","2015-01-29 04:51:00.370380"
241,urn:ucode:_00001C000000000000010000030C3D79,odpt.StationTimetable:TokyoMetro.Namboku.Oji.Meguro,"2014-10-17 07:12:32.000000","2015-01-29 04:51:00.722391","2015-01-29 04:51:00.722391"
242,urn:ucode:_00001C000000000000010000030C3E97,odpt.StationTimetable:TokyoMetro.Namboku.RoppongiItchome.AkabaneIwabuchi,"2014-10-17 07:14:17.000000","2015-01-29 04:51:01.062401","2015-01-29 04:51:01.062401"
243,urn:ucode:_00001C000000000000010000030C3E96,odpt.StationTimetable:TokyoMetro.Namboku.RoppongiItchome.Meguro,"2014-10-17 07:14:16.000000","2015-01-29 04:51:01.416412","2015-01-29 04:51:01.416412"
244,urn:ucode:_00001C000000000000010000030C3DDF,odpt.StationTimetable:TokyoMetro.Namboku.Shimo.AkabaneIwabuchi,"2014-10-17 07:13:11.000000","2015-01-29 04:51:01.768423","2015-01-29 04:51:01.768423"
245,urn:ucode:_00001C000000000000010000030C3DDE,odpt.StationTimetable:TokyoMetro.Namboku.Shimo.Meguro,"2014-10-17 07:13:11.000000","2015-01-29 04:51:02.207436","2015-01-29 04:51:02.207436"
246,urn:ucode:_00001C000000000000010000030C3DE1,odpt.StationTimetable:TokyoMetro.Namboku.Shirokanedai.AkabaneIwabuchi.Toei.Mita.Shirokanedai.NishiTakashimadaira,"2014-10-17 07:13:12.000000","2015-01-29 04:51:02.549446","2015-01-29 04:51:02.549446"
247,urn:ucode:_00001C000000000000010000030C3DE0,odpt.StationTimetable:TokyoMetro.Namboku.Shirokanedai.Meguro.Toei.Mita.Shirokanedai.Meguro,"2014-10-17 07:13:11.000000","2015-01-29 04:51:03.033461","2015-01-29 04:51:03.033461"
248,urn:ucode:_00001C000000000000010000030C3DE3,odpt.StationTimetable:TokyoMetro.Namboku.ShirokaneTakanawa.AkabaneIwabuchi,"2014-10-17 07:13:13.000000","2015-01-29 04:51:03.496475","2015-01-29 04:51:03.496475"
249,urn:ucode:_00001C000000000000010000030C3DE2,odpt.StationTimetable:TokyoMetro.Namboku.ShirokaneTakanawa.Meguro.Toei.Mita.ShirokaneTakanawa.Meguro,"2014-10-17 07:13:13.000000","2015-01-29 04:51:03.837486","2015-01-29 04:51:03.837486"
250,urn:ucode:_00001C000000000000010000030C3E12,odpt.StationTimetable:TokyoMetro.Namboku.TameikeSanno.AkabaneIwabuchi,"2014-10-17 07:13:31.000000","2015-01-29 04:51:04.321500","2015-01-29 04:51:04.321500"
251,urn:ucode:_00001C000000000000010000030C3E11,odpt.StationTimetable:TokyoMetro.Namboku.TameikeSanno.Meguro,"2014-10-17 07:13:31.000000","2015-01-29 04:51:04.651510","2015-01-29 04:51:04.651510"
252,urn:ucode:_00001C000000000000010000030C3E20,odpt.StationTimetable:TokyoMetro.Namboku.Todaimae.AkabaneIwabuchi,"2014-10-17 07:13:36.000000","2015-01-29 04:51:04.949520","2015-01-29 04:51:04.949520"
253,urn:ucode:_00001C000000000000010000030C3E1F,odpt.StationTimetable:TokyoMetro.Namboku.Todaimae.Meguro,"2014-10-17 07:13:36.000000","2015-01-29 04:51:05.267529","2015-01-29 04:51:05.267529"
254,urn:ucode:_00001C000000000000010000030C3E8E,odpt.StationTimetable:TokyoMetro.Namboku.Yotsuya.AkabaneIwabuchi,"2014-10-17 07:14:14.000000","2015-01-29 04:51:05.609540","2015-01-29 04:51:05.609540"
255,urn:ucode:_00001C000000000000010000030C3E8D,odpt.StationTimetable:TokyoMetro.Namboku.Yotsuya.Meguro,"2014-10-17 07:14:14.000000","2015-01-29 04:51:06.104555","2015-01-29 04:51:06.104555"
256,urn:ucode:_00001C000000000000010000030C3E51,odpt.StationTimetable:TokyoMetro.Tozai.BarakiNakayama.Nakano,"2014-10-17 07:13:53.000000","2015-01-29 04:51:06.435565","2015-01-29 04:51:06.435565"
257,urn:ucode:_00001C000000000000010000030C3E52,odpt.StationTimetable:TokyoMetro.Tozai.BarakiNakayama.NishiFunabashi,"2014-10-17 07:13:53.000000","2015-01-29 04:51:06.754575","2015-01-29 04:51:06.754575"
258,urn:ucode:_00001C000000000000010000030C3DB1,odpt.StationTimetable:TokyoMetro.Tozai.Gyotoku.Nakano,"2014-10-17 07:12:53.000000","2015-01-29 04:51:07.072584","2015-01-29 04:51:07.072584"
259,urn:ucode:_00001C000000000000010000030C3DB2,odpt.StationTimetable:TokyoMetro.Tozai.Gyotoku.NishiFunabashi,"2014-10-17 07:12:53.000000","2015-01-29 04:51:07.403594","2015-01-29 04:51:07.403594"
260,urn:ucode:_00001C000000000000010000030C3D5A,odpt.StationTimetable:TokyoMetro.Tozai.Iidabashi.Nakano,"2014-10-17 07:12:20.000000","2015-01-29 04:51:07.722604","2015-01-29 04:51:07.722604"
261,urn:ucode:_00001C000000000000010000030C3D5B,odpt.StationTimetable:TokyoMetro.Tozai.Iidabashi.NishiFunabashi,"2014-10-17 07:12:20.000000","2015-01-29 04:51:08.049614","2015-01-29 04:51:08.049614"
262,urn:ucode:_00001C000000000000010000030C3D93,odpt.StationTimetable:TokyoMetro.Tozai.Kagurazaka.Nakano,"2014-10-17 07:12:41.000000","2015-01-29 04:51:08.360624","2015-01-29 04:51:08.360624"
263,urn:ucode:_00001C000000000000010000030C3D94,odpt.StationTimetable:TokyoMetro.Tozai.Kagurazaka.NishiFunabashi,"2014-10-17 07:12:42.000000","2015-01-29 04:51:08.668633","2015-01-29 04:51:08.668633"
264,urn:ucode:_00001C000000000000010000030C3D95,odpt.StationTimetable:TokyoMetro.Tozai.Kasai.Nakano,"2014-10-17 07:12:42.000000","2015-01-29 04:51:08.987643","2015-01-29 04:51:08.987643"
265,urn:ucode:_00001C000000000000010000030C3D96,odpt.StationTimetable:TokyoMetro.Tozai.Kasai.NishiFunabashi,"2014-10-17 07:12:42.000000","2015-01-29 04:51:09.296652","2015-01-29 04:51:09.296652"
266,urn:ucode:_00001C000000000000010000030C3DA5,odpt.StationTimetable:TokyoMetro.Tozai.Kayabacho.Nakano,"2014-10-17 07:12:48.000000","2015-01-29 04:51:09.604662","2015-01-29 04:51:09.604662"
267,urn:ucode:_00001C000000000000010000030C3DA6,odpt.StationTimetable:TokyoMetro.Tozai.Kayabacho.NishiFunabashi,"2014-10-17 07:12:49.000000","2015-01-29 04:51:09.967673","2015-01-29 04:51:09.967673"
268,urn:ucode:_00001C000000000000010000030C3DAF,odpt.StationTimetable:TokyoMetro.Tozai.Kiba.Nakano,"2014-10-17 07:12:52.000000","2015-01-29 04:51:10.286682","2015-01-29 04:51:10.286682"
269,urn:ucode:_00001C000000000000010000030C3DB0,odpt.StationTimetable:TokyoMetro.Tozai.Kiba.NishiFunabashi,"2014-10-17 07:12:53.000000","2015-01-29 04:51:10.626693","2015-01-29 04:51:10.626693"
270,urn:ucode:_00001C000000000000010000030C3DC1,odpt.StationTimetable:TokyoMetro.Tozai.Kudanshita.Nakano,"2014-10-17 07:13:00.000000","2015-01-29 04:51:10.957703","2015-01-29 04:51:10.957703"
271,urn:ucode:_00001C000000000000010000030C3DC2,odpt.StationTimetable:TokyoMetro.Tozai.Kudanshita.NishiFunabashi,"2014-10-17 07:13:00.000000","2015-01-29 04:51:11.310714","2015-01-29 04:51:11.310714"
272,urn:ucode:_00001C000000000000010000030C3E74,odpt.StationTimetable:TokyoMetro.Tozai.MinamiGyotoku.Nakano,"2014-10-17 07:14:06.000000","2015-01-29 04:51:11.648724","2015-01-29 04:51:11.648724"
273,urn:ucode:_00001C000000000000010000030C3E75,odpt.StationTimetable:TokyoMetro.Tozai.MinamiGyotoku.NishiFunabashi,"2014-10-17 07:14:06.000000","2015-01-29 04:51:12.014735","2015-01-29 04:51:12.014735"
274,urn:ucode:_00001C000000000000010000030C3E76,odpt.StationTimetable:TokyoMetro.Tozai.MinamiSunamachi.Nakano,"2014-10-17 07:14:06.000000","2015-01-29 04:51:12.377746","2015-01-29 04:51:12.377746"
275,urn:ucode:_00001C000000000000010000030C3E77,odpt.StationTimetable:TokyoMetro.Tozai.MinamiSunamachi.NishiFunabashi,"2014-10-17 07:14:07.000000","2015-01-29 04:51:12.707756","2015-01-29 04:51:12.707756"
276,urn:ucode:_00001C000000000000010000030C3E85,odpt.StationTimetable:TokyoMetro.Tozai.MonzenNakacho.Nakano,"2014-10-17 07:14:11.000000","2015-01-29 04:51:13.056767","2015-01-29 04:51:13.056767"
277,urn:ucode:_00001C000000000000010000030C3E86,odpt.StationTimetable:TokyoMetro.Tozai.MonzenNakacho.NishiFunabashi,"2014-10-17 07:14:12.000000","2015-01-29 04:51:13.390777","2015-01-29 04:51:13.390777"
278,urn:ucode:_00001C000000000000010000030C3E7E,odpt.StationTimetable:TokyoMetro.Tozai.Myoden.Nakano,"2014-10-17 07:14:09.000000","2015-01-29 04:51:13.709787","2015-01-29 04:51:13.709787"
279,urn:ucode:_00001C000000000000010000030C3E7F,odpt.StationTimetable:TokyoMetro.Tozai.Myoden.NishiFunabashi,"2014-10-17 07:14:09.000000","2015-01-29 04:51:14.073798","2015-01-29 04:51:14.073798"
280,urn:ucode:_00001C000000000000010000030C3E2F,odpt.StationTimetable:TokyoMetro.Tozai.Nakano.NishiFunabashi,"2014-10-17 07:13:42.000000","2015-01-29 04:51:14.392808","2015-01-29 04:51:14.392808"
281,urn:ucode:_00001C000000000000010000030C3E47,odpt.StationTimetable:TokyoMetro.Tozai.Nihombashi.Nakano,"2014-10-17 07:13:49.000000","2015-01-29 04:51:14.721818","2015-01-29 04:51:14.721818"
282,urn:ucode:_00001C000000000000010000030C3E48,odpt.StationTimetable:TokyoMetro.Tozai.Nihombashi.NishiFunabashi,"2014-10-17 07:13:50.000000","2015-01-29 04:51:15.051828","2015-01-29 04:51:15.051828"
283,urn:ucode:_00001C000000000000010000030C3E40,odpt.StationTimetable:TokyoMetro.Tozai.NishiFunabashi.Nakano,"2014-10-17 07:13:46.000000","2015-01-29 04:51:15.360837","2015-01-29 04:51:15.360837"
284,urn:ucode:_00001C000000000000010000030C3E38,odpt.StationTimetable:TokyoMetro.Tozai.NishiKasai.Nakano,"2014-10-17 07:13:44.000000","2015-01-29 04:51:15.701848","2015-01-29 04:51:15.701848"
285,urn:ucode:_00001C000000000000010000030C3E39,odpt.StationTimetable:TokyoMetro.Tozai.NishiKasai.NishiFunabashi,"2014-10-17 07:13:44.000000","2015-01-29 04:51:16.075859","2015-01-29 04:51:16.075859"
286,urn:ucode:_00001C000000000000010000030C3D87,odpt.StationTimetable:TokyoMetro.Tozai.Ochiai.Nakano,"2014-10-17 07:12:36.000000","2015-01-29 04:51:16.417869","2015-01-29 04:51:16.417869"
287,urn:ucode:_00001C000000000000010000030C3D88,odpt.StationTimetable:TokyoMetro.Tozai.Ochiai.NishiFunabashi,"2014-10-17 07:12:36.000000","2015-01-29 04:51:16.769880","2015-01-29 04:51:16.769880"
288,urn:ucode:_00001C000000000000010000030C3D7E,odpt.StationTimetable:TokyoMetro.Tozai.Otemachi.Nakano,"2014-10-17 07:12:33.000000","2015-01-29 04:51:17.095890","2015-01-29 04:51:17.095890"
289,urn:ucode:_00001C000000000000010000030C3D80,odpt.StationTimetable:TokyoMetro.Tozai.Otemachi.NishiFunabashi,"2014-10-17 07:12:33.000000","2015-01-29 04:51:17.440901","2015-01-29 04:51:17.440901"
290,urn:ucode:_00001C000000000000010000030C3E09,odpt.StationTimetable:TokyoMetro.Tozai.Takadanobaba.Nakano,"2014-10-17 07:13:27.000000","2015-01-29 04:51:17.770911","2015-01-29 04:51:17.770911"
291,urn:ucode:_00001C000000000000010000030C3E0A,odpt.StationTimetable:TokyoMetro.Tozai.Takadanobaba.NishiFunabashi,"2014-10-17 07:13:28.000000","2015-01-29 04:51:18.133922","2015-01-29 04:51:18.133922"
292,urn:ucode:_00001C000000000000010000030C3E0B,odpt.StationTimetable:TokyoMetro.Tozai.Takebashi.Nakano,"2014-10-17 07:13:28.000000","2015-01-29 04:51:18.441931","2015-01-29 04:51:18.441931"
293,urn:ucode:_00001C000000000000010000030C3E0C,odpt.StationTimetable:TokyoMetro.Tozai.Takebashi.NishiFunabashi,"2014-10-17 07:13:28.000000","2015-01-29 04:51:18.750941","2015-01-29 04:51:18.750941"
294,urn:ucode:_00001C000000000000010000030C3E21,odpt.StationTimetable:TokyoMetro.Tozai.Toyocho.Nakano,"2014-10-17 07:13:37.000000","2015-01-29 04:51:19.067950","2015-01-29 04:51:19.067950"
295,urn:ucode:_00001C000000000000010000030C3E22,odpt.StationTimetable:TokyoMetro.Tozai.Toyocho.NishiFunabashi,"2014-10-17 07:13:37.000000","2015-01-29 04:51:19.377960","2015-01-29 04:51:19.377960"
296,urn:ucode:_00001C000000000000010000030C3D73,odpt.StationTimetable:TokyoMetro.Tozai.Urayasu.Nakano,"2014-10-17 07:12:30.000000","2015-01-29 04:51:19.696969","2015-01-29 04:51:19.696969"
297,urn:ucode:_00001C000000000000010000030C3D74,odpt.StationTimetable:TokyoMetro.Tozai.Urayasu.NishiFunabashi,"2014-10-17 07:12:30.000000","2015-01-29 04:51:20.070981","2015-01-29 04:51:20.070981"
298,urn:ucode:_00001C000000000000010000030C3E99,odpt.StationTimetable:TokyoMetro.Tozai.Waseda.Nakano,"2014-10-17 07:14:17.000000","2015-01-29 04:51:20.400991","2015-01-29 04:51:20.400991"
299,urn:ucode:_00001C000000000000010000030C3E9A,odpt.StationTimetable:TokyoMetro.Tozai.Waseda.NishiFunabashi,"2014-10-17 07:14:18.000000","2015-01-29 04:51:20.751002","2015-01-29 04:51:20.751002"
300,urn:ucode:_00001C000000000000010000030C3E16,odpt.StationTimetable:TokyoMetro.Yurakucho.ChikatetsuAkatsuka.ShinKiba.TokyoMetro.Fukutoshin.ChikatetsuAkatsuka.Shibuya,"2014-10-17 07:13:33.000000","2015-01-29 04:51:21.069011","2015-01-29 04:51:21.069011"
301,urn:ucode:_00001C000000000000010000030C3E15,odpt.StationTimetable:TokyoMetro.Yurakucho.ChikatetsuAkatsuka.Wakoshi.TokyoMetro.Fukutoshin.ChikatetsuAkatsuka.Wakoshi,"2014-10-17 07:13:32.000000","2015-01-29 04:51:21.558026","2015-01-29 04:51:21.558026"
302,urn:ucode:_00001C000000000000010000030C3E18,odpt.StationTimetable:TokyoMetro.Yurakucho.ChikatetsuNarimasu.ShinKiba.TokyoMetro.Fukutoshin.ChikatetsuNarimasu.Shibuya,"2014-10-17 07:13:34.000000","2015-01-29 04:51:22.094042","2015-01-29 04:51:22.094042"
303,urn:ucode:_00001C000000000000010000030C3E17,odpt.StationTimetable:TokyoMetro.Yurakucho.ChikatetsuNarimasu.Wakoshi.TokyoMetro.Fukutoshin.ChikatetsuNarimasu.Wakoshi,"2014-10-17 07:13:33.000000","2015-01-29 04:51:22.603058","2015-01-29 04:51:22.603058"
304,urn:ucode:_00001C000000000000010000030C3D76,odpt.StationTimetable:TokyoMetro.Yurakucho.Edogawabashi.ShinKiba,"2014-10-17 07:12:31.000000","2015-01-29 04:51:23.075072","2015-01-29 04:51:23.075072"
305,urn:ucode:_00001C000000000000010000030C3D75,odpt.StationTimetable:TokyoMetro.Yurakucho.Edogawabashi.Wakoshi,"2014-10-17 07:12:30.000000","2015-01-29 04:51:23.373081","2015-01-29 04:51:23.373081"
306,urn:ucode:_00001C000000000000010000030C3DBE,odpt.StationTimetable:TokyoMetro.Yurakucho.GinzaItchome.ShinKiba,"2014-10-17 07:12:59.000000","2015-01-29 04:51:23.681091","2015-01-29 04:51:23.681091"
307,urn:ucode:_00001C000000000000010000030C3DBD,odpt.StationTimetable:TokyoMetro.Yurakucho.GinzaItchome.Wakoshi,"2014-10-17 07:12:59.000000","2015-01-29 04:51:24.000101","2015-01-29 04:51:24.000101"
308,urn:ucode:_00001C000000000000010000030C3DCC,odpt.StationTimetable:TokyoMetro.Yurakucho.Gokokuji.ShinKiba,"2014-10-17 07:13:04.000000","2015-01-29 04:51:24.297110","2015-01-29 04:51:24.297110"
309,urn:ucode:_00001C000000000000010000030C3DCB,odpt.StationTimetable:TokyoMetro.Yurakucho.Gokokuji.Wakoshi,"2014-10-17 07:13:04.000000","2015-01-29 04:51:24.606119","2015-01-29 04:51:24.606119"
310,urn:ucode:_00001C000000000000010000030C3E66,odpt.StationTimetable:TokyoMetro.Yurakucho.Heiwadai.ShinKiba.TokyoMetro.Fukutoshin.Heiwadai.Shibuya,"2014-10-17 07:14:01.000000","2015-01-29 04:51:24.914128","2015-01-29 04:51:24.914128"
311,urn:ucode:_00001C000000000000010000030C3E65,odpt.StationTimetable:TokyoMetro.Yurakucho.Heiwadai.Wakoshi.TokyoMetro.Fukutoshin.Heiwadai.Wakoshi,"2014-10-17 07:14:00.000000","2015-01-29 04:51:25.387143","2015-01-29 04:51:25.387143"
312,urn:ucode:_00001C000000000000010000030C3E56,odpt.StationTimetable:TokyoMetro.Yurakucho.HigashiIkebukuro.ShinKiba,"2014-10-17 07:13:55.000000","2015-01-29 04:51:25.883158","2015-01-29 04:51:25.883158"
313,urn:ucode:_00001C000000000000010000030C3E55,odpt.StationTimetable:TokyoMetro.Yurakucho.HigashiIkebukuro.Wakoshi,"2014-10-17 07:13:55.000000","2015-01-29 04:51:26.201168","2015-01-29 04:51:26.201168"
314,urn:ucode:_00001C000000000000010000030C3E5E,odpt.StationTimetable:TokyoMetro.Yurakucho.Hikawadai.ShinKiba.TokyoMetro.Fukutoshin.Hikawadai.Shibuya,"2014-10-17 07:13:58.000000","2015-01-29 04:51:26.542178","2015-01-29 04:51:26.542178"
315,urn:ucode:_00001C000000000000010000030C3E5D,odpt.StationTimetable:TokyoMetro.Yurakucho.Hikawadai.Wakoshi.TokyoMetro.Fukutoshin.Hikawadai.Wakoshi,"2014-10-17 07:13:57.000000","2015-01-29 04:51:27.092195","2015-01-29 04:51:27.092195"
316,urn:ucode:_00001C000000000000010000030C3D66,odpt.StationTimetable:TokyoMetro.Yurakucho.Ichigaya.ShinKiba,"2014-10-17 07:12:23.000000","2015-01-29 04:51:27.610211","2015-01-29 04:51:27.610211"
317,urn:ucode:_00001C000000000000010000030C3D65,odpt.StationTimetable:TokyoMetro.Yurakucho.Ichigaya.Wakoshi,"2014-10-17 07:12:23.000000","2015-01-29 04:51:28.047224","2015-01-29 04:51:28.047224"
318,urn:ucode:_00001C000000000000010000030C3D5D,odpt.StationTimetable:TokyoMetro.Yurakucho.Iidabashi.ShinKiba,"2014-10-17 07:12:21.000000","2015-01-29 04:51:28.391235","2015-01-29 04:51:28.391235"
319,urn:ucode:_00001C000000000000010000030C3D5C,odpt.StationTimetable:TokyoMetro.Yurakucho.Iidabashi.Wakoshi,"2014-10-17 07:12:21.000000","2015-01-29 04:51:28.722245","2015-01-29 04:51:28.722245"
320,urn:ucode:_00001C000000000000010000030C3D62,odpt.StationTimetable:TokyoMetro.Yurakucho.Ikebukuro.ShinKiba,"2014-10-17 07:12:22.000000","2015-01-29 04:51:29.041254","2015-01-29 04:51:29.041254"
321,urn:ucode:_00001C000000000000010000030C3D61,odpt.StationTimetable:TokyoMetro.Yurakucho.Ikebukuro.Wakoshi,"2014-10-17 07:12:22.000000","2015-01-29 04:51:29.382265","2015-01-29 04:51:29.382265"
322,urn:ucode:_00001C000000000000010000030C3D9E,odpt.StationTimetable:TokyoMetro.Yurakucho.Kanamecho.ShinKiba,"2014-10-17 07:12:46.000000","2015-01-29 04:51:29.757276","2015-01-29 04:51:29.757276"
323,urn:ucode:_00001C000000000000010000030C3D9D,odpt.StationTimetable:TokyoMetro.Yurakucho.Kanamecho.Wakoshi,"2014-10-17 07:12:45.000000","2015-01-29 04:51:30.115287","2015-01-29 04:51:30.115287"
324,urn:ucode:_00001C000000000000010000030C3DC6,odpt.StationTimetable:TokyoMetro.Yurakucho.Kojimachi.ShinKiba,"2014-10-17 07:13:02.000000","2015-01-29 04:51:30.471298","2015-01-29 04:51:30.471298"
325,urn:ucode:_00001C000000000000010000030C3DC5,odpt.StationTimetable:TokyoMetro.Yurakucho.Kojimachi.Wakoshi,"2014-10-17 07:13:02.000000","2015-01-29 04:51:30.813308","2015-01-29 04:51:30.813308"
326,urn:ucode:_00001C000000000000010000030C3DCE,odpt.StationTimetable:TokyoMetro.Yurakucho.KotakeMukaihara.ShinKiba,"2014-10-17 07:13:05.000000","2015-01-29 04:51:31.143318","2015-01-29 04:51:31.143318"
327,urn:ucode:_00001C000000000000010000030C3DCD,odpt.StationTimetable:TokyoMetro.Yurakucho.KotakeMukaihara.Wakoshi.TokyoMetro.Fukutoshin.KotakeMukaihara.Wakoshi,"2014-10-17 07:13:05.000000","2015-01-29 04:51:31.496329","2015-01-29 04:51:31.496329"
328,urn:ucode:_00001C000000000000010000030C3E2A,odpt.StationTimetable:TokyoMetro.Yurakucho.Nagatacho.ShinKiba,"2014-10-17 07:13:41.000000","2015-01-29 04:51:32.045346","2015-01-29 04:51:32.045346"
329,urn:ucode:_00001C000000000000010000030C3E29,odpt.StationTimetable:TokyoMetro.Yurakucho.Nagatacho.Wakoshi,"2014-10-17 07:13:40.000000","2015-01-29 04:51:32.398357","2015-01-29 04:51:32.398357"
330,urn:ucode:_00001C000000000000010000030C3DDA,odpt.StationTimetable:TokyoMetro.Yurakucho.Sakuradamon.ShinKiba,"2014-10-17 07:13:09.000000","2015-01-29 04:51:32.750367","2015-01-29 04:51:32.750367"
331,urn:ucode:_00001C000000000000010000030C3DD9,odpt.StationTimetable:TokyoMetro.Yurakucho.Sakuradamon.Wakoshi,"2014-10-17 07:13:09.000000","2015-01-29 04:51:33.090378","2015-01-29 04:51:33.090378"
332,urn:ucode:_00001C000000000000010000030C3E02,odpt.StationTimetable:TokyoMetro.Yurakucho.Senkawa.ShinKiba,"2014-10-17 07:13:25.000000","2015-01-29 04:51:33.432388","2015-01-29 04:51:33.432388"
333,urn:ucode:_00001C000000000000010000030C3E01,odpt.StationTimetable:TokyoMetro.Yurakucho.Senkawa.Wakoshi,"2014-10-17 07:13:24.000000","2015-01-29 04:51:33.751398","2015-01-29 04:51:33.751398"
334,urn:ucode:_00001C000000000000010000030C3DE8,odpt.StationTimetable:TokyoMetro.Yurakucho.ShinKiba.Wakoshi,"2014-10-17 07:13:15.000000","2015-01-29 04:51:34.103409","2015-01-29 04:51:34.103409"
335,urn:ucode:_00001C000000000000010000030C3DF4,odpt.StationTimetable:TokyoMetro.Yurakucho.Shintomicho.ShinKiba,"2014-10-17 07:13:19.000000","2015-01-29 04:51:34.407418","2015-01-29 04:51:34.407418"
336,urn:ucode:_00001C000000000000010000030C3DF3,odpt.StationTimetable:TokyoMetro.Yurakucho.Shintomicho.Wakoshi,"2014-10-17 07:13:19.000000","2015-01-29 04:51:34.742428","2015-01-29 04:51:34.742428"
337,urn:ucode:_00001C000000000000010000030C3E0E,odpt.StationTimetable:TokyoMetro.Yurakucho.Tatsumi.ShinKiba,"2014-10-17 07:13:29.000000","2015-01-29 04:51:35.061438","2015-01-29 04:51:35.061438"
338,urn:ucode:_00001C000000000000010000030C3E0D,odpt.StationTimetable:TokyoMetro.Yurakucho.Tatsumi.Wakoshi,"2014-10-17 07:13:29.000000","2015-01-29 04:51:35.402448","2015-01-29 04:51:35.402448"
339,urn:ucode:_00001C000000000000010000030C3E24,odpt.StationTimetable:TokyoMetro.Yurakucho.Toyosu.ShinKiba,"2014-10-17 07:13:38.000000","2015-01-29 04:51:35.699457","2015-01-29 04:51:35.699457"
340,urn:ucode:_00001C000000000000010000030C3E23,odpt.StationTimetable:TokyoMetro.Yurakucho.Toyosu.Wakoshi,"2014-10-17 07:13:38.000000","2015-01-29 04:51:36.007467","2015-01-29 04:51:36.007467"
341,urn:ucode:_00001C000000000000010000030C3E1C,odpt.StationTimetable:TokyoMetro.Yurakucho.Tsukishima.ShinKiba,"2014-10-17 07:13:36.000000","2015-01-29 04:51:36.316476","2015-01-29 04:51:36.316476"
342,urn:ucode:_00001C000000000000010000030C3E1B,odpt.StationTimetable:TokyoMetro.Yurakucho.Tsukishima.Wakoshi,"2014-10-17 07:13:35.000000","2015-01-29 04:51:36.656487","2015-01-29 04:51:36.656487"
343,urn:ucode:_00001C000000000000010000030C3E98,odpt.StationTimetable:TokyoMetro.Yurakucho.Wakoshi.ShinKiba.TokyoMetro.Fukutoshin.Wakoshi.Shibuya,"2014-10-17 07:14:17.000000","2015-01-29 04:51:36.987497","2015-01-29 04:51:36.987497"
344,urn:ucode:_00001C000000000000010000030C3E88,odpt.StationTimetable:TokyoMetro.Yurakucho.Yurakucho.ShinKiba,"2014-10-17 07:14:12.000000","2015-01-29 04:51:37.483512","2015-01-29 04:51:37.483512"
345,urn:ucode:_00001C000000000000010000030C3E87,odpt.StationTimetable:TokyoMetro.Yurakucho.Yurakucho.Wakoshi,"2014-10-17 07:14:12.000000","2015-01-29 04:51:37.816522","2015-01-29 04:51:37.816522"
