1507,2,1,"2015-02-09 18:38:48.250829","2015-02-09 18:38:48.250829"
1508,3,1,"2015-02-09 18:38:48.616837","2015-02-09 18:38:48.616837"
1509,5,1,"2015-02-09 18:38:49.265851","2015-02-09 18:38:49.265851"
1510,7,1,"2015-02-09 18:38:49.881865","2015-02-09 18:38:49.881865"
1511,8,1,"2015-02-09 18:38:50.299874","2015-02-09 18:38:50.299874"
1512,12,1,"2015-02-09 18:38:51.142893","2015-02-09 18:38:51.142893"
1513,13,1,"2015-02-09 18:38:51.554902","2015-02-09 18:38:51.554902"
1514,13,2,"2015-02-09 18:38:51.670905","2015-02-09 18:38:51.670905"
1515,14,3,"2015-02-09 18:38:52.040913","2015-02-09 18:38:52.040913"
1516,16,1,"2015-02-09 18:38:52.705928","2015-02-09 18:38:52.705928"
1517,17,1,"2015-02-09 18:38:53.209939","2015-02-09 18:38:53.209939"
1518,18,1,"2015-02-09 18:38:53.535947","2015-02-09 18:38:53.535947"
1519,19,4,"2015-02-09 18:38:53.986957","2015-02-09 18:38:53.986957"
1520,20,3,"2015-02-09 18:38:54.504968","2015-02-09 18:38:54.504968"
1521,26,1,"2015-02-09 18:38:56.043003","2015-02-09 18:38:56.043003"
1522,27,5,"2015-02-09 18:38:56.492013","2015-02-09 18:38:56.492013"
1523,28,3,"2015-02-09 18:38:56.977023","2015-02-09 18:38:56.977023"
1524,30,1,"2015-02-09 18:38:57.797042","2015-02-09 18:38:57.797042"
1525,30,6,"2015-02-09 18:38:57.930045","2015-02-09 18:38:57.930045"
1526,30,7,"2015-02-09 18:38:58.061048","2015-02-09 18:38:58.061048"
1527,30,8,"2015-02-09 18:38:58.320053","2015-02-09 18:38:58.320053"
1528,31,3,"2015-02-09 18:38:58.879066","2015-02-09 18:38:58.879066"
1529,32,1,"2015-02-09 18:38:59.410078","2015-02-09 18:38:59.410078"
1530,39,1,"2015-02-09 18:39:01.670128","2015-02-09 18:39:01.670128"
1531,40,5,"2015-02-09 18:39:02.189140","2015-02-09 18:39:02.189140"
1532,41,3,"2015-02-09 18:39:02.704151","2015-02-09 18:39:02.704151"
1533,43,9,"2015-02-09 18:39:03.524169","2015-02-09 18:39:03.524169"
1534,43,6,"2015-02-09 18:39:03.890178","2015-02-09 18:39:03.890178"
1535,43,7,"2015-02-09 18:39:04.065181","2015-02-09 18:39:04.065181"
1536,43,8,"2015-02-09 18:39:04.232185","2015-02-09 18:39:04.232185"
1537,44,3,"2015-02-09 18:39:04.738196","2015-02-09 18:39:04.738196"
1538,45,1,"2015-02-09 18:39:05.245208","2015-02-09 18:39:05.245208"
1539,53,1,"2015-02-09 18:39:08.187273","2015-02-09 18:39:08.187273"
1540,61,1,"2015-02-09 18:39:10.276320","2015-02-09 18:39:10.276320"
1541,62,1,"2015-02-09 18:39:10.752331","2015-02-09 18:39:10.752331"
1542,63,1,"2015-02-09 18:39:11.380345","2015-02-09 18:39:11.380345"
1543,64,1,"2015-02-09 18:39:11.916356","2015-02-09 18:39:11.916356"
1544,70,1,"2015-02-09 18:39:13.778398","2015-02-09 18:39:13.778398"
1545,80,10,"2015-02-09 18:39:17.028470","2015-02-09 18:39:17.028470"
1546,80,11,"2015-02-09 18:39:17.202474","2015-02-09 18:39:17.202474"
1547,81,1,"2015-02-09 18:39:17.633484","2015-02-09 18:39:17.633484"
1548,82,1,"2015-02-09 18:39:18.062494","2015-02-09 18:39:18.062494"
1549,83,1,"2015-02-09 18:39:18.535504","2015-02-09 18:39:18.535504"
1550,88,1,"2015-02-09 18:39:19.885534","2015-02-09 18:39:19.885534"
1551,89,1,"2015-02-09 18:39:20.284543","2015-02-09 18:39:20.284543"
1552,90,1,"2015-02-09 18:39:20.674552","2015-02-09 18:39:20.674552"
1553,91,12,"2015-02-09 18:39:21.068561","2015-02-09 18:39:21.068561"
1554,92,1,"2015-02-09 18:39:21.523571","2015-02-09 18:39:21.523571"
1555,93,1,"2015-02-09 18:39:21.984581","2015-02-09 18:39:21.984581"
1556,94,1,"2015-02-09 18:39:22.404590","2015-02-09 18:39:22.404590"
1557,99,13,"2015-02-09 18:39:23.720620","2015-02-09 18:39:23.720620"
1558,99,14,"2015-02-09 18:39:23.859623","2015-02-09 18:39:23.859623"
1559,100,1,"2015-02-09 18:39:24.291632","2015-02-09 18:39:24.291632"
1560,104,1,"2015-02-09 18:39:25.183652","2015-02-09 18:39:25.183652"
1561,111,1,"2015-02-09 18:39:26.963692","2015-02-09 18:39:26.963692"
1562,112,1,"2015-02-09 18:39:27.428702","2015-02-09 18:39:27.428702"
1563,118,1,"2015-02-09 18:39:28.790733","2015-02-09 18:39:28.790733"
1564,119,1,"2015-02-09 18:39:29.266743","2015-02-09 18:39:29.266743"
1565,121,1,"2015-02-09 18:39:30.025760","2015-02-09 18:39:30.025760"
1566,125,1,"2015-02-09 18:39:31.038783","2015-02-09 18:39:31.038783"
1567,126,1,"2015-02-09 18:39:31.560795","2015-02-09 18:39:31.560795"
1568,128,1,"2015-02-09 18:39:32.437814","2015-02-09 18:39:32.437814"
1569,133,1,"2015-02-09 18:39:33.902847","2015-02-09 18:39:33.902847"
1570,134,1,"2015-02-09 18:39:34.450859","2015-02-09 18:39:34.450859"
1571,136,1,"2015-02-09 18:39:35.286878","2015-02-09 18:39:35.286878"
1572,140,1,"2015-02-09 18:39:36.243899","2015-02-09 18:39:36.243899"
1573,143,12,"2015-02-09 18:39:37.151919","2015-02-09 18:39:37.151919"
1574,144,12,"2015-02-09 18:39:37.618930","2015-02-09 18:39:37.618930"
1575,145,12,"2015-02-09 18:39:38.066940","2015-02-09 18:39:38.066940"
1576,150,1,"2015-02-09 18:39:39.324968","2015-02-09 18:39:39.324968"
1577,152,3,"2015-02-09 18:39:40.217988","2015-02-09 18:39:40.217988"
1578,154,1,"2015-02-09 18:39:40.953004","2015-02-09 18:39:40.953004"
1579,155,15,"2015-02-09 18:39:41.417014","2015-02-09 18:39:41.417014"
1580,155,16,"2015-02-09 18:39:41.558017","2015-02-09 18:39:41.558017"
1581,156,17,"2015-02-09 18:39:42.032028","2015-02-09 18:39:42.032028"
1582,158,17,"2015-02-09 18:39:42.893047","2015-02-09 18:39:42.893047"
1583,163,18,"2015-02-09 18:39:44.433082","2015-02-09 18:39:44.433082"
1584,163,19,"2015-02-09 18:39:44.594085","2015-02-09 18:39:44.594085"
1585,164,20,"2015-02-09 18:39:45.060096","2015-02-09 18:39:45.060096"
1586,164,21,"2015-02-09 18:39:45.389103","2015-02-09 18:39:45.389103"
1587,164,22,"2015-02-09 18:39:45.597108","2015-02-09 18:39:45.597108"
1588,165,1,"2015-02-09 18:39:46.068118","2015-02-09 18:39:46.068118"
1589,166,1,"2015-02-09 18:39:46.667131","2015-02-09 18:39:46.667131"
1590,167,3,"2015-02-09 18:39:47.133142","2015-02-09 18:39:47.133142"
1591,168,23,"2015-02-09 18:39:47.649153","2015-02-09 18:39:47.649153"
1592,168,24,"2015-02-09 18:39:47.844158","2015-02-09 18:39:47.844158"
1593,168,25,"2015-02-09 18:39:48.009161","2015-02-09 18:39:48.009161"
1594,168,26,"2015-02-09 18:39:48.189165","2015-02-09 18:39:48.189165"
1595,168,27,"2015-02-09 18:39:48.355169","2015-02-09 18:39:48.355169"
1596,168,28,"2015-02-09 18:39:48.491172","2015-02-09 18:39:48.491172"
1597,168,29,"2015-02-09 18:39:48.633175","2015-02-09 18:39:48.633175"
1598,169,30,"2015-02-09 18:39:49.126186","2015-02-09 18:39:49.126186"
1599,174,1,"2015-02-09 18:39:50.431215","2015-02-09 18:39:50.431215"
1600,175,1,"2015-02-09 18:39:50.981228","2015-02-09 18:39:50.981228"
1601,176,17,"2015-02-09 18:39:51.547240","2015-02-09 18:39:51.547240"
1602,177,1,"2015-02-09 18:39:51.960249","2015-02-09 18:39:51.960249"
1603,178,31,"2015-02-09 18:39:52.434260","2015-02-09 18:39:52.434260"
1604,179,32,"2015-02-09 18:39:52.928271","2015-02-09 18:39:52.928271"
1605,179,33,"2015-02-09 18:39:53.123275","2015-02-09 18:39:53.123275"
1606,180,17,"2015-02-09 18:39:53.633287","2015-02-09 18:39:53.633287"
1607,184,1,"2015-02-09 18:39:54.687310","2015-02-09 18:39:54.687310"
1608,185,17,"2015-02-09 18:39:55.306324","2015-02-09 18:39:55.306324"
1609,187,1,"2015-02-09 18:39:56.021340","2015-02-09 18:39:56.021340"
1610,188,17,"2015-02-09 18:39:56.484350","2015-02-09 18:39:56.484350"
1611,194,1,"2015-02-09 18:39:57.959383","2015-02-09 18:39:57.959383"
1612,195,34,"2015-02-09 18:39:58.453394","2015-02-09 18:39:58.453394"
1613,195,35,"2015-02-09 18:39:58.638398","2015-02-09 18:39:58.638398"
1614,196,1,"2015-02-09 18:39:59.129409","2015-02-09 18:39:59.129409"
1615,197,1,"2015-02-09 18:39:59.608420","2015-02-09 18:39:59.608420"
1616,201,1,"2015-02-09 18:40:00.517440","2015-02-09 18:40:00.517440"
1617,202,17,"2015-02-09 18:40:00.997451","2015-02-09 18:40:00.997451"
1618,203,30,"2015-02-09 18:40:01.567464","2015-02-09 18:40:01.567464"
1619,205,1,"2015-02-09 18:40:02.786491","2015-02-09 18:40:02.786491"
1620,206,1,"2015-02-09 18:40:03.402505","2015-02-09 18:40:03.402505"
1621,207,1,"2015-02-09 18:40:03.868515","2015-02-09 18:40:03.868515"
1622,211,36,"2015-02-09 18:40:04.847537","2015-02-09 18:40:04.847537"
1623,218,1,"2015-02-09 18:40:07.521596","2015-02-09 18:40:07.521596"
1624,221,1,"2015-02-09 18:40:08.599620","2015-02-09 18:40:08.599620"
1625,225,1,"2015-02-09 18:40:09.723646","2015-02-09 18:40:09.723646"
1626,226,1,"2015-02-09 18:40:10.134655","2015-02-09 18:40:10.134655"
1627,228,1,"2015-02-09 18:40:11.033675","2015-02-09 18:40:11.033675"
1628,233,1,"2015-02-09 18:40:12.549709","2015-02-09 18:40:12.549709"
1629,234,1,"2015-02-09 18:40:13.067720","2015-02-09 18:40:13.067720"
1630,235,1,"2015-02-09 18:40:13.627733","2015-02-09 18:40:13.627733"
1631,236,1,"2015-02-09 18:40:14.154744","2015-02-09 18:40:14.154744"
1632,238,1,"2015-02-09 18:40:15.059765","2015-02-09 18:40:15.059765"
1633,243,1,"2015-02-09 18:40:16.456796","2015-02-09 18:40:16.456796"
1634,244,3,"2015-02-09 18:40:16.929806","2015-02-09 18:40:16.929806"
1635,249,17,"2015-02-09 18:40:18.867849","2015-02-09 18:40:18.867849"
1636,250,1,"2015-02-09 18:40:19.362861","2015-02-09 18:40:19.362861"
1637,251,1,"2015-02-09 18:40:19.824871","2015-02-09 18:40:19.824871"
1638,253,1,"2015-02-09 18:40:20.584888","2015-02-09 18:40:20.584888"
1639,258,1,"2015-02-09 18:40:21.877917","2015-02-09 18:40:21.877917"
1640,259,17,"2015-02-09 18:40:22.345927","2015-02-09 18:40:22.345927"
1641,260,17,"2015-02-09 18:40:22.807937","2015-02-09 18:40:22.807937"
1642,261,17,"2015-02-09 18:40:23.423951","2015-02-09 18:40:23.423951"
1643,271,1,"2015-02-09 18:40:26.055010","2015-02-09 18:40:26.055010"
1644,274,1,"2015-02-09 18:40:27.265037","2015-02-09 18:40:27.265037"
1645,276,1,"2015-02-09 18:40:28.541065","2015-02-09 18:40:28.541065"
1646,277,1,"2015-02-09 18:40:29.025076","2015-02-09 18:40:29.025076"
1647,283,1,"2015-02-09 18:40:30.864117","2015-02-09 18:40:30.864117"
1648,284,1,"2015-02-09 18:40:31.322127","2015-02-09 18:40:31.322127"
1649,285,1,"2015-02-09 18:40:31.838139","2015-02-09 18:40:31.838139"
1650,286,1,"2015-02-09 18:40:32.316149","2015-02-09 18:40:32.316149"
1651,288,1,"2015-02-09 18:40:33.061166","2015-02-09 18:40:33.061166"
1652,294,1,"2015-02-09 18:40:34.809205","2015-02-09 18:40:34.809205"
1653,295,1,"2015-02-09 18:40:35.320216","2015-02-09 18:40:35.320216"
1654,296,1,"2015-02-09 18:40:35.848228","2015-02-09 18:40:35.848228"
1655,297,1,"2015-02-09 18:40:36.262237","2015-02-09 18:40:36.262237"
1656,299,1,"2015-02-09 18:40:37.016254","2015-02-09 18:40:37.016254"
1657,309,1,"2015-02-09 18:40:40.208325","2015-02-09 18:40:40.208325"
1658,310,1,"2015-02-09 18:40:40.713337","2015-02-09 18:40:40.713337"
1659,314,1,"2015-02-09 18:40:41.715359","2015-02-09 18:40:41.715359"
1660,315,1,"2015-02-09 18:40:42.210370","2015-02-09 18:40:42.210370"
1661,317,1,"2015-02-09 18:40:43.052389","2015-02-09 18:40:43.052389"
1662,318,1,"2015-02-09 18:40:43.576400","2015-02-09 18:40:43.576400"
1663,322,1,"2015-02-09 18:40:45.029433","2015-02-09 18:40:45.029433"
1664,323,1,"2015-02-09 18:40:45.619446","2015-02-09 18:40:45.619446"
1665,324,1,"2015-02-09 18:40:46.145458","2015-02-09 18:40:46.145458"
1666,329,1,"2015-02-09 18:40:47.716493","2015-02-09 18:40:47.716493"
1667,330,1,"2015-02-09 18:40:48.170503","2015-02-09 18:40:48.170503"
1668,332,1,"2015-02-09 18:40:48.892519","2015-02-09 18:40:48.892519"
1669,333,1,"2015-02-09 18:40:50.235549","2015-02-09 18:40:50.235549"
1670,336,37,"2015-02-09 18:40:50.955565","2015-02-09 18:40:50.955565"
1671,336,38,"2015-02-09 18:40:51.122569","2015-02-09 18:40:51.122569"
1672,336,39,"2015-02-09 18:40:51.259572","2015-02-09 18:40:51.259572"
1673,336,22,"2015-02-09 18:40:51.491577","2015-02-09 18:40:51.491577"
1674,337,37,"2015-02-09 18:40:51.923587","2015-02-09 18:40:51.923587"
1675,337,38,"2015-02-09 18:40:52.067590","2015-02-09 18:40:52.067590"
1676,337,39,"2015-02-09 18:40:52.195593","2015-02-09 18:40:52.195593"
1677,337,22,"2015-02-09 18:40:52.339596","2015-02-09 18:40:52.339596"
1678,338,6,"2015-02-09 18:40:52.835607","2015-02-09 18:40:52.835607"
1679,338,8,"2015-02-09 18:40:52.998611","2015-02-09 18:40:52.998611"
1680,338,7,"2015-02-09 18:40:53.202615","2015-02-09 18:40:53.202615"
1681,338,22,"2015-02-09 18:40:53.339618","2015-02-09 18:40:53.339618"
1682,339,1,"2015-02-09 18:40:53.832629","2015-02-09 18:40:53.832629"
1683,346,1,"2015-02-09 18:40:56.187682","2015-02-09 18:40:56.187682"
1684,347,40,"2015-02-09 18:40:56.775695","2015-02-09 18:40:56.775695"
1685,347,41,"2015-02-09 18:40:56.966699","2015-02-09 18:40:56.966699"
1686,347,42,"2015-02-09 18:40:57.128703","2015-02-09 18:40:57.128703"
1687,347,43,"2015-02-09 18:40:57.267706","2015-02-09 18:40:57.267706"
1688,348,1,"2015-02-09 18:40:57.827718","2015-02-09 18:40:57.827718"
1689,349,1,"2015-02-09 18:40:58.344730","2015-02-09 18:40:58.344730"
1690,351,1,"2015-02-09 18:40:59.208749","2015-02-09 18:40:59.208749"
1691,352,1,"2015-02-09 18:40:59.745761","2015-02-09 18:40:59.745761"
1692,353,1,"2015-02-09 18:41:00.512778","2015-02-09 18:41:00.512778"
1693,354,44,"2015-02-09 18:41:01.008789","2015-02-09 18:41:01.008789"
1694,359,1,"2015-02-09 18:41:02.251817","2015-02-09 18:41:02.251817"
1695,360,1,"2015-02-09 18:41:02.802829","2015-02-09 18:41:02.802829"
1696,361,1,"2015-02-09 18:41:03.274840","2015-02-09 18:41:03.274840"
1697,363,1,"2015-02-09 18:41:04.055857","2015-02-09 18:41:04.055857"
1698,364,1,"2015-02-09 18:41:04.529868","2015-02-09 18:41:04.529868"
1699,365,1,"2015-02-09 18:41:05.024879","2015-02-09 18:41:05.024879"
1700,366,44,"2015-02-09 18:41:05.762895","2015-02-09 18:41:05.762895"
1701,371,1,"2015-02-09 18:41:07.061924","2015-02-09 18:41:07.061924"
1702,373,1,"2015-02-09 18:41:07.908943","2015-02-09 18:41:07.908943"
1703,377,1,"2015-02-09 18:41:08.889965","2015-02-09 18:41:08.889965"
1704,378,1,"2015-02-09 18:41:09.459978","2015-02-09 18:41:09.459978"
1705,379,1,"2015-02-09 18:41:09.910988","2015-02-09 18:41:09.910988"
1706,381,1,"2015-02-09 18:41:10.896010","2015-02-09 18:41:10.896010"
1707,385,1,"2015-02-09 18:41:12.080036","2015-02-09 18:41:12.080036"
1708,386,45,"2015-02-09 18:41:12.753051","2015-02-09 18:41:12.753051"
1709,387,1,"2015-02-09 18:41:13.335064","2015-02-09 18:41:13.335064"
1710,388,46,"2015-02-09 18:41:13.863076","2015-02-09 18:41:13.863076"
1711,390,1,"2015-02-09 18:41:14.688094","2015-02-09 18:41:14.688094"
1712,391,1,"2015-02-09 18:41:15.134104","2015-02-09 18:41:15.134104"
1713,392,1,"2015-02-09 18:41:15.762118","2015-02-09 18:41:15.762118"
1714,393,1,"2015-02-09 18:41:16.460134","2015-02-09 18:41:16.460134"
1715,403,1,"2015-02-09 18:41:19.421200","2015-02-09 18:41:19.421200"
1716,407,1,"2015-02-09 18:41:20.632227","2015-02-09 18:41:20.632227"
1717,408,47,"2015-02-09 18:41:21.070237","2015-02-09 18:41:21.070237"
1718,408,48,"2015-02-09 18:41:21.472246","2015-02-09 18:41:21.472246"
1719,409,1,"2015-02-09 18:41:21.908255","2015-02-09 18:41:21.908255"
1720,410,1,"2015-02-09 18:41:22.338265","2015-02-09 18:41:22.338265"
1721,411,1,"2015-02-09 18:41:22.832276","2015-02-09 18:41:22.832276"
1722,412,1,"2015-02-09 18:41:23.286286","2015-02-09 18:41:23.286286"
1723,413,1,"2015-02-09 18:41:23.790297","2015-02-09 18:41:23.790297"
1724,417,1,"2015-02-09 18:41:25.048325","2015-02-09 18:41:25.048325"
1725,423,1,"2015-02-09 18:41:27.400378","2015-02-09 18:41:27.400378"
1726,424,1,"2015-02-09 18:41:27.916389","2015-02-09 18:41:27.916389"
1727,425,36,"2015-02-09 18:41:28.555403","2015-02-09 18:41:28.555403"
1728,426,36,"2015-02-09 18:41:29.002413","2015-02-09 18:41:29.002413"
1729,427,49,"2015-02-09 18:41:29.501425","2015-02-09 18:41:29.501425"
1730,427,50,"2015-02-09 18:41:29.635428","2015-02-09 18:41:29.635428"
1731,432,1,"2015-02-09 18:41:30.972457","2015-02-09 18:41:30.972457"
1732,433,1,"2015-02-09 18:41:31.414467","2015-02-09 18:41:31.414467"
1733,434,1,"2015-02-09 18:41:31.808476","2015-02-09 18:41:31.808476"
1734,436,1,"2015-02-09 18:41:32.326488","2015-02-09 18:41:32.326488"
1735,437,1,"2015-02-09 18:41:32.711496","2015-02-09 18:41:32.711496"
1736,442,1,"2015-02-09 18:41:33.856522","2015-02-09 18:41:33.856522"
1737,443,1,"2015-02-09 18:41:34.285531","2015-02-09 18:41:34.285531"
1738,444,1,"2015-02-09 18:41:34.835544","2015-02-09 18:41:34.835544"
1739,446,1,"2015-02-09 18:41:35.562560","2015-02-09 18:41:35.562560"
1740,447,1,"2015-02-09 18:41:36.121572","2015-02-09 18:41:36.121572"
1741,451,51,"2015-02-09 18:41:36.872589","2015-02-09 18:41:36.872589"
1742,456,52,"2015-02-09 18:41:38.596627","2015-02-09 18:41:38.596627"
1743,456,53,"2015-02-09 18:41:38.722630","2015-02-09 18:41:38.722630"
1744,456,54,"2015-02-09 18:41:38.865633","2015-02-09 18:41:38.865633"
1745,456,40,"2015-02-09 18:41:38.980636","2015-02-09 18:41:38.980636"
1746,457,1,"2015-02-09 18:41:39.464647","2015-02-09 18:41:39.464647"
1747,458,1,"2015-02-09 18:41:39.865656","2015-02-09 18:41:39.865656"
1748,459,55,"2015-02-09 18:41:40.240664","2015-02-09 18:41:40.240664"
1749,464,56,"2015-02-09 18:41:41.384690","2015-02-09 18:41:41.384690"
1750,464,33,"2015-02-09 18:41:41.525693","2015-02-09 18:41:41.525693"
1751,466,57,"2015-02-09 18:41:42.253709","2015-02-09 18:41:42.253709"
1752,466,33,"2015-02-09 18:41:42.460714","2015-02-09 18:41:42.460714"
1753,472,1,"2015-02-09 18:41:43.650740","2015-02-09 18:41:43.650740"
1754,473,1,"2015-02-09 18:41:43.981747","2015-02-09 18:41:43.981747"
1755,474,1,"2015-02-09 18:41:44.311755","2015-02-09 18:41:44.311755"
1756,475,1,"2015-02-09 18:41:44.707764","2015-02-09 18:41:44.707764"
1757,477,57,"2015-02-09 18:41:45.269776","2015-02-09 18:41:45.269776"
1758,477,33,"2015-02-09 18:41:45.487781","2015-02-09 18:41:45.487781"
1759,484,1,"2015-02-09 18:41:47.114817","2015-02-09 18:41:47.114817"
1760,485,1,"2015-02-09 18:41:47.929836","2015-02-09 18:41:47.929836"
1761,486,1,"2015-02-09 18:41:48.905857","2015-02-09 18:41:48.905857"
1762,488,1,"2015-02-09 18:41:49.802877","2015-02-09 18:41:49.802877"
1763,489,1,"2015-02-09 18:41:50.340889","2015-02-09 18:41:50.340889"
1764,490,1,"2015-02-09 18:41:50.727898","2015-02-09 18:41:50.727898"
1765,491,58,"2015-02-09 18:41:51.085906","2015-02-09 18:41:51.085906"
1766,491,14,"2015-02-09 18:41:51.310911","2015-02-09 18:41:51.310911"
1767,491,40,"2015-02-09 18:41:51.511915","2015-02-09 18:41:51.511915"
1768,492,58,"2015-02-09 18:41:52.008926","2015-02-09 18:41:52.008926"
1769,492,14,"2015-02-09 18:41:52.142929","2015-02-09 18:41:52.142929"
1770,492,40,"2015-02-09 18:41:52.260932","2015-02-09 18:41:52.260932"
1771,499,2,"2015-02-09 18:41:54.451981","2015-02-09 18:41:54.451981"
1772,499,59,"2015-02-09 18:41:54.559983","2015-02-09 18:41:54.559983"
1773,499,43,"2015-02-09 18:41:54.658986","2015-02-09 18:41:54.658986"
1774,499,40,"2015-02-09 18:41:54.788988","2015-02-09 18:41:54.788988"
1775,500,60,"2015-02-09 18:41:55.116996","2015-02-09 18:41:55.116996"
1776,500,59,"2015-02-09 18:41:55.219998","2015-02-09 18:41:55.219998"
1777,500,8,"2015-02-09 18:41:55.320000","2015-02-09 18:41:55.320000"
1778,500,40,"2015-02-09 18:41:55.539005","2015-02-09 18:41:55.539005"
1779,501,1,"2015-02-09 18:41:55.867013","2015-02-09 18:41:55.867013"
1780,502,1,"2015-02-09 18:41:56.230021","2015-02-09 18:41:56.230021"
1781,510,36,"2015-02-09 18:41:58.582073","2015-02-09 18:41:58.582073"
1782,511,1,"2015-02-09 18:41:58.897080","2015-02-09 18:41:58.897080"
1783,513,36,"2015-02-09 18:41:59.709098","2015-02-09 18:41:59.709098"
1784,514,36,"2015-02-09 18:42:00.124107","2015-02-09 18:42:00.124107"
1785,515,1,"2015-02-09 18:42:00.583118","2015-02-09 18:42:00.583118"
1786,516,1,"2015-02-09 18:42:00.925125","2015-02-09 18:42:00.925125"
1787,520,1,"2015-02-09 18:42:01.777144","2015-02-09 18:42:01.777144"
1788,521,1,"2015-02-09 18:42:02.173153","2015-02-09 18:42:02.173153"
1789,522,1,"2015-02-09 18:42:02.754166","2015-02-09 18:42:02.754166"
1790,526,1,"2015-02-09 18:42:04.062195","2015-02-09 18:42:04.062195"
1791,527,1,"2015-02-09 18:42:04.463204","2015-02-09 18:42:04.463204"
1792,528,1,"2015-02-09 18:42:04.859213","2015-02-09 18:42:04.859213"
1793,532,61,"2015-02-09 18:42:05.720232","2015-02-09 18:42:05.720232"
1794,532,62,"2015-02-09 18:42:05.837235","2015-02-09 18:42:05.837235"
1795,536,1,"2015-02-09 18:42:06.609252","2015-02-09 18:42:06.609252"
1796,538,1,"2015-02-09 18:42:07.236266","2015-02-09 18:42:07.236266"
1797,539,1,"2015-02-09 18:42:07.687276","2015-02-09 18:42:07.687276"
1798,544,1,"2015-02-09 18:42:09.492316","2015-02-09 18:42:09.492316"
1799,545,1,"2015-02-09 18:42:09.921326","2015-02-09 18:42:09.921326"
1800,546,1,"2015-02-09 18:42:10.158331","2015-02-09 18:42:10.158331"
1801,547,1,"2015-02-09 18:42:10.592341","2015-02-09 18:42:10.592341"
1802,548,1,"2015-02-09 18:42:10.928348","2015-02-09 18:42:10.928348"
1803,549,63,"2015-02-09 18:42:11.473361","2015-02-09 18:42:11.473361"
1804,550,12,"2015-02-09 18:42:11.848369","2015-02-09 18:42:11.848369"
1805,551,1,"2015-02-09 18:42:12.195377","2015-02-09 18:42:12.195377"
1806,556,1,"2015-02-09 18:42:13.212399","2015-02-09 18:42:13.212399"
1807,557,1,"2015-02-09 18:42:13.718411","2015-02-09 18:42:13.718411"
1808,558,1,"2015-02-09 18:42:14.125420","2015-02-09 18:42:14.125420"
1809,559,1,"2015-02-09 18:42:14.609430","2015-02-09 18:42:14.609430"
1810,560,63,"2015-02-09 18:42:14.973439","2015-02-09 18:42:14.973439"
1811,561,12,"2015-02-09 18:42:15.425449","2015-02-09 18:42:15.425449"
1812,566,1,"2015-02-09 18:42:16.459472","2015-02-09 18:42:16.459472"
1813,567,1,"2015-02-09 18:42:16.800479","2015-02-09 18:42:16.800479"
1814,569,1,"2015-02-09 18:42:17.471494","2015-02-09 18:42:17.471494"
1815,570,1,"2015-02-09 18:42:17.893504","2015-02-09 18:42:17.893504"
1816,580,1,"2015-02-09 18:42:19.904549","2015-02-09 18:42:19.904549"
1817,581,40,"2015-02-09 18:42:20.226556","2015-02-09 18:42:20.226556"
1818,581,41,"2015-02-09 18:42:20.335558","2015-02-09 18:42:20.335558"
1819,581,64,"2015-02-09 18:42:20.511562","2015-02-09 18:42:20.511562"
1820,581,65,"2015-02-09 18:42:20.609564","2015-02-09 18:42:20.609564"
1821,582,17,"2015-02-09 18:42:20.982573","2015-02-09 18:42:20.982573"
1822,583,17,"2015-02-09 18:42:21.444583","2015-02-09 18:42:21.444583"
1823,586,40,"2015-02-09 18:42:22.185599","2015-02-09 18:42:22.185599"
1824,586,41,"2015-02-09 18:42:22.283602","2015-02-09 18:42:22.283602"
1825,586,64,"2015-02-09 18:42:22.481606","2015-02-09 18:42:22.481606"
1826,586,65,"2015-02-09 18:42:22.590608","2015-02-09 18:42:22.590608"
1827,591,1,"2015-02-09 18:42:24.083642","2015-02-09 18:42:24.083642"
1828,592,1,"2015-02-09 18:42:24.525652","2015-02-09 18:42:24.525652"
1829,594,66,"2015-02-09 18:42:25.265668","2015-02-09 18:42:25.265668"
1830,594,67,"2015-02-09 18:42:25.485673","2015-02-09 18:42:25.485673"
1831,594,9,"2015-02-09 18:42:25.584675","2015-02-09 18:42:25.584675"
1832,598,1,"2015-02-09 18:42:26.572697","2015-02-09 18:42:26.572697"
1833,599,1,"2015-02-09 18:42:26.936705","2015-02-09 18:42:26.936705"
1834,599,68,"2015-02-09 18:42:27.060708","2015-02-09 18:42:27.060708"
1835,601,66,"2015-02-09 18:42:27.787724","2015-02-09 18:42:27.787724"
1836,601,67,"2015-02-09 18:42:27.917727","2015-02-09 18:42:27.917727"
1837,601,40,"2015-02-09 18:42:28.038730","2015-02-09 18:42:28.038730"
1838,607,1,"2015-02-09 18:42:29.577764","2015-02-09 18:42:29.577764"
1839,608,1,"2015-02-09 18:42:30.051775","2015-02-09 18:42:30.051775"
1840,610,1,"2015-02-09 18:42:30.766791","2015-02-09 18:42:30.766791"
1841,611,1,"2015-02-09 18:42:31.110798","2015-02-09 18:42:31.110798"
1842,617,1,"2015-02-09 18:42:32.516830","2015-02-09 18:42:32.516830"
1843,618,1,"2015-02-09 18:42:32.866838","2015-02-09 18:42:32.866838"
1844,624,1,"2015-02-09 18:42:34.519874","2015-02-09 18:42:34.519874"
1845,625,1,"2015-02-09 18:42:34.844882","2015-02-09 18:42:34.844882"
1846,626,1,"2015-02-09 18:42:35.173889","2015-02-09 18:42:35.173889"
1847,627,1,"2015-02-09 18:42:35.608899","2015-02-09 18:42:35.608899"
1848,629,1,"2015-02-09 18:42:36.142911","2015-02-09 18:42:36.142911"
1849,630,1,"2015-02-09 18:42:36.576920","2015-02-09 18:42:36.576920"
1850,636,1,"2015-02-09 18:42:37.916950","2015-02-09 18:42:37.916950"
1851,637,1,"2015-02-09 18:42:38.690967","2015-02-09 18:42:38.690967"
1852,638,1,"2015-02-09 18:42:39.123977","2015-02-09 18:42:39.123977"
1853,639,1,"2015-02-09 18:42:39.757991","2015-02-09 18:42:39.757991"
1854,641,1,"2015-02-09 18:42:40.639011","2015-02-09 18:42:40.639011"
1855,647,1,"2015-02-09 18:42:41.915039","2015-02-09 18:42:41.915039"
1856,648,1,"2015-02-09 18:42:42.323048","2015-02-09 18:42:42.323048"
1857,649,1,"2015-02-09 18:42:42.818059","2015-02-09 18:42:42.818059"
1858,650,1,"2015-02-09 18:42:43.191068","2015-02-09 18:42:43.191068"
1859,652,1,"2015-02-09 18:42:43.852083","2015-02-09 18:42:43.852083"
1860,658,69,"2015-02-09 18:42:45.124111","2015-02-09 18:42:45.124111"
1861,659,1,"2015-02-09 18:42:45.569121","2015-02-09 18:42:45.569121"
1862,660,1,"2015-02-09 18:42:45.910128","2015-02-09 18:42:45.910128"
1863,661,1,"2015-02-09 18:42:46.229136","2015-02-09 18:42:46.229136"
1864,662,1,"2015-02-09 18:42:46.603144","2015-02-09 18:42:46.603144"
1865,669,1,"2015-02-09 18:42:48.311182","2015-02-09 18:42:48.311182"
1866,670,47,"2015-02-09 18:42:48.860194","2015-02-09 18:42:48.860194"
1867,670,48,"2015-02-09 18:42:49.002197","2015-02-09 18:42:49.002197"
1868,671,47,"2015-02-09 18:42:49.510209","2015-02-09 18:42:49.510209"
1869,671,48,"2015-02-09 18:42:49.629211","2015-02-09 18:42:49.629211"
1870,672,1,"2015-02-09 18:42:50.038220","2015-02-09 18:42:50.038220"
1871,673,1,"2015-02-09 18:42:50.555232","2015-02-09 18:42:50.555232"
1872,675,1,"2015-02-09 18:42:51.199246","2015-02-09 18:42:51.199246"
1873,676,1,"2015-02-09 18:42:51.685257","2015-02-09 18:42:51.685257"
1874,687,1,"2015-02-09 18:42:54.150312","2015-02-09 18:42:54.150312"
1875,688,1,"2015-02-09 18:42:54.638323","2015-02-09 18:42:54.638323"
1876,691,1,"2015-02-09 18:42:55.862350","2015-02-09 18:42:55.862350"
1877,696,1,"2015-02-09 18:42:56.862373","2015-02-09 18:42:56.862373"
1878,699,1,"2015-02-09 18:42:57.863395","2015-02-09 18:42:57.863395"
1879,702,70,"2015-02-09 18:42:58.402407","2015-02-09 18:42:58.402407"
1880,704,1,"2015-02-09 18:42:59.007421","2015-02-09 18:42:59.007421"
1881,705,1,"2015-02-09 18:42:59.481431","2015-02-09 18:42:59.481431"
1882,706,17,"2015-02-09 18:42:59.877440","2015-02-09 18:42:59.877440"
1883,707,71,"2015-02-09 18:43:00.273449","2015-02-09 18:43:00.273449"
1884,709,1,"2015-02-09 18:43:00.954464","2015-02-09 18:43:00.954464"
1885,710,17,"2015-02-09 18:43:01.404474","2015-02-09 18:43:01.404474"
1886,715,1,"2015-02-09 18:43:02.441497","2015-02-09 18:43:02.441497"
1887,716,1,"2015-02-09 18:43:02.826506","2015-02-09 18:43:02.826506"
1888,717,1,"2015-02-09 18:43:03.233515","2015-02-09 18:43:03.233515"
1889,719,1,"2015-02-09 18:43:03.992532","2015-02-09 18:43:03.992532"
1890,728,57,"2015-02-09 18:43:05.963576","2015-02-09 18:43:05.963576"
1891,728,33,"2015-02-09 18:43:06.077578","2015-02-09 18:43:06.077578"
1892,729,1,"2015-02-09 18:43:06.480587","2015-02-09 18:43:06.480587"
1893,731,57,"2015-02-09 18:43:07.460609","2015-02-09 18:43:07.460609"
1894,731,33,"2015-02-09 18:43:07.590612","2015-02-09 18:43:07.590612"
1895,732,1,"2015-02-09 18:43:07.944620","2015-02-09 18:43:07.944620"
1896,737,1,"2015-02-09 18:43:09.000643","2015-02-09 18:43:09.000643"
1897,738,1,"2015-02-09 18:43:09.485654","2015-02-09 18:43:09.485654"
1898,739,1,"2015-02-09 18:43:09.870663","2015-02-09 18:43:09.870663"
1899,740,1,"2015-02-09 18:43:10.277672","2015-02-09 18:43:10.277672"
1900,744,1,"2015-02-09 18:43:11.109690","2015-02-09 18:43:11.109690"
1901,747,1,"2015-02-09 18:43:11.993710","2015-02-09 18:43:11.993710"
1902,748,1,"2015-02-09 18:43:13.028733","2015-02-09 18:43:13.028733"
1903,762,1,"2015-02-09 18:43:16.286806","2015-02-09 18:43:16.286806"
1904,763,1,"2015-02-09 18:43:16.747816","2015-02-09 18:43:16.747816"
1905,764,12,"2015-02-09 18:43:17.123824","2015-02-09 18:43:17.123824"
1906,766,1,"2015-02-09 18:43:17.936843","2015-02-09 18:43:17.936843"
1907,769,1,"2015-02-09 18:43:18.932865","2015-02-09 18:43:18.932865"
1908,770,1,"2015-02-09 18:43:19.675881","2015-02-09 18:43:19.675881"
1909,772,1,"2015-02-09 18:43:20.854908","2015-02-09 18:43:20.854908"
1910,775,1,"2015-02-09 18:43:21.910931","2015-02-09 18:43:21.910931"
1911,776,1,"2015-02-09 18:43:22.228938","2015-02-09 18:43:22.228938"
1912,778,31,"2015-02-09 18:43:22.866953","2015-02-09 18:43:22.866953"
1913,779,1,"2015-02-09 18:43:23.194960","2015-02-09 18:43:23.194960"
1914,784,1,"2015-02-09 18:43:24.298984","2015-02-09 18:43:24.298984"
1915,785,1,"2015-02-09 18:43:24.759995","2015-02-09 18:43:24.759995"
1916,786,1,"2015-02-09 18:43:25.165004","2015-02-09 18:43:25.165004"
1917,787,1,"2015-02-09 18:43:25.663015","2015-02-09 18:43:25.663015"
1918,792,1,"2015-02-09 18:43:26.688038","2015-02-09 18:43:26.688038"
1919,793,1,"2015-02-09 18:43:27.080047","2015-02-09 18:43:27.080047"
1920,797,40,"2015-02-09 18:43:28.175071","2015-02-09 18:43:28.175071"
1921,797,20,"2015-02-09 18:43:28.285073","2015-02-09 18:43:28.285073"
1922,797,72,"2015-02-09 18:43:28.493078","2015-02-09 18:43:28.493078"
1923,797,73,"2015-02-09 18:43:28.604080","2015-02-09 18:43:28.604080"
1924,798,17,"2015-02-09 18:43:28.921088","2015-02-09 18:43:28.921088"
1925,800,1,"2015-02-09 18:43:29.614103","2015-02-09 18:43:29.614103"
1926,801,17,"2015-02-09 18:43:30.006112","2015-02-09 18:43:30.006112"
1927,804,1,"2015-02-09 18:43:30.792129","2015-02-09 18:43:30.792129"
1928,805,1,"2015-02-09 18:43:31.573147","2015-02-09 18:43:31.573147"
1929,807,1,"2015-02-09 18:43:32.130159","2015-02-09 18:43:32.130159"
1930,808,1,"2015-02-09 18:43:32.542168","2015-02-09 18:43:32.542168"
1931,813,1,"2015-02-09 18:43:33.918199","2015-02-09 18:43:33.918199"
1932,814,1,"2015-02-09 18:43:34.236206","2015-02-09 18:43:34.236206"
1933,816,1,"2015-02-09 18:43:34.841220","2015-02-09 18:43:34.841220"
1934,817,1,"2015-02-09 18:43:35.227228","2015-02-09 18:43:35.227228"
1935,822,1,"2015-02-09 18:43:36.488256","2015-02-09 18:43:36.488256"
1936,823,1,"2015-02-09 18:43:36.845264","2015-02-09 18:43:36.845264"
1937,826,1,"2015-02-09 18:43:37.472278","2015-02-09 18:43:37.472278"
1938,835,1,"2015-02-09 18:43:39.585325","2015-02-09 18:43:39.585325"
1939,836,1,"2015-02-09 18:43:39.961334","2015-02-09 18:43:39.961334"
1940,837,1,"2015-02-09 18:43:40.408344","2015-02-09 18:43:40.408344"
1941,838,1,"2015-02-09 18:43:40.851354","2015-02-09 18:43:40.851354"
1942,840,1,"2015-02-09 18:43:41.622371","2015-02-09 18:43:41.622371"
1943,841,1,"2015-02-09 18:43:42.127382","2015-02-09 18:43:42.127382"
1944,847,1,"2015-02-09 18:43:43.475412","2015-02-09 18:43:43.475412"
1945,848,1,"2015-02-09 18:43:43.813420","2015-02-09 18:43:43.813420"
1946,854,1,"2015-02-09 18:43:45.119449","2015-02-09 18:43:45.119449"
1947,855,1,"2015-02-09 18:43:45.685461","2015-02-09 18:43:45.685461"
1948,861,1,"2015-02-09 18:43:47.269497","2015-02-09 18:43:47.269497"
1949,862,71,"2015-02-09 18:43:47.732507","2015-02-09 18:43:47.732507"
1950,863,31,"2015-02-09 18:43:48.041514","2015-02-09 18:43:48.041514"
1951,866,1,"2015-02-09 18:43:48.775530","2015-02-09 18:43:48.775530"
1952,867,1,"2015-02-09 18:43:49.396544","2015-02-09 18:43:49.396544"
1953,868,1,"2015-02-09 18:43:49.832554","2015-02-09 18:43:49.832554"
1954,869,15,"2015-02-09 18:43:50.198562","2015-02-09 18:43:50.198562"
1955,869,16,"2015-02-09 18:43:50.314565","2015-02-09 18:43:50.314565"
1956,870,74,"2015-02-09 18:43:50.779575","2015-02-09 18:43:50.779575"
1957,871,71,"2015-02-09 18:43:51.188584","2015-02-09 18:43:51.188584"
1958,873,75,"2015-02-09 18:43:52.091604","2015-02-09 18:43:52.091604"
1959,874,75,"2015-02-09 18:43:52.574615","2015-02-09 18:43:52.574615"
1960,878,30,"2015-02-09 18:43:53.301631","2015-02-09 18:43:53.301631"
1961,879,1,"2015-02-09 18:43:53.730641","2015-02-09 18:43:53.730641"
1962,880,55,"2015-02-09 18:43:54.082649","2015-02-09 18:43:54.082649"
1963,881,17,"2015-02-09 18:43:54.566659","2015-02-09 18:43:54.566659"
1964,882,12,"2015-02-09 18:43:54.898667","2015-02-09 18:43:54.898667"
1965,883,55,"2015-02-09 18:43:55.206674","2015-02-09 18:43:55.206674"
1966,884,1,"2015-02-09 18:43:55.590682","2015-02-09 18:43:55.590682"
1967,885,1,"2015-02-09 18:43:55.964691","2015-02-09 18:43:55.964691"
1968,891,1,"2015-02-09 18:43:57.317721","2015-02-09 18:43:57.317721"
1969,896,1,"2015-02-09 18:43:58.432746","2015-02-09 18:43:58.432746"
1970,897,1,"2015-02-09 18:43:58.756753","2015-02-09 18:43:58.756753"
1971,900,1,"2015-02-09 18:43:59.717774","2015-02-09 18:43:59.717774"
1972,901,1,"2015-02-09 18:44:00.089783","2015-02-09 18:44:00.089783"
1973,905,1,"2015-02-09 18:44:01.015803","2015-02-09 18:44:01.015803"
1974,907,1,"2015-02-09 18:44:01.806821","2015-02-09 18:44:01.806821"
1975,912,1,"2015-02-09 18:44:02.889845","2015-02-09 18:44:02.889845"
1976,913,1,"2015-02-09 18:44:03.513859","2015-02-09 18:44:03.513859"
1977,914,1,"2015-02-09 18:44:03.898868","2015-02-09 18:44:03.898868"
1978,915,34,"2015-02-09 18:44:04.247875","2015-02-09 18:44:04.247875"
1979,915,35,"2015-02-09 18:44:04.459880","2015-02-09 18:44:04.459880"
1980,917,1,"2015-02-09 18:44:05.043893","2015-02-09 18:44:05.043893"
1981,924,36,"2015-02-09 18:44:06.804932","2015-02-09 18:44:06.804932"
1982,925,1,"2015-02-09 18:44:07.212941","2015-02-09 18:44:07.212941"
1983,926,1,"2015-02-09 18:44:07.718953","2015-02-09 18:44:07.718953"
1984,932,1,"2015-02-09 18:44:09.145985","2015-02-09 18:44:09.145985"
1985,933,1,"2015-02-09 18:44:09.544993","2015-02-09 18:44:09.544993"
1986,934,1,"2015-02-09 18:44:09.873001","2015-02-09 18:44:09.873001"
1987,935,1,"2015-02-09 18:44:10.194008","2015-02-09 18:44:10.194008"
1988,936,1,"2015-02-09 18:44:10.610017","2015-02-09 18:44:10.610017"
1989,937,1,"2015-02-09 18:44:10.938025","2015-02-09 18:44:10.938025"
1990,938,1,"2015-02-09 18:44:11.471036","2015-02-09 18:44:11.471036"
1991,943,1,"2015-02-09 18:44:12.672063","2015-02-09 18:44:12.672063"
1992,944,1,"2015-02-09 18:44:13.076072","2015-02-09 18:44:13.076072"
1993,947,1,"2015-02-09 18:44:14.011093","2015-02-09 18:44:14.011093"
1994,948,1,"2015-02-09 18:44:14.542105","2015-02-09 18:44:14.542105"
1995,949,1,"2015-02-09 18:44:14.749110","2015-02-09 18:44:14.749110"
1996,954,1,"2015-02-09 18:44:15.737132","2015-02-09 18:44:15.737132"
1997,956,1,"2015-02-09 18:44:16.410147","2015-02-09 18:44:16.410147"
1998,959,76,"2015-02-09 18:44:16.930158","2015-02-09 18:44:16.930158"
1999,965,1,"2015-02-09 18:44:18.449192","2015-02-09 18:44:18.449192"
2000,967,30,"2015-02-09 18:44:18.910202","2015-02-09 18:44:18.910202"
2001,968,1,"2015-02-09 18:44:19.230209","2015-02-09 18:44:19.230209"
2002,970,17,"2015-02-09 18:44:19.812222","2015-02-09 18:44:19.812222"
2003,971,1,"2015-02-09 18:44:20.257232","2015-02-09 18:44:20.257232"
2004,975,34,"2015-02-09 18:44:21.148252","2015-02-09 18:44:21.148252"
2005,975,77,"2015-02-09 18:44:21.252255","2015-02-09 18:44:21.252255"
2006,975,78,"2015-02-09 18:44:21.442259","2015-02-09 18:44:21.442259"
2007,976,1,"2015-02-09 18:44:21.839268","2015-02-09 18:44:21.839268"
2008,978,1,"2015-02-09 18:44:22.609285","2015-02-09 18:44:22.609285"
2009,979,1,"2015-02-09 18:44:23.016294","2015-02-09 18:44:23.016294"
2010,984,1,"2015-02-09 18:44:24.238321","2015-02-09 18:44:24.238321"
2011,985,1,"2015-02-09 18:44:24.711332","2015-02-09 18:44:24.711332"
2012,986,1,"2015-02-09 18:44:25.073340","2015-02-09 18:44:25.073340"
2013,988,1,"2015-02-09 18:44:25.767355","2015-02-09 18:44:25.767355"
2014,989,1,"2015-02-09 18:44:26.175364","2015-02-09 18:44:26.175364"
2015,994,1,"2015-02-09 18:44:27.265389","2015-02-09 18:44:27.265389"
2016,995,1,"2015-02-09 18:44:27.737399","2015-02-09 18:44:27.737399"
2017,996,1,"2015-02-09 18:44:28.211410","2015-02-09 18:44:28.211410"
2018,997,1,"2015-02-09 18:44:28.673420","2015-02-09 18:44:28.673420"
2019,999,1,"2015-02-09 18:44:29.223432","2015-02-09 18:44:29.223432"
2020,1000,1,"2015-02-09 18:44:29.628441","2015-02-09 18:44:29.628441"
2021,1006,1,"2015-02-09 18:44:30.710465","2015-02-09 18:44:30.710465"
2022,1007,30,"2015-02-09 18:44:31.050473","2015-02-09 18:44:31.050473"
2023,1010,1,"2015-02-09 18:44:32.040495","2015-02-09 18:44:32.040495"
2024,1017,1,"2015-02-09 18:44:33.657531","2015-02-09 18:44:33.657531"
2025,1018,1,"2015-02-09 18:44:33.990539","2015-02-09 18:44:33.990539"
2026,1019,1,"2015-02-09 18:44:34.543551","2015-02-09 18:44:34.543551"
2027,1020,1,"2015-02-09 18:44:34.878558","2015-02-09 18:44:34.878558"
2028,1022,1,"2015-02-09 18:44:35.706577","2015-02-09 18:44:35.706577"
2029,1023,1,"2015-02-09 18:44:36.069585","2015-02-09 18:44:36.069585"
2030,1029,1,"2015-02-09 18:44:37.258611","2015-02-09 18:44:37.258611"
2031,1030,1,"2015-02-09 18:44:37.872625","2015-02-09 18:44:37.872625"
2032,1031,1,"2015-02-09 18:44:38.230633","2015-02-09 18:44:38.230633"
2033,1032,1,"2015-02-09 18:44:38.776645","2015-02-09 18:44:38.776645"
2034,1033,1,"2015-02-09 18:44:39.189655","2015-02-09 18:44:39.189655"
2035,1034,1,"2015-02-09 18:44:39.599664","2015-02-09 18:44:39.599664"
2036,1038,1,"2015-02-09 18:44:40.459683","2015-02-09 18:44:40.459683"
2037,1039,1,"2015-02-09 18:44:40.834691","2015-02-09 18:44:40.834691"
2038,1041,1,"2015-02-09 18:44:41.513706","2015-02-09 18:44:41.513706"
2039,1044,1,"2015-02-09 18:44:42.263723","2015-02-09 18:44:42.263723"
2040,1045,1,"2015-02-09 18:44:42.683732","2015-02-09 18:44:42.683732"
2041,1046,1,"2015-02-09 18:44:43.068741","2015-02-09 18:44:43.068741"
2042,1047,1,"2015-02-09 18:44:43.571752","2015-02-09 18:44:43.571752"
2043,1051,1,"2015-02-09 18:44:44.651776","2015-02-09 18:44:44.651776"
2044,1052,1,"2015-02-09 18:44:45.036785","2015-02-09 18:44:45.036785"
2045,1054,1,"2015-02-09 18:44:45.707800","2015-02-09 18:44:45.707800"
2046,1056,1,"2015-02-09 18:44:46.313813","2015-02-09 18:44:46.313813"
2047,1063,1,"2015-02-09 18:44:48.064852","2015-02-09 18:44:48.064852"
2048,1064,1,"2015-02-09 18:44:48.580864","2015-02-09 18:44:48.580864"
2049,1065,1,"2015-02-09 18:44:48.988873","2015-02-09 18:44:48.988873"
2050,1066,1,"2015-02-09 18:44:49.505885","2015-02-09 18:44:49.505885"
2051,1067,1,"2015-02-09 18:44:49.878893","2015-02-09 18:44:49.878893"
2052,1068,17,"2015-02-09 18:44:50.231901","2015-02-09 18:44:50.231901"
2053,1069,17,"2015-02-09 18:44:50.693911","2015-02-09 18:44:50.693911"
2054,1070,12,"2015-02-09 18:44:51.057919","2015-02-09 18:44:51.057919"
2055,1077,1,"2015-02-09 18:44:53.039963","2015-02-09 18:44:53.039963"
2056,1078,1,"2015-02-09 18:44:53.477973","2015-02-09 18:44:53.477973"
2057,1079,1,"2015-02-09 18:44:53.851981","2015-02-09 18:44:53.851981"
2058,1080,1,"2015-02-09 18:44:54.314992","2015-02-09 18:44:54.314992"
2059,1081,1,"2015-02-09 18:44:54.711001","2015-02-09 18:44:54.711001"
2060,1082,79,"2015-02-09 18:44:55.050008","2015-02-09 18:44:55.050008"
2061,1087,1,"2015-02-09 18:44:56.066031","2015-02-09 18:44:56.066031"
2062,1088,1,"2015-02-09 18:44:56.461040","2015-02-09 18:44:56.461040"
2063,1089,1,"2015-02-09 18:44:56.786047","2015-02-09 18:44:56.786047"
2064,1090,1,"2015-02-09 18:44:57.131055","2015-02-09 18:44:57.131055"
2065,1091,80,"2015-02-09 18:44:57.595065","2015-02-09 18:44:57.595065"
2066,1092,81,"2015-02-09 18:44:57.972073","2015-02-09 18:44:57.972073"
2067,1092,82,"2015-02-09 18:44:58.116077","2015-02-09 18:44:58.116077"
2068,1098,1,"2015-02-09 18:44:59.653111","2015-02-09 18:44:59.653111"
2069,1099,1,"2015-02-09 18:45:00.038119","2015-02-09 18:45:00.038119"
2070,1100,1,"2015-02-09 18:45:00.500130","2015-02-09 18:45:00.500130"
2071,1101,55,"2015-02-09 18:45:00.984141","2015-02-09 18:45:00.984141"
2072,1103,1,"2015-02-09 18:45:01.711157","2015-02-09 18:45:01.711157"
2073,1107,57,"2015-02-09 18:45:02.591176","2015-02-09 18:45:02.591176"
2074,1107,33,"2015-02-09 18:45:02.700179","2015-02-09 18:45:02.700179"
2075,1108,83,"2015-02-09 18:45:03.084187","2015-02-09 18:45:03.084187"
2076,1108,84,"2015-02-09 18:45:03.322193","2015-02-09 18:45:03.322193"
2077,1108,85,"2015-02-09 18:45:03.520197","2015-02-09 18:45:03.520197"
2078,1108,86,"2015-02-09 18:45:03.649200","2015-02-09 18:45:03.649200"
2079,1110,83,"2015-02-09 18:45:04.458218","2015-02-09 18:45:04.458218"
2080,1110,84,"2015-02-09 18:45:04.563220","2015-02-09 18:45:04.563220"
2081,1110,85,"2015-02-09 18:45:04.676223","2015-02-09 18:45:04.676223"
2082,1110,86,"2015-02-09 18:45:04.788225","2015-02-09 18:45:04.788225"
2083,1115,36,"2015-02-09 18:45:05.838249","2015-02-09 18:45:05.838249"
2084,1116,1,"2015-02-09 18:45:06.165256","2015-02-09 18:45:06.165256"
2085,1121,1,"2015-02-09 18:45:07.753291","2015-02-09 18:45:07.753291"
2086,1122,1,"2015-02-09 18:45:08.121300","2015-02-09 18:45:08.121300"
2087,1124,1,"2015-02-09 18:45:08.787315","2015-02-09 18:45:08.787315"
2088,1128,1,"2015-02-09 18:45:09.895339","2015-02-09 18:45:09.895339"
2089,1130,1,"2015-02-09 18:45:10.515353","2015-02-09 18:45:10.515353"
2090,1139,1,"2015-02-09 18:45:12.821404","2015-02-09 18:45:12.821404"
2091,1140,1,"2015-02-09 18:45:13.244414","2015-02-09 18:45:13.244414"
2092,1141,1,"2015-02-09 18:45:13.718424","2015-02-09 18:45:13.718424"
2093,1142,1,"2015-02-09 18:45:14.245436","2015-02-09 18:45:14.245436"
2094,1145,1,"2015-02-09 18:45:15.187457","2015-02-09 18:45:15.187457"
2095,1146,1,"2015-02-09 18:45:15.580466","2015-02-09 18:45:15.580466"
2096,1147,1,"2015-02-09 18:45:15.963475","2015-02-09 18:45:15.963475"
2097,1154,1,"2015-02-09 18:45:17.801516","2015-02-09 18:45:17.801516"
2098,1156,1,"2015-02-09 18:45:18.527532","2015-02-09 18:45:18.527532"
2099,1157,1,"2015-02-09 18:45:19.017543","2015-02-09 18:45:19.017543"
2100,1159,1,"2015-02-09 18:45:19.843561","2015-02-09 18:45:19.843561"
2101,1161,1,"2015-02-09 18:45:20.580578","2015-02-09 18:45:20.580578"
2102,1162,1,"2015-02-09 18:45:20.978586","2015-02-09 18:45:20.978586"
2103,1165,1,"2015-02-09 18:45:21.812605","2015-02-09 18:45:21.812605"
2104,1166,1,"2015-02-09 18:45:22.192613","2015-02-09 18:45:22.192613"
2105,1167,1,"2015-02-09 18:45:22.599623","2015-02-09 18:45:22.599623"
2106,1168,1,"2015-02-09 18:45:22.973631","2015-02-09 18:45:22.973631"
2107,1169,1,"2015-02-09 18:45:23.469642","2015-02-09 18:45:23.469642"
2108,1175,17,"2015-02-09 18:45:24.823672","2015-02-09 18:45:24.823672"
2109,1176,1,"2015-02-09 18:45:25.232681","2015-02-09 18:45:25.232681"
2110,1181,1,"2015-02-09 18:45:26.311705","2015-02-09 18:45:26.311705"
2111,1183,1,"2015-02-09 18:45:27.037722","2015-02-09 18:45:27.037722"
2112,1184,1,"2015-02-09 18:45:27.499732","2015-02-09 18:45:27.499732"
2113,1188,1,"2015-02-09 18:45:28.520755","2015-02-09 18:45:28.520755"
2114,1189,30,"2015-02-09 18:45:28.861762","2015-02-09 18:45:28.861762"
2115,1195,30,"2015-02-09 18:45:30.215792","2015-02-09 18:45:30.215792"
2116,1196,30,"2015-02-09 18:45:30.590801","2015-02-09 18:45:30.590801"
2117,1197,1,"2015-02-09 18:45:30.899808","2015-02-09 18:45:30.899808"
2118,1198,30,"2015-02-09 18:45:31.228815","2015-02-09 18:45:31.228815"
2119,1199,87,"2015-02-09 18:45:31.613824","2015-02-09 18:45:31.613824"
2120,1200,87,"2015-02-09 18:45:31.965831","2015-02-09 18:45:31.965831"
2121,1204,1,"2015-02-09 18:45:32.764849","2015-02-09 18:45:32.764849"
2122,1206,1,"2015-02-09 18:45:33.435864","2015-02-09 18:45:33.435864"
2123,1207,88,"2015-02-09 18:45:33.880874","2015-02-09 18:45:33.880874"
2124,1207,89,"2015-02-09 18:45:34.011877","2015-02-09 18:45:34.011877"
2125,1208,1,"2015-02-09 18:45:34.606890","2015-02-09 18:45:34.606890"
2126,1215,1,"2015-02-09 18:45:36.797939","2015-02-09 18:45:36.797939"
2127,1216,1,"2015-02-09 18:45:37.236949","2015-02-09 18:45:37.236949"
2128,1217,1,"2015-02-09 18:45:37.710960","2015-02-09 18:45:37.710960"
2129,1218,1,"2015-02-09 18:45:38.051967","2015-02-09 18:45:38.051967"
2130,1222,1,"2015-02-09 18:45:38.910986","2015-02-09 18:45:38.910986"
2131,1223,1,"2015-02-09 18:45:39.482999","2015-02-09 18:45:39.482999"
2132,1224,90,"2015-02-09 18:45:39.836007","2015-02-09 18:45:39.836007"
2133,1225,1,"2015-02-09 18:45:40.220015","2015-02-09 18:45:40.220015"
2134,1239,1,"2015-02-09 18:45:42.642069","2015-02-09 18:45:42.642069"
2135,1240,1,"2015-02-09 18:45:42.971077","2015-02-09 18:45:42.971077"
2136,1244,1,"2015-02-09 18:45:44.127103","2015-02-09 18:45:44.127103"
2137,1245,1,"2015-02-09 18:45:44.601113","2015-02-09 18:45:44.601113"
2138,1252,1,"2015-02-09 18:45:46.285151","2015-02-09 18:45:46.285151"
2139,1253,1,"2015-02-09 18:45:46.725161","2015-02-09 18:45:46.725161"
2140,1258,1,"2015-02-09 18:45:47.837185","2015-02-09 18:45:47.837185"
2141,1259,1,"2015-02-09 18:45:48.211194","2015-02-09 18:45:48.211194"
2142,1260,1,"2015-02-09 18:45:48.617203","2015-02-09 18:45:48.617203"
2143,1261,1,"2015-02-09 18:45:48.992211","2015-02-09 18:45:48.992211"
2144,1263,1,"2015-02-09 18:45:49.729228","2015-02-09 18:45:49.729228"
2145,1264,1,"2015-02-09 18:45:50.164237","2015-02-09 18:45:50.164237"
2146,1269,1,"2015-02-09 18:45:51.325263","2015-02-09 18:45:51.325263"
2147,1270,30,"2015-02-09 18:45:51.787273","2015-02-09 18:45:51.787273"
2148,1271,1,"2015-02-09 18:45:52.124281","2015-02-09 18:45:52.124281"
2149,1272,30,"2015-02-09 18:45:52.535290","2015-02-09 18:45:52.535290"
2150,1274,30,"2015-02-09 18:45:53.085302","2015-02-09 18:45:53.085302"
2151,1275,1,"2015-02-09 18:45:53.526312","2015-02-09 18:45:53.526312"
2152,1280,1,"2015-02-09 18:45:54.594336","2015-02-09 18:45:54.594336"
2153,1281,1,"2015-02-09 18:45:55.000345","2015-02-09 18:45:55.000345"
2154,1282,1,"2015-02-09 18:45:55.440355","2015-02-09 18:45:55.440355"
2155,1283,1,"2015-02-09 18:45:55.815363","2015-02-09 18:45:55.815363"
2156,1286,1,"2015-02-09 18:45:56.848386","2015-02-09 18:45:56.848386"
2157,1287,1,"2015-02-09 18:45:57.224395","2015-02-09 18:45:57.224395"
2158,1288,1,"2015-02-09 18:45:57.664404","2015-02-09 18:45:57.664404"
2159,1295,1,"2015-02-09 18:45:59.216439","2015-02-09 18:45:59.216439"
2160,1296,1,"2015-02-09 18:45:59.722450","2015-02-09 18:45:59.722450"
2161,1297,91,"2015-02-09 18:46:00.124459","2015-02-09 18:46:00.124459"
2162,1297,92,"2015-02-09 18:46:00.238462","2015-02-09 18:46:00.238462"
2163,1297,93,"2015-02-09 18:46:00.358465","2015-02-09 18:46:00.358465"
2164,1298,91,"2015-02-09 18:46:00.823475","2015-02-09 18:46:00.823475"
2165,1298,93,"2015-02-09 18:46:00.975478","2015-02-09 18:46:00.975478"
2166,1300,1,"2015-02-09 18:46:01.615493","2015-02-09 18:46:01.615493"
2167,1301,1,"2015-02-09 18:46:01.990501","2015-02-09 18:46:01.990501"
2168,1305,1,"2015-02-09 18:46:02.880521","2015-02-09 18:46:02.880521"
2169,1306,1,"2015-02-09 18:46:03.244529","2015-02-09 18:46:03.244529"
2170,1307,1,"2015-02-09 18:46:03.573536","2015-02-09 18:46:03.573536"
2171,1308,1,"2015-02-09 18:46:03.904544","2015-02-09 18:46:03.904544"
2172,1309,1,"2015-02-09 18:46:04.267552","2015-02-09 18:46:04.267552"
2173,1310,1,"2015-02-09 18:46:04.619560","2015-02-09 18:46:04.619560"
2174,1313,1,"2015-02-09 18:46:05.557580","2015-02-09 18:46:05.557580"
2175,1314,1,"2015-02-09 18:46:05.935589","2015-02-09 18:46:05.935589"
2176,1315,1,"2015-02-09 18:46:06.282597","2015-02-09 18:46:06.282597"
2177,1320,1,"2015-02-09 18:46:07.404622","2015-02-09 18:46:07.404622"
2178,1321,1,"2015-02-09 18:46:07.712629","2015-02-09 18:46:07.712629"
2179,1326,66,"2015-02-09 18:46:08.585648","2015-02-09 18:46:08.585648"
2180,1326,67,"2015-02-09 18:46:08.704651","2015-02-09 18:46:08.704651"
2181,1326,22,"2015-02-09 18:46:08.836654","2015-02-09 18:46:08.836654"
2182,1333,1,"2015-02-09 18:46:10.276686","2015-02-09 18:46:10.276686"
2183,1334,1,"2015-02-09 18:46:10.997702","2015-02-09 18:46:10.997702"
2184,1336,1,"2015-02-09 18:46:11.752719","2015-02-09 18:46:11.752719"
2185,1337,1,"2015-02-09 18:46:12.089726","2015-02-09 18:46:12.089726"
2186,1342,1,"2015-02-09 18:46:13.270752","2015-02-09 18:46:13.270752"
2187,1343,1,"2015-02-09 18:46:13.622760","2015-02-09 18:46:13.622760"
2188,1344,1,"2015-02-09 18:46:13.986768","2015-02-09 18:46:13.986768"
2189,1345,1,"2015-02-09 18:46:14.438779","2015-02-09 18:46:14.438779"
2190,1347,1,"2015-02-09 18:46:15.129794","2015-02-09 18:46:15.129794"
2191,1348,1,"2015-02-09 18:46:15.603805","2015-02-09 18:46:15.603805"
2192,1353,1,"2015-02-09 18:46:16.637828","2015-02-09 18:46:16.637828"
2193,1354,1,"2015-02-09 18:46:16.957835","2015-02-09 18:46:16.957835"
2194,1355,1,"2015-02-09 18:46:17.287842","2015-02-09 18:46:17.287842"
2195,1357,1,"2015-02-09 18:46:17.846855","2015-02-09 18:46:17.846855"
2196,1358,1,"2015-02-09 18:46:18.162862","2015-02-09 18:46:18.162862"
2197,1367,1,"2015-02-09 18:46:19.587893","2015-02-09 18:46:19.587893"
2198,1368,1,"2015-02-09 18:46:19.961902","2015-02-09 18:46:19.961902"
2199,1370,1,"2015-02-09 18:46:20.599916","2015-02-09 18:46:20.599916"
2200,1371,1,"2015-02-09 18:46:21.124928","2015-02-09 18:46:21.124928"
2201,1375,1,"2015-02-09 18:46:21.890945","2015-02-09 18:46:21.890945"
2202,1376,94,"2015-02-09 18:46:22.251953","2015-02-09 18:46:22.251953"
2203,1377,45,"2015-02-09 18:46:22.624961","2015-02-09 18:46:22.624961"
2204,1378,1,"2015-02-09 18:46:22.966969","2015-02-09 18:46:22.966969"
2205,1382,95,"2015-02-09 18:46:23.751986","2015-02-09 18:46:23.751986"
2206,1384,1,"2015-02-09 18:46:24.319999","2015-02-09 18:46:24.319999"
2207,1389,17,"2015-02-09 18:46:25.630028","2015-02-09 18:46:25.630028"
2208,1390,17,"2015-02-09 18:46:26.044037","2015-02-09 18:46:26.044037"
2209,1391,1,"2015-02-09 18:46:26.400045","2015-02-09 18:46:26.400045"
2210,1393,17,"2015-02-09 18:46:27.165062","2015-02-09 18:46:27.165062"
2211,1399,1,"2015-02-09 18:46:28.173085","2015-02-09 18:46:28.173085"
2212,1400,1,"2015-02-09 18:46:28.513092","2015-02-09 18:46:28.513092"
2213,1401,1,"2015-02-09 18:46:28.822099","2015-02-09 18:46:28.822099"
2214,1402,1,"2015-02-09 18:46:29.146106","2015-02-09 18:46:29.146106"
2215,1403,1,"2015-02-09 18:46:29.448113","2015-02-09 18:46:29.448113"
2216,1404,1,"2015-02-09 18:46:29.757120","2015-02-09 18:46:29.757120"
2217,1409,1,"2015-02-09 18:46:31.045149","2015-02-09 18:46:31.045149"
2218,1410,1,"2015-02-09 18:46:31.451158","2015-02-09 18:46:31.451158"
2219,1411,1,"2015-02-09 18:46:31.793166","2015-02-09 18:46:31.793166"
2220,1412,1,"2015-02-09 18:46:32.172174","2015-02-09 18:46:32.172174"
2221,1413,1,"2015-02-09 18:46:32.497181","2015-02-09 18:46:32.497181"
2222,1422,1,"2015-02-09 18:46:33.961214","2015-02-09 18:46:33.961214"
2223,1423,1,"2015-02-09 18:46:34.554227","2015-02-09 18:46:34.554227"
2224,1424,1,"2015-02-09 18:46:35.002237","2015-02-09 18:46:35.002237"
2225,1428,1,"2015-02-09 18:46:36.360267","2015-02-09 18:46:36.360267"
2226,1433,96,"2015-02-09 18:46:37.408291","2015-02-09 18:46:37.408291"
2227,1434,1,"2015-02-09 18:46:37.824300","2015-02-09 18:46:37.824300"
2228,1439,1,"2015-02-09 18:46:38.692319","2015-02-09 18:46:38.692319"
2229,1440,1,"2015-02-09 18:46:39.012327","2015-02-09 18:46:39.012327"
2230,1445,1,"2015-02-09 18:46:40.048350","2015-02-09 18:46:40.048350"
2231,1450,1,"2015-02-09 18:46:41.050372","2015-02-09 18:46:41.050372"
2232,1451,1,"2015-02-09 18:46:41.456381","2015-02-09 18:46:41.456381"
2233,1452,1,"2015-02-09 18:46:41.887391","2015-02-09 18:46:41.887391"
2234,1457,1,"2015-02-09 18:46:42.854412","2015-02-09 18:46:42.854412"
2235,1458,1,"2015-02-09 18:46:43.338423","2015-02-09 18:46:43.338423"
2236,1463,1,"2015-02-09 18:46:44.253443","2015-02-09 18:46:44.253443"
2237,1464,1,"2015-02-09 18:46:44.581451","2015-02-09 18:46:44.581451"
2238,1473,1,"2015-02-09 18:46:46.805500","2015-02-09 18:46:46.805500"
2239,1474,1,"2015-02-09 18:46:47.311512","2015-02-09 18:46:47.311512"
2240,1475,1,"2015-02-09 18:46:47.673520","2015-02-09 18:46:47.673520"
2241,1482,1,"2015-02-09 18:46:49.226554","2015-02-09 18:46:49.226554"
2242,1484,1,"2015-02-09 18:46:49.809567","2015-02-09 18:46:49.809567"
2243,1492,1,"2015-02-09 18:46:51.955615","2015-02-09 18:46:51.955615"
2244,1495,30,"2015-02-09 18:46:52.659631","2015-02-09 18:46:52.659631"
2245,1496,1,"2015-02-09 18:46:53.230644","2015-02-09 18:46:53.230644"
2246,1497,5,"2015-02-09 18:46:53.870658","2015-02-09 18:46:53.870658"
2247,1498,1,"2015-02-09 18:46:54.364669","2015-02-09 18:46:54.364669"
2248,1500,1,"2015-02-09 18:46:55.117686","2015-02-09 18:46:55.117686"
2249,1503,1,"2015-02-09 18:46:55.872702","2015-02-09 18:46:55.872702"
2250,1504,17,"2015-02-09 18:46:56.214710","2015-02-09 18:46:56.214710"
2251,1510,1,"2015-02-09 18:46:57.468738","2015-02-09 18:46:57.468738"
2252,1511,1,"2015-02-09 18:46:57.809746","2015-02-09 18:46:57.809746"
2253,1513,1,"2015-02-09 18:46:58.354758","2015-02-09 18:46:58.354758"
2254,1515,1,"2015-02-09 18:46:58.877769","2015-02-09 18:46:58.877769"
2255,1516,1,"2015-02-09 18:46:59.198777","2015-02-09 18:46:59.198777"
2256,1517,1,"2015-02-09 18:46:59.505783","2015-02-09 18:46:59.505783"