1,1,1,19,,f,f,f,,"2015-01-29 02:14:40.990318","2015-01-29 02:14:40.990318",,f
2,1,2,34,,f,f,f,,"2015-01-29 02:14:41.162323","2015-01-29 02:14:41.162323",,f
3,1,3,25,,f,f,f,,"2015-01-29 02:14:41.348328","2015-01-29 02:14:41.348328",,f
4,1,4,33,,f,f,f,,"2015-01-29 02:14:41.501333","2015-01-29 02:14:41.501333",,f
5,1,5,66,,f,t,f,,"2015-01-29 02:14:41.667338","2015-01-29 02:14:41.667338",,f
6,1,6,11,186,f,f,t,1,"2015-01-29 02:14:42.017349","2015-02-20 19:20:51.317906",,f
7,1,7,40,521,f,t,t,2,"2015-01-29 02:14:42.313358","2015-02-20 19:18:32.296971",,f
8,1,8,42,299,f,f,t,3,"2015-01-29 02:14:42.600367","2015-02-20 19:18:08.488126",,f
9,2,1,9,139,f,f,f,,"2015-01-29 02:14:42.736371","2015-01-29 02:14:42.736371",,f
10,2,2,6,96,f,f,f,,"2015-01-29 02:14:42.877375","2015-01-29 02:14:42.877375",,f
11,4,1,9,140,f,f,f,,"2015-01-29 02:14:43.040380","2015-01-29 02:14:43.040380",,f
12,4,2,15,639,f,f,f,,"2015-01-29 02:14:43.219386","2015-01-29 02:14:43.219386",,f
13,5,1,2,32,f,f,f,,"2015-01-29 02:14:43.377390","2015-01-29 02:14:43.377390",,f
14,5,2,9,141,t,t,f,,"2015-01-29 02:14:43.545395","2015-01-29 02:14:43.545395",,f
15,5,3,8,129,t,f,f,,"2015-01-29 02:14:43.772402","2015-01-29 02:14:43.772402",,f
16,5,4,10,158,t,f,t,4,"2015-01-29 02:14:44.158414","2015-02-20 19:23:09.350806",,f
17,6,1,10,157,f,f,f,,"2015-01-29 02:14:44.397421","2015-01-29 02:14:44.397421",,f
18,6,2,6,99,t,t,f,,"2015-01-29 02:14:44.538426","2015-01-29 02:14:44.538426",,f
19,6,3,2,33,t,f,t,5,"2015-01-29 02:14:44.952438","2015-02-20 19:23:47.046144",,f
20,8,4,21,,f,f,f,,"2015-01-29 02:14:45.150444","2015-03-15 09:08:00.083309",,f
21,8,2,19,,f,t,f,,"2015-01-29 02:14:45.299449","2015-03-15 09:07:12.905634",,f
22,8,5,22,,f,f,f,,"2015-01-29 02:14:45.505455","2015-03-15 09:08:12.442748",,f
23,8,3,20,,f,f,f,,"2015-01-29 02:14:45.747463","2015-03-15 09:07:42.674691",,f
24,8,1,12,557,f,f,f,,"2015-01-29 02:14:46.012471","2015-03-15 09:06:45.076646",,f
25,8,7,70,,f,f,f,,"2015-01-29 02:14:46.261478","2015-03-15 09:09:12.200869",,f
26,8,6,26,,f,f,f,,"2015-01-29 02:14:46.407483","2015-02-20 10:41:57.048750","2015-03-14 03:00:00.000000",f
27,9,1,4,56,f,f,f,,"2015-01-29 02:14:46.566488","2015-01-29 02:14:46.566488",,f
28,9,2,2,35,f,f,f,,"2015-01-29 02:14:46.727493","2015-01-29 02:14:46.727493",,f
29,11,1,5,79,f,f,f,,"2015-01-29 02:14:46.900498","2015-01-29 02:14:46.900498",,f
30,11,2,12,560,f,f,f,,"2015-01-29 02:14:47.050502","2015-01-29 02:14:47.050502",,f
31,12,1,32,691,t,f,f,,"2015-01-29 02:14:47.211507","2015-01-29 02:14:47.211507",,f
32,12,2,9,146,f,f,f,,"2015-01-29 02:14:47.364512","2015-01-29 02:14:47.364512",,f
33,13,1,19,,f,f,f,,"2015-01-29 02:14:47.522517","2015-01-29 02:14:47.522517",,f
34,13,2,28,,f,f,f,,"2015-01-29 02:14:47.673521","2015-01-29 02:14:47.673521",,f
35,13,3,20,,f,f,f,,"2015-01-29 02:14:47.834526","2015-01-29 02:14:47.834526",,f
36,15,1,15,624,t,f,f,,"2015-01-29 02:14:48.100534","2015-01-29 02:14:48.100534",,f
37,15,2,19,686,t,t,f,,"2015-01-29 02:14:48.275540","2015-01-29 02:14:48.275540",,f
38,15,3,20,688,t,f,f,,"2015-01-29 02:14:48.456545","2015-01-29 02:14:48.456545",,f
39,15,4,4,64,t,t,t,6,"2015-01-29 02:14:48.802556","2015-02-20 19:26:13.202332",,f
40,16,1,4,65,f,f,f,,"2015-01-29 02:14:49.013562","2015-01-29 02:14:49.013562",,f
41,16,2,19,,f,f,f,,"2015-01-29 02:14:49.173567","2015-03-15 09:00:55.548238",,f
42,16,3,20,,f,t,f,,"2015-01-29 02:14:49.327572","2015-03-15 09:00:39.852681",,f
43,16,4,26,,f,f,f,,"2015-01-29 02:14:49.478576","2015-02-20 10:41:56.779740","2015-03-14 03:00:00.000000",f
44,16,5,23,,f,f,f,,"2015-01-29 02:14:49.676582","2015-01-29 02:14:49.676582",,f
45,16,6,24,,f,f,f,,"2015-01-29 02:14:49.824587","2015-01-29 02:14:49.824587",,f
46,16,7,35,,f,f,f,,"2015-01-29 02:14:50.063594","2015-01-29 02:14:50.063594",,f
47,16,8,38,,f,f,f,,"2015-01-29 02:14:50.239600","2015-01-29 02:14:50.239600",,f
48,16,9,67,,f,t,f,,"2015-01-29 02:14:50.417605","2015-01-29 02:14:50.417605",,f
49,19,1,55,,f,f,f,,"2015-01-29 02:14:50.567610","2015-01-29 02:14:50.567610",,f
50,19,2,12,565,f,f,f,,"2015-01-29 02:14:50.720614","2015-01-29 02:14:50.720614",,f
51,20,1,28,,f,f,f,,"2015-01-29 02:14:50.880619","2015-01-29 02:14:50.880619",,f
52,20,2,29,,f,f,f,,"2015-01-29 02:14:51.022624","2015-01-29 02:14:51.022624",,f
53,25,1,15,645,f,f,f,,"2015-01-29 02:14:51.191629","2015-01-29 02:14:51.191629",,f
54,27,1,19,,f,f,f,,"2015-01-29 02:14:51.357634","2015-01-29 02:14:51.357634",,f
55,27,2,34,,f,f,f,,"2015-01-29 02:14:51.511638","2015-01-29 02:14:51.511638",,f
56,27,3,25,,f,f,f,,"2015-01-29 02:14:51.660643","2015-01-29 02:14:51.660643",,f
57,27,4,33,,f,f,f,,"2015-01-29 02:14:51.838648","2015-01-29 02:14:51.838648",,f
58,27,5,27,,f,f,f,,"2015-01-29 02:14:52.056655","2015-01-29 02:14:52.056655",,f
59,27,6,28,,f,f,f,,"2015-01-29 02:14:52.233660","2015-01-29 02:14:52.233660",,f
60,27,7,29,,f,f,f,,"2015-01-29 02:14:52.376665","2015-01-29 02:14:52.376665",,f
61,27,8,44,222,f,f,f,,"2015-01-29 02:14:52.537670","2015-01-29 02:14:52.537670",,f
62,27,9,64,,f,t,f,,"2015-01-29 02:14:52.702675","2015-01-29 02:14:52.702675",,f
63,27,10,65,,f,f,f,,"2015-01-29 02:14:52.899681","2015-01-29 02:14:52.899681",,f
64,27,11,15,616,t,t,f,,"2015-01-29 02:14:53.196690","2015-01-29 02:14:53.196690",,f
65,27,12,14,595,f,f,t,7,"2015-01-29 02:14:53.667704","2015-02-20 19:27:34.577221",,f
66,28,1,11,183,f,f,f,8,"2015-01-29 02:14:54.308724","2015-01-29 02:14:54.308724",,f
67,28,2,14,596,f,f,f,,"2015-01-29 02:14:54.564732","2015-01-29 02:14:54.564732",,f
68,31,1,28,,f,f,f,,"2015-01-29 02:14:54.847740","2015-01-29 02:14:54.847740",,f
69,31,2,29,,f,f,f,,"2015-01-29 02:14:55.134749","2015-01-29 02:14:55.134749",,f
70,31,3,10,159,f,f,f,,"2015-01-29 02:14:55.396757","2015-01-29 02:14:55.396757",,f
71,32,1,1,5,f,f,f,,"2015-01-29 02:14:55.708766","2015-01-29 02:14:55.708766",,f
72,32,2,9,141,t,t,f,,"2015-01-29 02:14:56.103779","2015-01-29 02:14:56.103779",,f
73,32,3,8,129,t,f,f,,"2015-01-29 02:14:56.330785","2015-01-29 02:14:56.330785",,f
74,32,4,10,158,t,f,t,13,"2015-01-29 02:14:56.554792","2015-02-20 19:36:19.550857",,f
75,33,1,6,99,f,f,f,,"2015-01-29 02:14:56.777799","2015-01-29 02:14:56.777799",,f
76,33,2,10,157,t,t,f,13,"2015-01-29 02:14:57.025807","2015-02-20 19:53:25.829288",,f
77,33,3,1,6,t,f,t,9,"2015-01-29 02:14:57.433819","2015-02-20 19:25:26.765684",,f
78,34,1,4,54,f,f,f,,"2015-01-29 02:14:57.635825","2015-01-29 02:14:57.635825",,f
79,34,2,6,100,f,f,f,,"2015-01-29 02:14:57.841832","2015-01-29 02:14:57.841832",,f
80,35,1,4,56,f,f,f,,"2015-01-29 02:14:58.163841","2015-01-29 02:14:58.163841",,f
81,35,2,1,9,f,f,f,,"2015-01-29 02:14:58.337847","2015-01-29 02:14:58.337847",,f
82,36,1,19,,f,f,f,,"2015-01-29 02:14:58.550853","2015-01-29 02:14:58.550853",,f
83,36,2,20,,f,f,f,,"2015-01-29 02:14:58.732859","2015-01-29 02:14:58.732859",,f
84,36,3,21,,f,t,f,,"2015-01-29 02:14:58.954865","2015-01-29 02:14:58.954865",,f
85,36,4,26,,f,f,f,,"2015-01-29 02:14:59.151871","2015-02-20 10:41:56.878744","2015-03-14 03:00:00.000000",f
86,36,5,22,,f,f,f,,"2015-01-29 02:14:59.371878","2015-01-29 02:14:59.371878",,f
87,36,6,32,,f,f,f,,"2015-01-29 02:14:59.580885","2015-01-29 02:14:59.580885",,f
88,36,7,33,,f,t,f,,"2015-01-29 02:14:59.919895","2015-01-29 02:14:59.919895",,f
89,36,8,27,,f,f,f,,"2015-01-29 02:15:00.273906","2015-01-29 02:15:00.273906",,f
90,36,9,28,,f,f,f,,"2015-01-29 02:15:00.517913","2015-01-29 02:15:00.517913",,f
91,36,10,36,,f,t,f,,"2015-01-29 02:15:00.714919","2015-01-29 02:15:00.714919",,f
92,36,11,37,,f,f,f,,"2015-01-29 02:15:00.945926","2015-01-29 02:15:00.945926",,f
93,36,12,38,,f,t,f,,"2015-01-29 02:15:01.230935","2015-01-29 02:15:01.230935",,f
94,36,13,39,,f,f,f,,"2015-01-29 02:15:01.444941","2015-01-29 02:15:01.444941",,f
95,37,1,5,78,f,f,f,,"2015-01-29 02:15:01.690949","2015-01-29 02:15:01.690949",,f
96,37,2,6,103,f,f,f,,"2015-01-29 02:15:01.956957","2015-01-29 02:15:01.956957",,f
97,37,3,9,145,f,f,f,,"2015-01-29 02:15:02.231965","2015-01-29 02:15:02.231965",,f
98,37,4,13,576,f,f,f,,"2015-01-29 02:15:02.444972","2015-01-29 02:15:02.444972",,f
99,38,1,14,601,t,f,f,,"2015-01-29 02:15:02.597977","2015-01-29 02:15:02.597977",,f
100,38,2,6,104,t,f,f,,"2015-01-29 02:15:02.821983","2015-01-29 02:15:02.821983",,f
101,39,1,28,689,f,f,f,,"2015-01-29 02:15:03.039990","2015-01-29 02:15:03.039990",,f
102,39,2,29,690,f,f,f,,"2015-01-29 02:15:03.268997","2015-01-29 02:15:03.268997",,f
103,40,1,15,623,f,f,f,,"2015-01-29 02:15:03.471003","2015-01-29 02:15:03.471003",,f
104,41,1,10,162,f,f,f,,"2015-01-29 02:15:03.754012","2015-01-29 02:15:03.754012",,f
105,41,2,15,622,t,t,f,,"2015-01-29 02:15:04.067021","2015-01-29 02:15:04.067021",,f
106,41,3,13,579,t,f,f,,"2015-01-29 02:15:04.278028","2015-01-29 02:15:04.278028",,f
107,44,1,8,122,f,f,f,,"2015-01-29 02:15:04.565037","2015-01-29 02:15:04.565037",,f
108,44,2,11,179,f,f,f,,"2015-01-29 02:15:04.806044","2015-01-29 02:15:04.806044",,f
109,44,3,19,,f,t,f,,"2015-01-29 02:15:05.042051","2015-01-29 02:15:05.042051",,f
110,44,4,34,,f,f,f,,"2015-01-29 02:15:05.286059","2015-01-29 02:15:05.286059",,f
111,44,5,25,,f,f,f,,"2015-01-29 02:15:05.523066","2015-01-29 02:15:05.523066",,f
112,44,6,33,,f,f,f,,"2015-01-29 02:15:05.777074","2015-01-29 02:15:05.777074",,f
113,44,7,49,441,f,t,f,,"2015-01-29 02:15:06.160085","2015-01-29 02:15:06.160085",,f
114,44,8,61,483,f,f,f,,"2015-01-29 02:15:06.392092","2015-01-29 02:15:06.392092",,f
115,48,1,15,645,f,f,f,,"2015-01-29 02:15:06.651100","2015-01-29 02:15:06.651100",,f
116,49,1,40,523,f,f,f,,"2015-01-29 02:15:06.876107","2015-01-29 02:15:06.876107",,f
117,50,1,19,,f,f,f,,"2015-01-29 02:15:07.148115","2015-01-29 02:15:07.148115",,f
118,50,2,34,,f,f,f,,"2015-01-29 02:15:07.415123","2015-01-29 02:15:07.415123",,f
119,50,3,25,,f,f,f,,"2015-01-29 02:15:07.671131","2015-01-29 02:15:07.671131",,f
120,52,1,15,638,f,f,f,,"2015-01-29 02:15:07.963140","2015-01-29 02:15:07.963140",,f
121,54,1,2,34,f,f,f,,"2015-01-29 02:15:08.227148","2015-01-29 02:15:08.227148",,f
122,54,2,6,100,f,f,f,,"2015-01-29 02:15:08.516157","2015-01-29 02:15:08.516157",,f
123,55,1,6,101,f,f,f,,"2015-01-29 02:15:08.763165","2015-01-29 02:15:08.763165",,f
124,55,2,13,575,f,f,f,,"2015-01-29 02:15:09.000172","2015-01-29 02:15:09.000172",,f
125,55,3,8,131,t,t,f,,"2015-01-29 02:15:09.241179","2015-01-29 02:15:09.241179",,f
126,56,1,1,9,f,f,f,,"2015-01-29 02:15:09.444185","2015-01-29 02:15:09.444185",,f
127,56,2,2,35,f,f,f,,"2015-01-29 02:15:09.673192","2015-01-29 02:15:09.673192",,f
128,57,1,12,558,f,f,f,,"2015-01-29 02:15:09.915200","2015-01-29 02:15:09.915200",,f
129,59,1,36,,f,f,f,,"2015-01-29 02:15:10.219209","2015-01-29 02:15:10.219209",,f
130,60,1,5,80,f,f,f,,"2015-01-29 02:15:10.491217","2015-01-29 02:15:10.491217",,f
131,61,1,12,561,f,f,f,,"2015-01-29 02:15:10.691223","2015-01-29 02:15:10.691223",,f
132,63,1,19,,f,f,f,,"2015-01-29 02:15:10.948231","2015-01-29 02:15:10.948231",,f
133,63,2,20,,f,f,f,,"2015-01-29 02:15:11.213239","2015-01-29 02:15:11.213239",,f
134,63,3,29,,f,f,f,,"2015-01-29 02:15:11.477247","2015-01-29 02:15:11.477247",,f
135,63,4,69,,f,f,f,,"2015-01-29 02:15:11.729255","2015-01-29 02:15:11.729255",,f
136,63,5,14,602,t,f,f,,"2015-01-29 02:15:11.993263","2015-01-29 02:15:11.993263",,f
137,64,1,15,624,t,f,f,,"2015-01-29 02:15:12.460277","2015-01-29 02:15:12.460277",,f
138,64,2,19,686,t,t,f,,"2015-01-29 02:15:12.806288","2015-01-29 02:15:12.806288",,f
139,64,3,20,688,t,f,f,,"2015-01-29 02:15:13.042295","2015-01-29 02:15:13.042295",,f
140,64,4,1,15,t,t,t,10,"2015-01-29 02:15:13.477308","2015-02-20 19:26:39.956282",,f
141,65,2,19,,f,f,f,,"2015-01-29 02:15:13.707315","2015-03-15 08:48:36.575006",,f
142,65,6,24,,f,f,f,,"2015-01-29 02:15:14.042326","2015-03-15 08:49:50.913645",,f
143,65,7,35,,f,f,f,,"2015-01-29 02:15:14.228331","2015-03-15 08:50:02.748065",,f
144,65,5,23,,f,f,f,,"2015-01-29 02:15:14.493339","2015-03-15 08:49:35.054082",,f
145,65,3,20,,f,t,f,,"2015-01-29 02:15:14.780348","2015-03-15 08:56:36.094028",,f
146,65,1,1,16,f,f,f,,"2015-01-29 02:15:15.046356","2015-03-15 08:56:02.129822",,f
147,65,9,67,,f,f,f,,"2015-01-29 02:15:15.340365","2015-03-15 08:50:42.313469",,f
148,65,8,38,,f,t,f,,"2015-01-29 02:15:15.605373","2015-03-15 08:50:19.843672",,f
149,65,4,26,,f,f,f,,"2015-01-29 02:15:15.913383","2015-02-20 10:41:56.602734","2015-03-14 03:00:00.000000",f
150,68,1,35,,f,f,f,,"2015-01-29 02:15:16.200391","2015-01-29 02:15:16.200391",,f
151,68,2,69,,f,f,f,,"2015-01-29 02:15:16.462399","2015-01-29 02:15:16.462399",,f
152,69,1,55,,f,f,f,,"2015-01-29 02:15:16.722407","2015-01-29 02:15:16.722407",,f
153,69,2,6,110,f,t,f,,"2015-01-29 02:15:16.990416","2015-01-29 02:15:16.990416",,f
154,69,3,35,207,f,f,f,,"2015-01-29 02:15:17.191422","2015-01-29 02:15:17.191422",,f
155,69,4,69,,f,t,f,,"2015-01-29 02:15:17.455430","2015-01-29 02:15:17.455430",,f
156,70,1,28,,f,f,f,,"2015-01-29 02:15:17.689437","2015-01-29 02:15:17.689437",,f
157,70,2,29,,f,f,f,,"2015-01-29 02:15:18.003446","2015-01-29 02:15:18.003446",,f
158,72,1,19,,f,f,f,,"2015-01-29 02:15:18.311456","2015-01-29 02:15:18.311456",,f
159,72,2,54,,f,f,f,,"2015-01-29 02:15:18.655466","2015-01-29 02:15:18.655466",,f
160,75,1,29,,f,f,f,,"2015-01-29 02:15:18.975476","2015-01-29 02:15:18.975476",,f
161,75,2,8,126,f,f,f,,"2015-01-29 02:15:19.224484","2015-01-29 02:15:19.224484",,f
162,75,3,10,161,f,f,f,,"2015-01-29 02:15:19.435490","2015-01-29 02:15:19.435490",,f
163,75,4,15,621,f,f,f,,"2015-01-29 02:15:19.698498","2015-01-29 02:15:19.698498",,f
164,76,1,9,143,f,f,f,,"2015-01-29 02:15:20.087510","2015-01-29 02:15:20.087510",,f
165,76,2,14,599,f,f,f,,"2015-01-29 02:15:20.348518","2015-01-29 02:15:20.348518",,f
166,78,1,2,37,f,f,f,,"2015-01-29 02:15:20.576525","2015-01-29 02:15:20.576525",,f
167,78,2,6,103,f,f,f,,"2015-01-29 02:15:20.809532","2015-01-29 02:15:20.809532",,f
168,78,3,9,145,f,f,f,,"2015-01-29 02:15:21.063540","2015-01-29 02:15:21.063540",,f
169,78,4,13,576,f,f,f,,"2015-01-29 02:15:21.384550","2015-01-29 02:15:21.384550",,f
170,79,1,1,11,f,f,f,,"2015-01-29 02:15:21.654558","2015-01-29 02:15:21.654558",,f
171,79,2,12,560,f,f,f,,"2015-01-29 02:15:21.943567","2015-01-29 02:15:21.943567",,f
172,80,1,4,60,f,f,f,,"2015-01-29 02:15:22.183574","2015-01-29 02:15:22.183574",,f
173,81,1,15,630,f,f,f,,"2015-01-29 02:15:22.420581","2015-01-29 02:15:22.420581",,f
174,92,1,37,,f,f,f,,"2015-01-29 02:15:22.682589","2015-01-29 02:15:22.682589",,f
175,92,2,29,,f,f,f,,"2015-01-29 02:15:22.966598","2015-01-29 02:15:22.966598",,f
176,92,3,36,,f,f,f,,"2015-01-29 02:15:23.230606","2015-01-29 02:15:23.230606",,f
177,92,4,63,198,f,f,f,,"2015-01-29 02:15:23.473613","2015-04-13 19:47:05.470878",,t
178,93,1,44,226,f,f,f,,"2015-01-29 02:15:23.660619","2015-01-29 02:15:23.660619",,f
179,95,2,19,685,t,f,f,,"2015-01-29 02:15:23.891626","2015-02-19 07:49:21.103966",,f
180,95,1,11,185,f,f,f,,"2015-01-29 02:15:24.111633","2015-02-19 07:49:27.661198",,f
181,96,1,1,2,f,f,f,,"2015-01-29 02:15:24.324639","2015-01-29 02:15:24.324639",,f
182,96,2,9,139,f,f,f,,"2015-01-29 02:15:24.552646","2015-01-29 02:15:24.552646",,f
183,99,1,2,33,f,f,f,,"2015-01-29 02:15:24.759652","2015-01-29 02:15:24.759652",,f
184,99,2,10,157,t,f,f,,"2015-01-29 02:15:24.966659","2015-01-29 02:15:24.966659",,f
185,99,3,1,6,t,f,t,9,"2015-01-29 02:15:25.151664","2015-02-20 19:25:34.627963",,f
186,100,1,4,54,f,f,f,,"2015-01-29 02:15:25.384672","2015-01-29 02:15:25.384672",,f
187,100,2,2,34,f,f,f,,"2015-01-29 02:15:25.567677","2015-01-29 02:15:25.567677",,f
188,101,1,4,55,f,f,f,,"2015-01-29 02:15:25.792684","2015-01-29 02:15:25.792684",,f
189,101,2,13,575,f,f,f,,"2015-01-29 02:15:26.129694","2015-01-29 02:15:26.129694",,f
190,101,3,8,131,t,f,f,,"2015-01-29 02:15:26.379702","2015-01-29 02:15:26.379702",,f
191,103,1,2,37,f,f,f,,"2015-01-29 02:15:26.589708","2015-01-29 02:15:26.589708",,f
192,103,2,5,78,f,f,f,,"2015-01-29 02:15:26.781714","2015-01-29 02:15:26.781714",,f
193,103,3,9,145,f,f,f,,"2015-01-29 02:15:27.000721","2015-01-29 02:15:27.000721",,f
194,103,4,13,576,f,f,f,,"2015-01-29 02:15:27.232728","2015-01-29 02:15:27.232728",,f
195,104,1,28,689,t,f,f,,"2015-01-29 02:15:27.443734","2015-01-29 02:15:27.443734",,f
196,104,2,29,690,t,f,f,,"2015-01-29 02:15:27.671741","2015-01-29 02:15:27.671741",,f
197,104,3,14,601,t,f,f,,"2015-01-29 02:15:27.950750","2015-01-29 02:15:27.950750",,f
198,104,4,2,38,t,f,f,,"2015-01-29 02:15:28.193757","2015-01-29 02:15:28.193757",,f
199,108,1,19,,f,f,f,,"2015-01-29 02:15:28.464765","2015-01-29 02:15:28.464765",,f
200,108,2,20,,f,f,f,,"2015-01-29 02:15:28.647771","2015-01-29 02:15:28.647771",,f
201,108,3,16,,f,f,f,,"2015-01-29 02:15:28.889778","2015-01-29 02:15:28.889778",,f
202,109,1,67,,f,f,f,,"2015-01-29 02:15:29.107785","2015-01-29 02:15:29.107785",,f
203,109,2,17,678,t,f,f,,"2015-01-29 02:15:29.305791","2015-01-29 02:15:29.305791",,f
204,110,1,35,207,f,f,f,,"2015-01-29 02:15:29.565799","2015-01-29 02:15:29.565799",,f
205,110,2,4,69,f,t,f,,"2015-01-29 02:15:29.856808","2015-01-29 02:15:29.856808",,f
206,110,3,55,,f,f,f,,"2015-01-29 02:15:30.145817","2015-01-29 02:15:30.145817",,f
207,110,4,69,,f,t,f,,"2015-01-29 02:15:30.386824","2015-01-29 02:15:30.386824",,f
208,111,1,35,208,f,f,f,,"2015-01-29 02:15:30.612831","2015-04-13 19:47:06.273898",,t
209,111,2,7,112,f,f,f,,"2015-01-29 02:15:30.857838","2015-04-13 19:47:07.249922",,t
210,112,1,35,208,f,f,f,,"2015-01-29 02:15:31.127847","2015-01-29 02:15:31.127847",,f
211,112,2,6,111,f,f,f,,"2015-01-29 02:15:31.355854","2015-01-29 02:15:31.355854",,f
212,114,1,61,493,f,f,f,,"2015-01-29 02:15:31.625862","2015-01-29 02:15:31.625862",,f
213,119,1,53,,f,f,f,,"2015-01-29 02:15:32.053875","2015-01-29 02:15:32.053875",,f
214,119,2,11,176,f,f,f,,"2015-01-29 02:15:32.399885","2015-01-29 02:15:32.399885",,f
215,122,1,2,44,f,f,f,,"2015-01-29 02:15:32.654893","2015-01-29 02:15:32.654893",,f
216,122,2,11,179,f,f,f,,"2015-01-29 02:15:32.927902","2015-01-29 02:15:32.927902",,f
217,122,3,19,,f,t,f,,"2015-01-29 02:15:33.180909","2015-01-29 02:15:33.180909",,f
218,122,4,34,,f,f,f,,"2015-01-29 02:15:33.421917","2015-01-29 02:15:33.421917",,f
219,122,5,25,,f,f,f,,"2015-01-29 02:15:33.675924","2015-01-29 02:15:33.675924",,f
220,122,6,33,,f,f,f,,"2015-01-29 02:15:33.952933","2015-01-29 02:15:33.952933",,f
221,122,7,49,441,f,t,f,,"2015-01-29 02:15:34.227941","2015-01-29 02:15:34.227941",,f
222,122,8,61,483,f,f,f,,"2015-01-29 02:15:34.452948","2015-01-29 02:15:34.452948",,f
223,123,1,17,659,t,f,f,,"2015-01-29 02:15:34.713956","2015-01-29 02:15:34.713956",,f
224,126,1,29,,f,f,f,,"2015-01-29 02:15:34.954963","2015-01-29 02:15:34.954963",,f
225,126,2,5,75,f,f,f,,"2015-01-29 02:15:35.209971","2015-01-29 02:15:35.209971",,f
226,126,3,10,161,f,f,f,,"2015-01-29 02:15:35.402977","2015-01-29 02:15:35.402977",,f
227,126,4,15,621,f,f,f,,"2015-01-29 02:15:35.634984","2015-01-29 02:15:35.634984",,f
228,127,1,29,,f,f,f,,"2015-01-29 02:15:35.939993","2015-01-29 02:15:35.939993",,f
229,127,2,10,160,f,f,f,,"2015-01-29 02:15:36.174001","2015-01-29 02:15:36.174001",,f
230,127,3,14,598,f,f,f,,"2015-01-29 02:15:36.416008","2015-01-29 02:15:36.416008",,f
231,129,1,9,141,f,f,f,,"2015-01-29 02:15:36.667016","2015-01-29 02:15:36.667016",,f
232,129,2,10,158,f,f,f,,"2015-01-29 02:15:36.911023","2015-01-29 02:15:36.911023",,f
233,129,3,1,5,t,t,f,,"2015-01-29 02:15:37.150030","2015-01-29 02:15:37.150030",,f
234,129,4,2,32,t,f,f,,"2015-01-29 02:15:37.404038","2015-01-29 02:15:37.404038",,f
235,131,1,19,684,f,f,f,,"2015-01-29 02:15:37.675046","2015-01-29 02:15:37.675046",,f
236,131,2,20,687,f,f,f,,"2015-01-29 02:15:37.992056","2015-01-29 02:15:37.992056",,f
237,131,3,13,575,t,t,f,,"2015-01-29 02:15:38.197062","2015-01-29 02:15:38.197062",,f
238,131,4,4,55,t,t,f,,"2015-01-29 02:15:38.427069","2015-01-29 02:15:38.427069",,f
239,131,5,6,101,t,f,f,,"2015-01-29 02:15:38.670077","2015-01-29 02:15:38.670077",,f
240,134,1,15,631,f,f,f,,"2015-01-29 02:15:38.917084","2015-01-29 02:15:38.917084",,f
241,135,1,70,,f,f,f,,"2015-01-29 02:15:39.162092","2015-01-29 02:15:39.162092",,f
242,137,1,36,,f,f,f,,"2015-01-29 02:15:39.402099","2015-01-29 02:15:39.402099",,f
243,137,2,71,,f,f,f,,"2015-01-29 02:15:39.742109","2015-01-29 02:15:39.742109",,f
244,138,1,11,186,f,f,f,,"2015-01-29 02:15:40.054119","2015-01-29 02:15:40.054119",,f
245,138,2,19,,f,t,f,,"2015-01-29 02:15:40.263125","2015-01-29 02:15:40.263125",,f
246,138,3,34,,f,f,f,,"2015-01-29 02:15:40.512133","2015-01-29 02:15:40.512133",,f
247,138,4,25,,f,f,f,,"2015-01-29 02:15:40.721139","2015-01-29 02:15:40.721139",,f
248,138,5,33,,f,f,f,,"2015-01-29 02:15:40.959147","2015-01-29 02:15:40.959147",,f
249,138,6,40,521,f,t,f,,"2015-01-29 02:15:41.222155","2015-01-29 02:15:41.222155",,f
250,138,7,66,,f,f,f,,"2015-01-29 02:15:41.446161","2015-01-29 02:15:41.446161",,f
251,139,1,1,2,f,f,f,,"2015-01-29 02:15:41.703169","2015-01-29 02:15:41.703169",,f
252,139,2,6,96,f,f,f,,"2015-01-29 02:15:42.039179","2015-01-29 02:15:42.039179",,f
253,140,1,1,4,f,f,f,,"2015-01-29 02:15:42.259186","2015-01-29 02:15:42.259186",,f
254,140,2,15,639,f,f,f,,"2015-01-29 02:15:42.514194","2015-01-29 02:15:42.514194",,f
255,141,1,8,129,f,f,f,,"2015-01-29 02:15:42.793202","2015-01-29 02:15:42.793202",,f
256,141,2,10,158,f,f,f,,"2015-01-29 02:15:43.008209","2015-01-29 02:15:43.008209",,f
257,141,3,1,5,t,t,f,14,"2015-01-29 02:15:43.262217","2015-02-20 19:40:15.478232",,f
258,141,4,2,32,t,f,f,,"2015-01-29 02:15:43.490224","2015-01-29 02:15:43.490224",,f
259,143,1,5,76,f,f,f,,"2015-01-29 02:15:43.710230","2015-01-29 02:15:43.710230",,f
260,143,2,14,599,f,f,f,,"2015-01-29 02:15:43.978239","2015-01-29 02:15:43.978239",,f
261,144,1,13,577,f,f,f,,"2015-01-29 02:15:44.234246","2015-01-29 02:15:44.234246",,f
262,144,2,14,600,f,f,t,11,"2015-01-29 02:15:44.657259","2015-02-20 19:28:18.042764",,f
263,145,1,2,37,f,f,f,,"2015-01-29 02:15:44.916267","2015-01-29 02:15:44.916267",,f
264,145,2,5,78,f,f,f,,"2015-01-29 02:15:45.154274","2015-01-29 02:15:45.154274",,f
265,145,3,6,103,f,f,f,,"2015-01-29 02:15:45.418283","2015-01-29 02:15:45.418283",,f
266,145,4,13,576,f,f,f,,"2015-01-29 02:15:45.672290","2015-01-29 02:15:45.672290",,f
267,146,2,32,691,t,f,f,,"2015-01-29 02:15:45.941298","2015-04-13 20:21:25.898564",,f
268,146,1,1,12,f,f,f,,"2015-01-29 02:15:46.213307","2015-04-13 20:21:11.551211",,f
269,148,1,15,629,f,f,f,,"2015-01-29 02:15:46.452314","2015-01-29 02:15:46.452314",,f
270,149,1,14,607,f,f,f,,"2015-01-29 02:15:46.690321","2015-01-29 02:15:46.690321",,f
271,150,1,29,,f,f,f,,"2015-01-29 02:15:46.931329","2015-01-29 02:15:46.931329",,f
272,150,2,32,,f,f,f,,"2015-01-29 02:15:47.169336","2015-01-29 02:15:47.169336",,f
273,151,1,55,,f,f,f,,"2015-01-29 02:15:47.374342","2015-04-13 20:13:04.325225",,t
274,151,2,12,567,f,t,f,,"2015-01-29 02:15:47.708352","2015-01-29 02:15:47.708352",,f
275,151,3,68,,f,f,f,,"2015-01-29 02:15:48.039362","2015-01-29 02:15:48.039362",,f
276,152,1,19,,f,f,f,,"2015-01-29 02:15:48.243369","2015-01-29 02:15:48.243369",,f
277,152,2,41,417,f,f,t,,"2015-01-29 02:15:48.523377","2015-04-13 19:59:13.372784",,t
278,154,1,13,570,f,f,f,,"2015-01-29 02:15:48.796386","2015-01-29 02:15:48.796386",,f
279,155,1,15,637,f,f,f,,"2015-01-29 02:15:49.055393","2015-01-29 02:15:49.055393",,f
280,157,1,1,6,f,f,f,,"2015-01-29 02:15:49.325402","2015-01-29 02:15:49.325402",,f
281,157,2,6,99,t,t,f,,"2015-01-29 02:15:49.534408","2015-01-29 02:15:49.534408",,f
282,157,3,2,33,t,f,t,16,"2015-01-29 02:15:49.801416","2015-02-20 19:46:14.593980",,f
283,158,1,8,129,f,f,f,,"2015-01-29 02:15:50.233429","2015-01-29 02:15:50.233429",,f
284,158,2,9,141,f,f,f,,"2015-01-29 02:15:50.549439","2015-01-29 02:15:50.549439",,f
285,158,3,1,5,t,t,f,15,"2015-01-29 02:15:50.820447","2015-02-20 19:43:46.463722",,f
286,158,4,2,32,t,f,f,16,"2015-01-29 02:15:51.075455","2015-02-20 19:44:21.825977",,f
287,159,1,28,,f,f,f,,"2015-01-29 02:15:51.302462","2015-01-29 02:15:51.302462",,f
288,159,2,29,,f,f,f,,"2015-01-29 02:15:51.563470","2015-01-29 02:15:51.563470",,f
289,159,3,2,31,f,f,f,,"2015-01-29 02:15:51.771476","2015-01-29 02:15:51.771476",,f
290,160,1,29,,f,f,f,,"2015-01-29 02:15:52.084486","2015-01-29 02:15:52.084486",,f
291,160,2,8,127,f,f,f,,"2015-01-29 02:15:52.352494","2015-01-29 02:15:52.352494",,f
292,160,3,14,598,f,f,f,,"2015-01-29 02:15:52.627502","2015-01-29 02:15:52.627502",,f
293,161,1,29,,f,f,f,,"2015-01-29 02:15:52.878510","2015-01-29 02:15:52.878510",,f
294,161,2,5,75,f,f,f,,"2015-01-29 02:15:53.159519","2015-01-29 02:15:53.159519",,f
295,161,3,8,126,f,f,f,,"2015-01-29 02:15:53.375525","2015-01-29 02:15:53.375525",,f
296,161,4,15,621,f,f,f,,"2015-01-29 02:15:53.555531","2015-01-29 02:15:53.555531",,f
297,162,1,2,41,f,f,f,,"2015-01-29 02:15:53.821539","2015-01-29 02:15:53.821539",,f
298,162,2,15,622,t,t,f,,"2015-01-29 02:15:54.101547","2015-01-29 02:15:54.101547",,f
299,162,3,13,579,t,f,f,,"2015-01-29 02:15:54.353555","2015-01-29 02:15:54.353555",,f
300,165,1,19,,f,f,f,,"2015-01-29 02:15:54.636564","2015-01-29 02:15:54.636564",,f
301,167,1,20,,f,f,f,,"2015-01-29 02:15:54.959574","2015-01-29 02:15:54.959574",,f
302,167,2,17,668,t,f,f,,"2015-01-29 02:15:55.191581","2015-01-29 02:15:55.191581",,f
303,170,1,62,430,f,f,f,,"2015-01-29 02:15:55.414587","2015-04-13 19:47:11.393024",,t
304,171,1,61,493,f,f,f,,"2015-01-29 02:15:55.648595","2015-01-29 02:15:55.648595",,f
305,176,1,53,,f,f,f,,"2015-01-29 02:15:55.984605","2015-01-29 02:15:55.984605",,f
306,176,2,8,119,f,f,f,,"2015-01-29 02:15:56.236612","2015-01-29 02:15:56.236612",,f
307,179,1,2,44,f,f,f,,"2015-01-29 02:15:56.504621","2015-01-29 02:15:56.504621",,f
308,179,2,8,122,f,f,f,,"2015-01-29 02:15:56.732628","2015-01-29 02:15:56.732628",,f
309,179,3,19,,f,t,f,,"2015-01-29 02:15:56.963635","2015-01-29 02:15:56.963635",,f
310,179,4,34,,f,f,f,,"2015-01-29 02:15:57.229643","2015-01-29 02:15:57.229643",,f
311,179,5,25,,f,f,f,,"2015-01-29 02:15:57.449649","2015-01-29 02:15:57.449649",,f
312,179,6,33,,f,f,f,,"2015-01-29 02:15:57.679657","2015-01-29 02:15:57.679657",,f
313,179,7,49,441,f,t,f,,"2015-01-29 02:15:57.944665","2015-01-29 02:15:57.944665",,f
314,179,8,61,483,f,f,f,,"2015-01-29 02:15:58.241674","2015-01-29 02:15:58.241674",,f
315,180,1,17,657,t,f,f,,"2015-01-29 02:15:58.462680","2015-01-29 02:15:58.462680",,f
316,182,1,15,617,f,f,f,,"2015-01-29 02:15:58.690687","2015-01-29 02:15:58.690687",,f
317,183,1,2,28,f,f,f,8,"2015-01-29 02:15:58.940695","2015-01-29 02:15:58.940695",,f
318,183,2,14,596,f,f,f,,"2015-01-29 02:15:59.189703","2015-01-29 02:15:59.189703",,f
319,185,2,19,685,t,f,f,,"2015-01-29 02:15:59.447710","2015-02-19 07:50:42.052839",,f
320,185,1,6,95,f,f,f,,"2015-01-29 02:15:59.704718","2015-02-19 07:50:34.871584",,f
321,186,1,9,138,f,f,f,,"2015-01-29 02:16:00.034728","2015-01-29 02:16:00.034728",,f
322,186,2,1,1,f,f,t,12,"2015-01-29 02:16:00.554744","2015-02-20 19:22:40.052766",,f
323,186,3,19,,f,t,f,,"2015-01-29 02:16:00.838753","2015-01-29 02:16:00.838753",,f
324,186,4,34,,f,f,f,,"2015-01-29 02:16:01.084760","2015-01-29 02:16:01.084760",,f
325,186,5,25,,f,f,f,,"2015-01-29 02:16:01.346768","2015-01-29 02:16:01.346768",,f
326,186,6,33,,f,f,f,,"2015-01-29 02:16:01.607776","2015-01-29 02:16:01.607776",,f
327,186,7,42,299,f,t,f,,"2015-01-29 02:16:01.950787","2015-01-29 02:16:01.950787",,f
328,186,8,66,,f,f,f,,"2015-01-29 02:16:02.205795","2015-01-29 02:16:02.205795",,f
329,1,9,9,,f,f,t,,"2015-04-13 19:18:47.752115","2015-04-13 19:25:03.895368",,t
330,138,8,1,,f,f,t,,"2015-04-13 19:33:58.693524","2015-04-13 19:33:58.693524",,t
331,138,9,42,,f,f,f,,"2015-04-13 19:33:59.600546","2015-04-13 19:33:59.600546",,t
332,186,9,40,,f,f,f,,"2015-04-13 19:34:01.944604","2015-04-13 19:34:01.944604",,t
334,152,3,13,,f,f,t,,"2015-04-13 19:59:14.172804","2015-04-13 19:59:14.172804",,t
335,153,1,13,,f,f,t,,"2015-04-13 19:59:15.685841","2015-04-13 19:59:15.685841",,t