1,2011,,1,470284,odpt.PassengerSurvey:TokyoMetro.Ikebukuro.2011,urn:ucode:_00001C000000000000010000030C461B,"2015-01-29 02:24:44.513724","2015-01-29 02:24:44.513724"
2,2011,,1,287488,odpt.PassengerSurvey:TokyoMetro.KitaSenju.2011,urn:ucode:_00001C000000000000010000030C461C,"2015-01-29 02:24:44.637728","2015-01-29 02:24:44.637728"
3,2011,,1,269848,odpt.PassengerSurvey:TokyoMetro.Otemachi.2011,urn:ucode:_00001C000000000000010000030C461D,"2015-01-29 02:24:44.756732","2015-01-29 02:24:44.756732"
4,2011,,1,241513,odpt.PassengerSurvey:TokyoMetro.Ginza.2011,urn:ucode:_00001C000000000000010000030C461E,"2015-01-29 02:24:44.888736","2015-01-29 02:24:44.888736"
5,2011,,1,580367,odpt.PassengerSurvey:TokyoMetro.Shibuya.2011,urn:ucode:_00001C000000000000010000030C461F,"2015-01-29 02:24:45.021740","2015-01-29 02:24:45.021740"
6,2011,,1,215520,odpt.PassengerSurvey:TokyoMetro.Shimbashi.2011,urn:ucode:_00001C000000000000010000030C4620,"2015-01-29 02:24:45.164744","2015-01-29 02:24:45.164744"
7,2011,,1,212024,odpt.PassengerSurvey:TokyoMetro.Shinjuku.2011,urn:ucode:_00001C000000000000010000030C4621,"2015-01-29 02:24:45.295748","2015-01-29 02:24:45.295748"
8,2011,,1,201602,odpt.PassengerSurvey:TokyoMetro.Ueno.2011,urn:ucode:_00001C000000000000010000030C4622,"2015-01-29 02:24:45.450753","2015-01-29 02:24:45.450753"
9,2011,,1,181871,odpt.PassengerSurvey:TokyoMetro.Takadanobaba.2011,urn:ucode:_00001C000000000000010000030C4623,"2015-01-29 02:24:45.566757","2015-01-29 02:24:45.566757"
10,2011,,1,166452,odpt.PassengerSurvey:TokyoMetro.Iidabashi.2011,urn:ucode:_00001C000000000000010000030C4624,"2015-01-29 02:24:45.663760","2015-01-29 02:24:45.663760"
11,2011,,1,165816,odpt.PassengerSurvey:TokyoMetro.Nihombashi.2011,urn:ucode:_00001C000000000000010000030C4625,"2015-01-29 02:24:45.775763","2015-01-29 02:24:45.775763"
12,2011,,1,156736,odpt.PassengerSurvey:TokyoMetro.Tokyo.2011,urn:ucode:_00001C000000000000010000030C4626,"2015-01-29 02:24:45.951768","2015-01-29 02:24:45.951768"
13,2011,,1,156404,odpt.PassengerSurvey:TokyoMetro.NishiNippori.2011,urn:ucode:_00001C000000000000010000030C4627,"2015-01-29 02:24:46.052771","2015-01-29 02:24:46.052771"
14,2011,,1,154214,odpt.PassengerSurvey:TokyoMetro.Toyosu.2011,urn:ucode:_00001C000000000000010000030C4628,"2015-01-29 02:24:46.176775","2015-01-29 02:24:46.176775"
15,2011,,1,147303,odpt.PassengerSurvey:TokyoMetro.Yurakucho.2011,urn:ucode:_00001C000000000000010000030C4629,"2015-01-29 02:24:46.302779","2015-01-29 02:24:46.302779"
16,2011,,1,143772,odpt.PassengerSurvey:TokyoMetro.OmoteSando.2011,urn:ucode:_00001C000000000000010000030C462A,"2015-01-29 02:24:46.424783","2015-01-29 02:24:46.424783"
17,2011,,1,140405,odpt.PassengerSurvey:TokyoMetro.Kudanshita.2011,urn:ucode:_00001C000000000000010000030C462B,"2015-01-29 02:24:46.534786","2015-01-29 02:24:46.534786"
18,2011,,1,133373,odpt.PassengerSurvey:TokyoMetro.KokkaiGijidomae.2011,urn:ucode:_00001C000000000000010000030C462C,"2015-01-29 02:24:46.633789","2015-01-29 02:24:46.633789"
19,2011,,1,133373,odpt.PassengerSurvey:TokyoMetro.TameikeSanno.2011,urn:ucode:_00001C000000000000010000030C462D,"2015-01-29 02:24:46.743792","2015-01-29 02:24:46.743792"
20,2011,,1,128226,odpt.PassengerSurvey:TokyoMetro.Kasumigaseki.2011,urn:ucode:_00001C000000000000010000030C462E,"2015-01-29 02:24:46.869796","2015-01-29 02:24:46.869796"
21,2011,,1,126119,odpt.PassengerSurvey:TokyoMetro.Toyocho.2011,urn:ucode:_00001C000000000000010000030C462F,"2015-01-29 02:24:46.996800","2015-01-29 02:24:46.996800"
22,2011,,1,124197,odpt.PassengerSurvey:TokyoMetro.Ichigaya.2011,urn:ucode:_00001C000000000000010000030C4630,"2015-01-29 02:24:47.105804","2015-01-29 02:24:47.105804"
23,2011,,1,119184,odpt.PassengerSurvey:TokyoMetro.Akihabara.2011,urn:ucode:_00001C000000000000010000030C4631,"2015-01-29 02:24:47.205807","2015-01-29 02:24:47.205807"
24,2011,,1,118067,odpt.PassengerSurvey:TokyoMetro.Roppongi.2011,urn:ucode:_00001C000000000000010000030C4632,"2015-01-29 02:24:47.314810","2015-01-29 02:24:47.314810"
25,2011,,1,117903,odpt.PassengerSurvey:TokyoMetro.Kayabacho.2011,urn:ucode:_00001C000000000000010000030C4633,"2015-01-29 02:24:47.426813","2015-01-29 02:24:47.426813"
26,2011,,1,115784,odpt.PassengerSurvey:TokyoMetro.Mitsukoshimae.2011,urn:ucode:_00001C000000000000010000030C4634,"2015-01-29 02:24:47.552817","2015-01-29 02:24:47.552817"
27,2011,,1,104200,odpt.PassengerSurvey:TokyoMetro.MonzenNakacho.2011,urn:ucode:_00001C000000000000010000030C4635,"2015-01-29 02:24:47.668821","2015-01-29 02:24:47.668821"
28,2011,,1,101477,odpt.PassengerSurvey:TokyoMetro.Hatchobori.2011,urn:ucode:_00001C000000000000010000030C4636,"2015-01-29 02:24:47.765824","2015-01-29 02:24:47.765824"
29,2011,,1,100641,odpt.PassengerSurvey:TokyoMetro.Toranomon.2011,urn:ucode:_00001C000000000000010000030C4637,"2015-01-29 02:24:47.940829","2015-01-29 02:24:47.940829"
30,2011,,1,99957,odpt.PassengerSurvey:TokyoMetro.Yotsuya.2011,urn:ucode:_00001C000000000000010000030C4638,"2015-01-29 02:24:48.042832","2015-01-29 02:24:48.042832"
31,2011,,1,99394,odpt.PassengerSurvey:TokyoMetro.AkasakaMitsuke.2011,urn:ucode:_00001C000000000000010000030C463A,"2015-01-29 02:24:48.152835","2015-01-29 02:24:48.152835"
32,2011,,1,97811,odpt.PassengerSurvey:TokyoMetro.AoyamaItchome.2011,urn:ucode:_00001C000000000000010000030C463B,"2015-01-29 02:24:48.278839","2015-01-29 02:24:48.278839"
33,2011,,1,97688,odpt.PassengerSurvey:TokyoMetro.ShinjukuSanchome.2011,urn:ucode:_00001C000000000000010000030C463C,"2015-01-29 02:24:48.416843","2015-01-29 02:24:48.416843"
34,2011,,1,95750,odpt.PassengerSurvey:TokyoMetro.Kasai.2011,urn:ucode:_00001C000000000000010000030C463D,"2015-01-29 02:24:48.525847","2015-01-29 02:24:48.525847"
35,2011,,1,95522,odpt.PassengerSurvey:TokyoMetro.Ebisu.2011,urn:ucode:_00001C000000000000010000030C463E,"2015-01-29 02:24:48.647851","2015-01-29 02:24:48.647851"
36,2011,,1,95145,odpt.PassengerSurvey:TokyoMetro.NishiKasai.2011,urn:ucode:_00001C000000000000010000030C463F,"2015-01-29 02:24:48.768854","2015-01-29 02:24:48.768854"
37,2011,,1,93783,odpt.PassengerSurvey:TokyoMetro.ShinKiba.2011,urn:ucode:_00001C000000000000010000030C4640,"2015-01-29 02:24:48.879858","2015-01-29 02:24:48.879858"
38,2011,,1,90967,odpt.PassengerSurvey:TokyoMetro.Asakusa.2011,urn:ucode:_00001C000000000000010000030C4641,"2015-01-29 02:24:49.037862","2015-01-29 02:24:49.037862"
39,2011,,1,90874,odpt.PassengerSurvey:TokyoMetro.Hibiya.2011,urn:ucode:_00001C000000000000010000030C4642,"2015-01-29 02:24:49.163866","2015-01-29 02:24:49.163866"
40,2011,,1,89502,odpt.PassengerSurvey:TokyoMetro.Korakuen.2011,urn:ucode:_00001C000000000000010000030C4643,"2015-01-29 02:24:49.300870","2015-01-29 02:24:49.300870"
41,2011,,1,88444,odpt.PassengerSurvey:TokyoMetro.ShinOchanomizu.2011,urn:ucode:_00001C000000000000010000030C4644,"2015-01-29 02:24:49.424874","2015-01-29 02:24:49.424874"
42,2011,,1,88314,odpt.PassengerSurvey:TokyoMetro.Jimbocho.2011,urn:ucode:_00001C000000000000010000030C4645,"2015-01-29 02:24:49.528877","2015-01-29 02:24:49.528877"
43,2011,,1,82342,odpt.PassengerSurvey:TokyoMetro.Kinshicho.2011,urn:ucode:_00001C000000000000010000030C4646,"2015-01-29 02:24:49.649881","2015-01-29 02:24:49.649881"
44,2011,,1,80361,odpt.PassengerSurvey:TokyoMetro.Akasaka.2011,urn:ucode:_00001C000000000000010000030C4647,"2015-01-29 02:24:49.761885","2015-01-29 02:24:49.761885"
45,2011,,1,77154,odpt.PassengerSurvey:TokyoMetro.Ningyocho.2011,urn:ucode:_00001C000000000000010000030C4648,"2015-01-29 02:24:49.957890","2015-01-29 02:24:49.957890"
46,2011,,1,76486,odpt.PassengerSurvey:TokyoMetro.Kamiyacho.2011,urn:ucode:_00001C000000000000010000030C4649,"2015-01-29 02:24:50.073894","2015-01-29 02:24:50.073894"
47,2011,,1,74123,odpt.PassengerSurvey:TokyoMetro.Gaiemmae.2011,urn:ucode:_00001C000000000000010000030C464A,"2015-01-29 02:24:50.199898","2015-01-29 02:24:50.199898"
48,2011,,1,73021,odpt.PassengerSurvey:TokyoMetro.Urayasu.2011,urn:ucode:_00001C000000000000010000030C464B,"2015-01-29 02:24:50.308901","2015-01-29 02:24:50.308901"
49,2011,,1,72956,odpt.PassengerSurvey:TokyoMetro.Kiba.2011,urn:ucode:_00001C000000000000010000030C464C,"2015-01-29 02:24:50.430905","2015-01-29 02:24:50.430905"
50,2011,,1,72841,odpt.PassengerSurvey:TokyoMetro.HigashiGinza.2011,urn:ucode:_00001C000000000000010000030C464D,"2015-01-29 02:24:50.567909","2015-01-29 02:24:50.567909"
51,2011,,1,71913,odpt.PassengerSurvey:TokyoMetro.MeijiJingumae.2011,urn:ucode:_00001C000000000000010000030C464E,"2015-01-29 02:24:50.683913","2015-01-29 02:24:50.683913"
52,2011,,1,71882,odpt.PassengerSurvey:TokyoMetro.Hanzomon.2011,urn:ucode:_00001C000000000000010000030C464F,"2015-01-29 02:24:50.792916","2015-01-29 02:24:50.792916"
53,2011,,1,70733,odpt.PassengerSurvey:TokyoMetro.Waseda.2011,urn:ucode:_00001C000000000000010000030C4650,"2015-01-29 02:24:50.903919","2015-01-29 02:24:50.903919"
54,2011,,1,69792,odpt.PassengerSurvey:TokyoMetro.Ogikubo.2011,urn:ucode:_00001C000000000000010000030C4651,"2015-01-29 02:24:51.013923","2015-01-29 02:24:51.013923"
55,2011,,1,68853,odpt.PassengerSurvey:TokyoMetro.Suitengumae.2011,urn:ucode:_00001C000000000000010000030C4652,"2015-01-29 02:24:51.144927","2015-01-29 02:24:51.144927"
56,2011,,1,67153,odpt.PassengerSurvey:TokyoMetro.Tsukiji.2011,urn:ucode:_00001C000000000000010000030C4653,"2015-01-29 02:24:51.283931","2015-01-29 02:24:51.283931"
57,2011,,1,66404,odpt.PassengerSurvey:TokyoMetro.Myogadani.2011,urn:ucode:_00001C000000000000010000030C4654,"2015-01-29 02:24:51.409935","2015-01-29 02:24:51.409935"
58,2011,,1,61969,odpt.PassengerSurvey:TokyoMetro.NakanoSakaue.2011,urn:ucode:_00001C000000000000010000030C4655,"2015-01-29 02:24:51.509938","2015-01-29 02:24:51.509938"
59,2011,,1,59379,odpt.PassengerSurvey:TokyoMetro.Nagatacho.2011,urn:ucode:_00001C000000000000010000030C4656,"2015-01-29 02:24:51.617941","2015-01-29 02:24:51.617941"
60,2011,,1,57409,odpt.PassengerSurvey:TokyoMetro.Tsukishima.2011,urn:ucode:_00001C000000000000010000030C4657,"2015-01-29 02:24:51.738945","2015-01-29 02:24:51.738945"
61,2011,,1,56930,odpt.PassengerSurvey:TokyoMetro.MinamiSunamachi.2011,urn:ucode:_00001C000000000000010000030C4658,"2015-01-29 02:24:51.889949","2015-01-29 02:24:51.889949"
62,2011,,1,55448,odpt.PassengerSurvey:TokyoMetro.HiroO.2011,urn:ucode:_00001C000000000000010000030C4659,"2015-01-29 02:24:52.069955","2015-01-29 02:24:52.069955"
63,2011,,1,54464,odpt.PassengerSurvey:TokyoMetro.Oji.2011,urn:ucode:_00001C000000000000010000030C465A,"2015-01-29 02:24:52.212959","2015-01-29 02:24:52.212959"
64,2011,,1,54174,odpt.PassengerSurvey:TokyoMetro.Machiya.2011,urn:ucode:_00001C000000000000010000030C465B,"2015-01-29 02:24:52.366964","2015-01-29 02:24:52.366964"
65,2011,,1,52708,odpt.PassengerSurvey:TokyoMetro.Gyotoku.2011,urn:ucode:_00001C000000000000010000030C465C,"2015-01-29 02:24:52.498968","2015-01-29 02:24:52.498968"
66,2011,,1,51979,odpt.PassengerSurvey:TokyoMetro.Awajicho.2011,urn:ucode:_00001C000000000000010000030C465D,"2015-01-29 02:24:52.641972","2015-01-29 02:24:52.641972"
67,2011,,1,51629,odpt.PassengerSurvey:TokyoMetro.Ochanomizu.2011,urn:ucode:_00001C000000000000010000030C465E,"2015-01-29 02:24:52.784977","2015-01-29 02:24:52.784977"
68,2011,,1,51325,odpt.PassengerSurvey:TokyoMetro.Kojimachi.2011,urn:ucode:_00001C000000000000010000030C465F,"2015-01-29 02:24:52.949982","2015-01-29 02:24:52.949982"
69,2011,,1,50558,odpt.PassengerSurvey:TokyoMetro.NishiShinjuku.2011,urn:ucode:_00001C000000000000010000030C4660,"2015-01-29 02:24:53.100986","2015-01-29 02:24:53.100986"
70,2011,,1,50294,odpt.PassengerSurvey:TokyoMetro.Takebashi.2011,urn:ucode:_00001C000000000000010000030C4661,"2015-01-29 02:24:53.248991","2015-01-29 02:24:53.248991"
71,2011,,1,49425,odpt.PassengerSurvey:TokyoMetro.RoppongiItchome.2011,urn:ucode:_00001C000000000000010000030C4662,"2015-01-29 02:24:53.389995","2015-01-29 02:24:53.389995"
72,2011,,1,49410,odpt.PassengerSurvey:TokyoMetro.Kanda.2011,urn:ucode:_00001C000000000000010000030C4663,"2015-01-29 02:24:53.533000","2015-01-29 02:24:53.533000"
73,2011,,1,49112,odpt.PassengerSurvey:TokyoMetro.Edogawabashi.2011,urn:ucode:_00001C000000000000010000030C4664,"2015-01-29 02:24:53.687004","2015-01-29 02:24:53.687004"
74,2011,,1,48898,odpt.PassengerSurvey:TokyoMetro.MinamiGyotoku.2011,urn:ucode:_00001C000000000000010000030C4665,"2015-01-29 02:24:53.896011","2015-01-29 02:24:53.896011"
75,2011,,1,47819,odpt.PassengerSurvey:TokyoMetro.HongoSanchome.2011,urn:ucode:_00001C000000000000010000030C4666,"2015-01-29 02:24:54.040015","2015-01-29 02:24:54.040015"
76,2011,,1,45346,odpt.PassengerSurvey:TokyoMetro.Myoden.2011,urn:ucode:_00001C000000000000010000030C4667,"2015-01-29 02:24:54.183019","2015-01-29 02:24:54.183019"
77,2011,,1,43767,odpt.PassengerSurvey:TokyoMetro.Sumiyoshi.2011,urn:ucode:_00001C000000000000010000030C4668,"2015-01-29 02:24:54.315023","2015-01-29 02:24:54.315023"
78,2011,,1,43643,odpt.PassengerSurvey:TokyoMetro.ChikatetsuNarimasu.2011,urn:ucode:_00001C000000000000010000030C4669,"2015-01-29 02:24:54.456028","2015-01-29 02:24:54.456028"
79,2011,,1,42525,odpt.PassengerSurvey:TokyoMetro.ShinjukuGyoemmae.2011,urn:ucode:_00001C000000000000010000030C466A,"2015-01-29 02:24:54.601032","2015-01-29 02:24:54.601032"
80,2011,,1,42317,odpt.PassengerSurvey:TokyoMetro.NakaOkachimachi.2011,urn:ucode:_00001C000000000000010000030C466B,"2015-01-29 02:24:54.755037","2015-01-29 02:24:54.755037"
81,2011,,1,42022,odpt.PassengerSurvey:TokyoMetro.Kyobashi.2011,urn:ucode:_00001C000000000000010000030C466C,"2015-01-29 02:24:54.898041","2015-01-29 02:24:54.898041"
82,2011,,1,41938,odpt.PassengerSurvey:TokyoMetro.KiyosumiShirakawa.2011,urn:ucode:_00001C000000000000010000030C466D,"2015-01-29 02:24:55.042046","2015-01-29 02:24:55.042046"
83,2011,,1,41257,odpt.PassengerSurvey:TokyoMetro.AzabuJuban.2011,urn:ucode:_00001C000000000000010000030C466E,"2015-01-29 02:24:55.184050","2015-01-29 02:24:55.184050"
84,2011,,1,40421,odpt.PassengerSurvey:TokyoMetro.YotsuyaSanchome.2011,urn:ucode:_00001C000000000000010000030C466F,"2015-01-29 02:24:55.327054","2015-01-29 02:24:55.327054"
85,2011,,1,38133,odpt.PassengerSurvey:TokyoMetro.Heiwadai.2011,urn:ucode:_00001C000000000000010000030C4670,"2015-01-29 02:24:55.481059","2015-01-29 02:24:55.481059"
86,2011,,1,37921,odpt.PassengerSurvey:TokyoMetro.Kagurazaka.2011,urn:ucode:_00001C000000000000010000030C4671,"2015-01-29 02:24:55.635064","2015-01-29 02:24:55.635064"
87,2011,,1,37711,odpt.PassengerSurvey:TokyoMetro.Nogizaka.2011,urn:ucode:_00001C000000000000010000030C4672,"2015-01-29 02:24:55.779068","2015-01-29 02:24:55.779068"
88,2011,,1,37440,odpt.PassengerSurvey:TokyoMetro.Shintomicho.2011,urn:ucode:_00001C000000000000010000030C4673,"2015-01-29 02:24:55.965074","2015-01-29 02:24:55.965074"
89,2011,,1,37337,odpt.PassengerSurvey:TokyoMetro.Kodemmacho.2011,urn:ucode:_00001C000000000000010000030C4674,"2015-01-29 02:24:56.108078","2015-01-29 02:24:56.108078"
90,2011,,1,36933,odpt.PassengerSurvey:TokyoMetro.Gokokuji.2011,urn:ucode:_00001C000000000000010000030C4675,"2015-01-29 02:24:56.263083","2015-01-29 02:24:56.263083"
91,2011,,1,35051,odpt.PassengerSurvey:TokyoMetro.Minowa.2011,urn:ucode:_00001C000000000000010000030C4676,"2015-01-29 02:24:56.417087","2015-01-29 02:24:56.417087"
92,2011,,1,34957,odpt.PassengerSurvey:TokyoMetro.Hikawadai.2011,urn:ucode:_00001C000000000000010000030C4677,"2015-01-29 02:24:56.582093","2015-01-29 02:24:56.582093"
93,2011,,1,34403,odpt.PassengerSurvey:TokyoMetro.Komagome.2011,urn:ucode:_00001C000000000000010000030C4678,"2015-01-29 02:24:56.725097","2015-01-29 02:24:56.725097"
94,2011,,1,33658,odpt.PassengerSurvey:TokyoMetro.GinzaItchome.2011,urn:ucode:_00001C000000000000010000030C4679,"2015-01-29 02:24:56.857101","2015-01-29 02:24:56.857101"
95,2011,,1,33401,odpt.PassengerSurvey:TokyoMetro.Kanamecho.2011,urn:ucode:_00001C000000000000010000030C467A,"2015-01-29 02:24:57.000105","2015-01-29 02:24:57.000105"
96,2011,,1,32925,odpt.PassengerSurvey:TokyoMetro.HigashiIkebukuro.2011,urn:ucode:_00001C000000000000010000030C467B,"2015-01-29 02:24:57.132109","2015-01-29 02:24:57.132109"
97,2011,,1,32694,odpt.PassengerSurvey:TokyoMetro.Senkawa.2011,urn:ucode:_00001C000000000000010000030C467C,"2015-01-29 02:24:57.287114","2015-01-29 02:24:57.287114"
98,2011,,1,32336,odpt.PassengerSurvey:TokyoMetro.ShinKoenji.2011,urn:ucode:_00001C000000000000010000030C467D,"2015-01-29 02:24:57.452119","2015-01-29 02:24:57.452119"
99,2011,,1,32221,odpt.PassengerSurvey:TokyoMetro.Yushima.2011,urn:ucode:_00001C000000000000010000030C467E,"2015-01-29 02:24:57.605124","2015-01-29 02:24:57.605124"
100,2011,,1,31410,odpt.PassengerSurvey:TokyoMetro.OjiKamiya.2011,urn:ucode:_00001C000000000000010000030C467F,"2015-01-29 02:24:57.749128","2015-01-29 02:24:57.749128"
101,2011,,1,31130,odpt.PassengerSurvey:TokyoMetro.Nijubashimae.2011,urn:ucode:_00001C000000000000010000030C4680,"2015-01-29 02:24:57.937134","2015-01-29 02:24:57.937134"
102,2011,,1,31125,odpt.PassengerSurvey:TokyoMetro.ShinNakano.2011,urn:ucode:_00001C000000000000010000030C4681,"2015-01-29 02:24:58.073138","2015-01-29 02:24:58.073138"
103,2011,,1,31095,odpt.PassengerSurvey:TokyoMetro.Honancho.2011,urn:ucode:_00001C000000000000010000030C4682,"2015-01-29 02:24:58.211142","2015-01-29 02:24:58.211142"
104,2011,,1,31016,odpt.PassengerSurvey:TokyoMetro.ChikatetsuAkatsuka.2011,urn:ucode:_00001C000000000000010000030C4683,"2015-01-29 02:24:58.354147","2015-01-29 02:24:58.354147"
105,2011,,1,30833,odpt.PassengerSurvey:TokyoMetro.HigashiKoenji.2011,urn:ucode:_00001C000000000000010000030C4684,"2015-01-29 02:24:58.497151","2015-01-29 02:24:58.497151"
106,2011,,1,26551,odpt.PassengerSurvey:TokyoMetro.Iriya.2011,urn:ucode:_00001C000000000000010000030C4685,"2015-01-29 02:24:58.629155","2015-01-29 02:24:58.629155"
107,2011,,1,26535,odpt.PassengerSurvey:TokyoMetro.NishiWaseda.2011,urn:ucode:_00001C000000000000010000030C4686,"2015-01-29 02:24:58.783160","2015-01-29 02:24:58.783160"
108,2011,,1,26216,odpt.PassengerSurvey:TokyoMetro.Tawaramachi.2011,urn:ucode:_00001C000000000000010000030C4687,"2015-01-29 02:24:58.937164","2015-01-29 02:24:58.937164"
109,2011,,1,25646,odpt.PassengerSurvey:TokyoMetro.Todaimae.2011,urn:ucode:_00001C000000000000010000030C4688,"2015-01-29 02:24:59.099169","2015-01-29 02:24:59.099169"
110,2011,,1,25225,odpt.PassengerSurvey:TokyoMetro.KitaAyase.2011,urn:ucode:_00001C000000000000010000030C4689,"2015-01-29 02:24:59.289175","2015-01-29 02:24:59.289175"
111,2011,,1,25199,odpt.PassengerSurvey:TokyoMetro.Nezu.2011,urn:ucode:_00001C000000000000010000030C468A,"2015-01-29 02:24:59.432179","2015-01-29 02:24:59.432179"
112,2011,,1,24941,odpt.PassengerSurvey:TokyoMetro.MinamiSenju.2011,urn:ucode:_00001C000000000000010000030C468B,"2015-01-29 02:24:59.598185","2015-01-29 02:24:59.598185"
113,2011,,1,24818,odpt.PassengerSurvey:TokyoMetro.Tatsumi.2011,urn:ucode:_00001C000000000000010000030C468C,"2015-01-29 02:24:59.753189","2015-01-29 02:24:59.753189"
114,2011,,1,24674,odpt.PassengerSurvey:TokyoMetro.Sendagi.2011,urn:ucode:_00001C000000000000010000030C468D,"2015-01-29 02:24:59.995197","2015-01-29 02:24:59.995197"
115,2011,,1,23423,odpt.PassengerSurvey:TokyoMetro.BarakiNakayama.2011,urn:ucode:_00001C000000000000010000030C468E,"2015-01-29 02:25:00.367208","2015-01-29 02:25:00.367208"
116,2011,,1,22366,odpt.PassengerSurvey:TokyoMetro.Ochiai.2011,urn:ucode:_00001C000000000000010000030C468F,"2015-01-29 02:25:00.624216","2015-01-29 02:25:00.624216"
117,2011,,1,21631,odpt.PassengerSurvey:TokyoMetro.UenoHirokoji.2011,urn:ucode:_00001C000000000000010000030C4690,"2015-01-29 02:25:00.809221","2015-01-29 02:25:00.809221"
118,2011,,1,21611,odpt.PassengerSurvey:TokyoMetro.MinamiAsagaya.2011,urn:ucode:_00001C000000000000010000030C4691,"2015-01-29 02:25:00.973226","2015-01-29 02:25:00.973226"
119,2011,,1,21375,odpt.PassengerSurvey:TokyoMetro.ShinOtsuka.2011,urn:ucode:_00001C000000000000010000030C4692,"2015-01-29 02:25:01.124231","2015-01-29 02:25:01.124231"
120,2011,,1,21354,odpt.PassengerSurvey:TokyoMetro.YoyogiKoen.2011,urn:ucode:_00001C000000000000010000030C4693,"2015-01-29 02:25:01.281236","2015-01-29 02:25:01.281236"
121,2011,,1,20426,odpt.PassengerSurvey:TokyoMetro.Suehirocho.2011,urn:ucode:_00001C000000000000010000030C4694,"2015-01-29 02:25:01.458241","2015-01-29 02:25:01.458241"
122,2011,,1,20188,odpt.PassengerSurvey:TokyoMetro.HigashiShinjuku.2011,urn:ucode:_00001C000000000000010000030C4695,"2015-01-29 02:25:01.622246","2015-01-29 02:25:01.622246"
123,2011,,1,19428,odpt.PassengerSurvey:TokyoMetro.HonKomagome.2011,urn:ucode:_00001C000000000000010000030C4696,"2015-01-29 02:25:01.777251","2015-01-29 02:25:01.777251"
124,2011,,1,17730,odpt.PassengerSurvey:TokyoMetro.NakanoShimbashi.2011,urn:ucode:_00001C000000000000010000030C4697,"2015-01-29 02:25:01.997258","2015-01-29 02:25:01.997258"
125,2011,,1,17671,odpt.PassengerSurvey:TokyoMetro.NakanoFujimicho.2011,urn:ucode:_00001C000000000000010000030C4698,"2015-01-29 02:25:02.252265","2015-01-29 02:25:02.252265"
126,2011,,1,13904,odpt.PassengerSurvey:TokyoMetro.Inaricho.2011,urn:ucode:_00001C000000000000010000030C4699,"2015-01-29 02:25:02.404270","2015-01-29 02:25:02.404270"
127,2011,,1,13183,odpt.PassengerSurvey:TokyoMetro.KitaSando.2011,urn:ucode:_00001C000000000000010000030C469A,"2015-01-29 02:25:02.558275","2015-01-29 02:25:02.558275"
128,2011,,1,13062,odpt.PassengerSurvey:TokyoMetro.Sakuradamon.2011,urn:ucode:_00001C000000000000010000030C469B,"2015-01-29 02:25:02.723280","2015-01-29 02:25:02.723280"
129,2011,,1,12799,odpt.PassengerSurvey:TokyoMetro.Zoshigaya.2011,urn:ucode:_00001C000000000000010000030C469C,"2015-01-29 02:25:02.866284","2015-01-29 02:25:02.866284"
130,2011,,1,9905,odpt.PassengerSurvey:TokyoMetro.Shimo.2011,urn:ucode:_00001C000000000000010000030C469D,"2015-01-29 02:25:03.020289","2015-01-29 02:25:03.020289"
131,2011,,1,6201,odpt.PassengerSurvey:TokyoMetro.Nishigahara.2011,urn:ucode:_00001C000000000000010000030C469E,"2015-01-29 02:25:03.163293","2015-01-29 02:25:03.163293"
132,2011,,1,433614,odpt.PassengerSurvey:TokyoMetro.Ayase.2011,urn:ucode:_00001C000000000000010000030C469F,"2015-01-29 02:25:03.317298","2015-01-29 02:25:03.317298"
133,2011,,1,271057,odpt.PassengerSurvey:TokyoMetro.NishiFunabashi.2011,urn:ucode:_00001C000000000000010000030C46A0,"2015-01-29 02:25:03.471303","2015-01-29 02:25:03.471303"
134,2011,,1,225658,odpt.PassengerSurvey:TokyoMetro.YoyogiUehara.2011,urn:ucode:_00001C000000000000010000030C46A1,"2015-01-29 02:25:03.636308","2015-01-29 02:25:03.636308"
135,2011,,1,180954,odpt.PassengerSurvey:TokyoMetro.NakaMeguro.2011,urn:ucode:_00001C000000000000010000030C46A2,"2015-01-29 02:25:03.792312","2015-01-29 02:25:03.792312"
136,2011,,1,152925,odpt.PassengerSurvey:TokyoMetro.Wakoshi.2011,urn:ucode:_00001C000000000000010000030C46A3,"2015-01-29 02:25:03.977318","2015-01-29 02:25:03.977318"
137,2011,,1,133919,odpt.PassengerSurvey:TokyoMetro.Nakano.2011,urn:ucode:_00001C000000000000010000030C46A4,"2015-01-29 02:25:04.132323","2015-01-29 02:25:04.132323"
138,2011,,1,131126,odpt.PassengerSurvey:TokyoMetro.KotakeMukaihara.2011,urn:ucode:_00001C000000000000010000030C46A5,"2015-01-29 02:25:04.275327","2015-01-29 02:25:04.275327"
139,2011,,1,120324,odpt.PassengerSurvey:TokyoMetro.Oshiage.2011,urn:ucode:_00001C000000000000010000030C46A6,"2015-01-29 02:25:04.430332","2015-01-29 02:25:04.430332"
140,2011,,1,94530,odpt.PassengerSurvey:TokyoMetro.Meguro.2011,urn:ucode:_00001C000000000000010000030C46A7,"2015-01-29 02:25:04.594337","2015-01-29 02:25:04.594337"
141,2011,,1,72807,odpt.PassengerSurvey:TokyoMetro.AkabaneIwabuchi.2011,urn:ucode:_00001C000000000000010000030C46A8,"2015-01-29 02:25:04.749342","2015-01-29 02:25:04.749342"
142,2011,,1,39497,odpt.PassengerSurvey:TokyoMetro.ShirokaneTakanawa.2011,urn:ucode:_00001C000000000000010000030C46A9,"2015-01-29 02:25:04.902346","2015-01-29 02:25:04.902346"
143,2011,,1,15245,odpt.PassengerSurvey:TokyoMetro.Shirokanedai.2011,urn:ucode:_00001C000000000000010000030C46AA,"2015-01-29 02:25:05.049351","2015-01-29 02:25:05.049351"
144,2012,,1,483952,odpt.PassengerSurvey:TokyoMetro.Ikebukuro.2012,urn:ucode:_00001C000000000000010000030C458C,"2015-01-29 02:25:05.343360","2015-01-29 02:25:05.343360"
145,2012,,1,289324,odpt.PassengerSurvey:TokyoMetro.KitaSenju.2012,urn:ucode:_00001C000000000000010000030C458D,"2015-01-29 02:25:05.497364","2015-01-29 02:25:05.497364"
146,2012,,1,277336,odpt.PassengerSurvey:TokyoMetro.Otemachi.2012,urn:ucode:_00001C000000000000010000030C458E,"2015-01-29 02:25:05.661369","2015-01-29 02:25:05.661369"
147,2012,,1,245548,odpt.PassengerSurvey:TokyoMetro.Ginza.2012,urn:ucode:_00001C000000000000010000030C458F,"2015-01-29 02:25:05.827375","2015-01-29 02:25:05.827375"
148,2012,,1,612821,odpt.PassengerSurvey:TokyoMetro.Shibuya.2012,urn:ucode:_00001C000000000000010000030C4590,"2015-01-29 02:25:06.003380","2015-01-29 02:25:06.003380"
149,2012,,1,223335,odpt.PassengerSurvey:TokyoMetro.Shimbashi.2012,urn:ucode:_00001C000000000000010000030C4591,"2015-01-29 02:25:06.157385","2015-01-29 02:25:06.157385"
150,2012,,1,220154,odpt.PassengerSurvey:TokyoMetro.Shinjuku.2012,urn:ucode:_00001C000000000000010000030C4592,"2015-01-29 02:25:06.300389","2015-01-29 02:25:06.300389"
151,2012,,1,212509,odpt.PassengerSurvey:TokyoMetro.Ueno.2012,urn:ucode:_00001C000000000000010000030C4593,"2015-01-29 02:25:06.454394","2015-01-29 02:25:06.454394"
152,2012,,1,186629,odpt.PassengerSurvey:TokyoMetro.Takadanobaba.2012,urn:ucode:_00001C000000000000010000030C4594,"2015-01-29 02:25:06.641399","2015-01-29 02:25:06.641399"
153,2012,,1,169830,odpt.PassengerSurvey:TokyoMetro.Iidabashi.2012,urn:ucode:_00001C000000000000010000030C4595,"2015-01-29 02:25:06.773403","2015-01-29 02:25:06.773403"
154,2012,,1,169152,odpt.PassengerSurvey:TokyoMetro.Tokyo.2012,urn:ucode:_00001C000000000000010000030C4596,"2015-01-29 02:25:06.905407","2015-01-29 02:25:06.905407"
155,2012,,1,165337,odpt.PassengerSurvey:TokyoMetro.Nihombashi.2012,urn:ucode:_00001C000000000000010000030C4597,"2015-01-29 02:25:07.049412","2015-01-29 02:25:07.049412"
156,2012,,1,160196,odpt.PassengerSurvey:TokyoMetro.Toyosu.2012,urn:ucode:_00001C000000000000010000030C4598,"2015-01-29 02:25:07.180416","2015-01-29 02:25:07.180416"
157,2012,,1,158555,odpt.PassengerSurvey:TokyoMetro.NishiNippori.2012,urn:ucode:_00001C000000000000010000030C4599,"2015-01-29 02:25:07.312420","2015-01-29 02:25:07.312420"
158,2012,,1,152102,odpt.PassengerSurvey:TokyoMetro.Yurakucho.2012,urn:ucode:_00001C000000000000010000030C459A,"2015-01-29 02:25:07.455424","2015-01-29 02:25:07.455424"
159,2012,,1,150569,odpt.PassengerSurvey:TokyoMetro.OmoteSando.2012,urn:ucode:_00001C000000000000010000030C459B,"2015-01-29 02:25:07.587428","2015-01-29 02:25:07.587428"
160,2012,,1,146202,odpt.PassengerSurvey:TokyoMetro.Kudanshita.2012,urn:ucode:_00001C000000000000010000030C459C,"2015-01-29 02:25:07.731433","2015-01-29 02:25:07.731433"
161,2012,,1,142482,odpt.PassengerSurvey:TokyoMetro.KokkaiGijidomae.2012,urn:ucode:_00001C000000000000010000030C459D,"2015-01-29 02:25:07.919438","2015-01-29 02:25:07.919438"
162,2012,,1,142482,odpt.PassengerSurvey:TokyoMetro.TameikeSanno.2012,urn:ucode:_00001C000000000000010000030C459E,"2015-01-29 02:25:08.028442","2015-01-29 02:25:08.028442"
163,2012,,1,135035,odpt.PassengerSurvey:TokyoMetro.Kasumigaseki.2012,urn:ucode:_00001C000000000000010000030C459F,"2015-01-29 02:25:08.161446","2015-01-29 02:25:08.161446"
164,2012,,1,126846,odpt.PassengerSurvey:TokyoMetro.Ichigaya.2012,urn:ucode:_00001C000000000000010000030C45A0,"2015-01-29 02:25:08.314450","2015-01-29 02:25:08.314450"
165,2012,,1,125470,odpt.PassengerSurvey:TokyoMetro.Roppongi.2012,urn:ucode:_00001C000000000000010000030C45A1,"2015-01-29 02:25:08.446454","2015-01-29 02:25:08.446454"
166,2012,,1,120297,odpt.PassengerSurvey:TokyoMetro.Toyocho.2012,urn:ucode:_00001C000000000000010000030C45A2,"2015-01-29 02:25:08.578458","2015-01-29 02:25:08.578458"
167,2012,,1,119409,odpt.PassengerSurvey:TokyoMetro.Akihabara.2012,urn:ucode:_00001C000000000000010000030C45A3,"2015-01-29 02:25:08.710462","2015-01-29 02:25:08.710462"
168,2012,,1,117262,odpt.PassengerSurvey:TokyoMetro.Kayabacho.2012,urn:ucode:_00001C000000000000010000030C45A4,"2015-01-29 02:25:08.842466","2015-01-29 02:25:08.842466"
169,2012,,1,117018,odpt.PassengerSurvey:TokyoMetro.Mitsukoshimae.2012,urn:ucode:_00001C000000000000010000030C45A5,"2015-01-29 02:25:08.974470","2015-01-29 02:25:08.974470"
170,2012,,1,108065,odpt.PassengerSurvey:TokyoMetro.MonzenNakacho.2012,urn:ucode:_00001C000000000000010000030C45A6,"2015-01-29 02:25:09.151476","2015-01-29 02:25:09.151476"
171,2012,,1,105392,odpt.PassengerSurvey:TokyoMetro.Toranomon.2012,urn:ucode:_00001C000000000000010000030C45A7,"2015-01-29 02:25:09.294480","2015-01-29 02:25:09.294480"
172,2012,,1,104434,odpt.PassengerSurvey:TokyoMetro.AoyamaItchome.2012,urn:ucode:_00001C000000000000010000030C45A8,"2015-01-29 02:25:09.448485","2015-01-29 02:25:09.448485"
173,2012,,1,104101,odpt.PassengerSurvey:TokyoMetro.Yotsuya.2012,urn:ucode:_00001C000000000000010000030C45A9,"2015-01-29 02:25:09.591489","2015-01-29 02:25:09.591489"
174,2012,,1,103602,odpt.PassengerSurvey:TokyoMetro.Hatchobori.2012,urn:ucode:_00001C000000000000010000030C45AA,"2015-01-29 02:25:09.734494","2015-01-29 02:25:09.734494"
175,2012,,1,103019,odpt.PassengerSurvey:TokyoMetro.Asakusa.2012,urn:ucode:_00001C000000000000010000030C45AB,"2015-01-29 02:25:09.930500","2015-01-29 02:25:09.930500"
176,2012,,1,102605,odpt.PassengerSurvey:TokyoMetro.ShinjukuSanchome.2012,urn:ucode:_00001C000000000000010000030C45AC,"2015-01-29 02:25:10.064504","2015-01-29 02:25:10.064504"
177,2012,,1,101945,odpt.PassengerSurvey:TokyoMetro.AkasakaMitsuke.2012,urn:ucode:_00001C000000000000010000030C45AD,"2015-01-29 02:25:10.218508","2015-01-29 02:25:10.218508"
178,2012,,1,98217,odpt.PassengerSurvey:TokyoMetro.Ebisu.2012,urn:ucode:_00001C000000000000010000030C45AE,"2015-01-29 02:25:10.383513","2015-01-29 02:25:10.383513"
179,2012,,1,97394,odpt.PassengerSurvey:TokyoMetro.Kasai.2012,urn:ucode:_00001C000000000000010000030C45AF,"2015-01-29 02:25:10.537518","2015-01-29 02:25:10.537518"
180,2012,,1,96852,odpt.PassengerSurvey:TokyoMetro.ShinKiba.2012,urn:ucode:_00001C000000000000010000030C45B0,"2015-01-29 02:25:10.680523","2015-01-29 02:25:10.680523"
181,2012,,1,95262,odpt.PassengerSurvey:TokyoMetro.NishiKasai.2012,urn:ucode:_00001C000000000000010000030C45B1,"2015-01-29 02:25:10.823527","2015-01-29 02:25:10.823527"
182,2012,,1,94118,odpt.PassengerSurvey:TokyoMetro.Hibiya.2012,urn:ucode:_00001C000000000000010000030C45B2,"2015-01-29 02:25:10.999532","2015-01-29 02:25:10.999532"
183,2012,,1,93436,odpt.PassengerSurvey:TokyoMetro.Korakuen.2012,urn:ucode:_00001C000000000000010000030C45B3,"2015-01-29 02:25:11.143537","2015-01-29 02:25:11.143537"
184,2012,,1,90536,odpt.PassengerSurvey:TokyoMetro.Jimbocho.2012,urn:ucode:_00001C000000000000010000030C45B4,"2015-01-29 02:25:11.297541","2015-01-29 02:25:11.297541"
185,2012,,1,89233,odpt.PassengerSurvey:TokyoMetro.Kinshicho.2012,urn:ucode:_00001C000000000000010000030C45B5,"2015-01-29 02:25:11.440546","2015-01-29 02:25:11.440546"
186,2012,,1,85981,odpt.PassengerSurvey:TokyoMetro.ShinOchanomizu.2012,urn:ucode:_00001C000000000000010000030C45B6,"2015-01-29 02:25:11.583550","2015-01-29 02:25:11.583550"
187,2012,,1,85960,odpt.PassengerSurvey:TokyoMetro.Kamiyacho.2012,urn:ucode:_00001C000000000000010000030C45B7,"2015-01-29 02:25:11.726554","2015-01-29 02:25:11.726554"
188,2012,,1,79769,odpt.PassengerSurvey:TokyoMetro.Akasaka.2012,urn:ucode:_00001C000000000000010000030C45B8,"2015-01-29 02:25:11.891559","2015-01-29 02:25:11.891559"
189,2012,,1,78042,odpt.PassengerSurvey:TokyoMetro.Ningyocho.2012,urn:ucode:_00001C000000000000010000030C45B9,"2015-01-29 02:25:12.034564","2015-01-29 02:25:12.034564"
190,2012,,1,76411,odpt.PassengerSurvey:TokyoMetro.Hanzomon.2012,urn:ucode:_00001C000000000000010000030C45BA,"2015-01-29 02:25:12.166568","2015-01-29 02:25:12.166568"
191,2012,,1,75377,odpt.PassengerSurvey:TokyoMetro.Gaiemmae.2012,urn:ucode:_00001C000000000000010000030C45BB,"2015-01-29 02:25:12.309572","2015-01-29 02:25:12.309572"
192,2012,,1,75365,odpt.PassengerSurvey:TokyoMetro.MeijiJingumae.2012,urn:ucode:_00001C000000000000010000030C45BC,"2015-01-29 02:25:12.452577","2015-01-29 02:25:12.452577"
193,2012,,1,74648,odpt.PassengerSurvey:TokyoMetro.HigashiGinza.2012,urn:ucode:_00001C000000000000010000030C45BD,"2015-01-29 02:25:12.595581","2015-01-29 02:25:12.595581"
194,2012,,1,74353,odpt.PassengerSurvey:TokyoMetro.Kiba.2012,urn:ucode:_00001C000000000000010000030C45BE,"2015-01-29 02:25:12.760586","2015-01-29 02:25:12.760586"
195,2012,,1,74288,odpt.PassengerSurvey:TokyoMetro.Waseda.2012,urn:ucode:_00001C000000000000010000030C45BF,"2015-01-29 02:25:12.892590","2015-01-29 02:25:12.892590"
196,2012,,1,73654,odpt.PassengerSurvey:TokyoMetro.Urayasu.2012,urn:ucode:_00001C000000000000010000030C45C0,"2015-01-29 02:25:13.036594","2015-01-29 02:25:13.036594"
197,2012,,1,73576,odpt.PassengerSurvey:TokyoMetro.Ogikubo.2012,urn:ucode:_00001C000000000000010000030C45C1,"2015-01-29 02:25:13.167598","2015-01-29 02:25:13.167598"
198,2012,,1,69837,odpt.PassengerSurvey:TokyoMetro.Suitengumae.2012,urn:ucode:_00001C000000000000010000030C45C2,"2015-01-29 02:25:13.311603","2015-01-29 02:25:13.311603"
199,2012,,1,69497,odpt.PassengerSurvey:TokyoMetro.Myogadani.2012,urn:ucode:_00001C000000000000010000030C45C3,"2015-01-29 02:25:13.453607","2015-01-29 02:25:13.453607"
200,2012,,1,68659,odpt.PassengerSurvey:TokyoMetro.Tsukiji.2012,urn:ucode:_00001C000000000000010000030C45C4,"2015-01-29 02:25:13.608612","2015-01-29 02:25:13.608612"
201,2012,,1,65166,odpt.PassengerSurvey:TokyoMetro.NakanoSakaue.2012,urn:ucode:_00001C000000000000010000030C45C5,"2015-01-29 02:25:13.762617","2015-01-29 02:25:13.762617"
202,2012,,1,62707,odpt.PassengerSurvey:TokyoMetro.NishiShinjuku.2012,urn:ucode:_00001C000000000000010000030C45C6,"2015-01-29 02:25:14.092627","2015-01-29 02:25:14.092627"
203,2012,,1,61823,odpt.PassengerSurvey:TokyoMetro.Nagatacho.2012,urn:ucode:_00001C000000000000010000030C45C7,"2015-01-29 02:25:14.301633","2015-01-29 02:25:14.301633"
204,2012,,1,61452,odpt.PassengerSurvey:TokyoMetro.Tsukishima.2012,urn:ucode:_00001C000000000000010000030C45C8,"2015-01-29 02:25:14.444637","2015-01-29 02:25:14.444637"
205,2012,,1,58762,odpt.PassengerSurvey:TokyoMetro.MinamiSunamachi.2012,urn:ucode:_00001C000000000000010000030C45C9,"2015-01-29 02:25:14.598642","2015-01-29 02:25:14.598642"
206,2012,,1,56244,odpt.PassengerSurvey:TokyoMetro.HiroO.2012,urn:ucode:_00001C000000000000010000030C45CA,"2015-01-29 02:25:14.764647","2015-01-29 02:25:14.764647"
207,2012,,1,55804,odpt.PassengerSurvey:TokyoMetro.Oji.2012,urn:ucode:_00001C000000000000010000030C45CB,"2015-01-29 02:25:14.915652","2015-01-29 02:25:14.915652"
208,2012,,1,55306,odpt.PassengerSurvey:TokyoMetro.Machiya.2012,urn:ucode:_00001C000000000000010000030C45CC,"2015-01-29 02:25:15.071656","2015-01-29 02:25:15.071656"
209,2012,,1,54843,odpt.PassengerSurvey:TokyoMetro.Kojimachi.2012,urn:ucode:_00001C000000000000010000030C45CD,"2015-01-29 02:25:15.226661","2015-01-29 02:25:15.226661"
210,2012,,1,52899,odpt.PassengerSurvey:TokyoMetro.Gyotoku.2012,urn:ucode:_00001C000000000000010000030C45CE,"2015-01-29 02:25:15.391666","2015-01-29 02:25:15.391666"
211,2012,,1,52642,odpt.PassengerSurvey:TokyoMetro.Ochanomizu.2012,urn:ucode:_00001C000000000000010000030C45CF,"2015-01-29 02:25:15.545671","2015-01-29 02:25:15.545671"
212,2012,,1,52247,odpt.PassengerSurvey:TokyoMetro.Kanda.2012,urn:ucode:_00001C000000000000010000030C45D0,"2015-01-29 02:25:15.710676","2015-01-29 02:25:15.710676"
213,2012,,1,51913,odpt.PassengerSurvey:TokyoMetro.Awajicho.2012,urn:ucode:_00001C000000000000010000030C45D1,"2015-01-29 02:25:15.897682","2015-01-29 02:25:15.897682"
214,2012,,1,50205,odpt.PassengerSurvey:TokyoMetro.RoppongiItchome.2012,urn:ucode:_00001C000000000000010000030C45D2,"2015-01-29 02:25:16.040686","2015-01-29 02:25:16.040686"
215,2012,,1,50101,odpt.PassengerSurvey:TokyoMetro.Takebashi.2012,urn:ucode:_00001C000000000000010000030C45D3,"2015-01-29 02:25:16.284693","2015-01-29 02:25:16.284693"
216,2012,,1,49843,odpt.PassengerSurvey:TokyoMetro.Edogawabashi.2012,urn:ucode:_00001C000000000000010000030C45D4,"2015-01-29 02:25:16.458699","2015-01-29 02:25:16.458699"
217,2012,,1,49209,odpt.PassengerSurvey:TokyoMetro.MinamiGyotoku.2012,urn:ucode:_00001C000000000000010000030C45D5,"2015-01-29 02:25:16.612703","2015-01-29 02:25:16.612703"
218,2012,,1,48958,odpt.PassengerSurvey:TokyoMetro.HongoSanchome.2012,urn:ucode:_00001C000000000000010000030C45D6,"2015-01-29 02:25:16.789709","2015-01-29 02:25:16.789709"
219,2012,,1,46400,odpt.PassengerSurvey:TokyoMetro.Sumiyoshi.2012,urn:ucode:_00001C000000000000010000030C45D7,"2015-01-29 02:25:16.942714","2015-01-29 02:25:16.942714"
220,2012,,1,45573,odpt.PassengerSurvey:TokyoMetro.ChikatetsuNarimasu.2012,urn:ucode:_00001C000000000000010000030C45D8,"2015-01-29 02:25:17.093718","2015-01-29 02:25:17.093718"
221,2012,,1,45532,odpt.PassengerSurvey:TokyoMetro.Myoden.2012,urn:ucode:_00001C000000000000010000030C45D9,"2015-01-29 02:25:17.240723","2015-01-29 02:25:17.240723"
222,2012,,1,45263,odpt.PassengerSurvey:TokyoMetro.KiyosumiShirakawa.2012,urn:ucode:_00001C000000000000010000030C45DA,"2015-01-29 02:25:17.405728","2015-01-29 02:25:17.405728"
223,2012,,1,43610,odpt.PassengerSurvey:TokyoMetro.ShinjukuGyoemmae.2012,urn:ucode:_00001C000000000000010000030C45DB,"2015-01-29 02:25:17.592733","2015-01-29 02:25:17.592733"
224,2012,,1,43576,odpt.PassengerSurvey:TokyoMetro.Kyobashi.2012,urn:ucode:_00001C000000000000010000030C45DC,"2015-01-29 02:25:17.757738","2015-01-29 02:25:17.757738"
225,2012,,1,42971,odpt.PassengerSurvey:TokyoMetro.AzabuJuban.2012,urn:ucode:_00001C000000000000010000030C45DD,"2015-01-29 02:25:17.934744","2015-01-29 02:25:17.934744"
226,2012,,1,41973,odpt.PassengerSurvey:TokyoMetro.NakaOkachimachi.2012,urn:ucode:_00001C000000000000010000030C45DE,"2015-01-29 02:25:18.055747","2015-01-29 02:25:18.055747"
227,2012,,1,41287,odpt.PassengerSurvey:TokyoMetro.YotsuyaSanchome.2012,urn:ucode:_00001C000000000000010000030C45DF,"2015-01-29 02:25:18.208752","2015-01-29 02:25:18.208752"
228,2012,,1,38876,odpt.PassengerSurvey:TokyoMetro.Heiwadai.2012,urn:ucode:_00001C000000000000010000030C45E0,"2015-01-29 02:25:18.341756","2015-01-29 02:25:18.341756"
229,2012,,1,38336,odpt.PassengerSurvey:TokyoMetro.Nogizaka.2012,urn:ucode:_00001C000000000000010000030C45E1,"2015-01-29 02:25:18.494761","2015-01-29 02:25:18.494761"
230,2012,,1,37976,odpt.PassengerSurvey:TokyoMetro.Kagurazaka.2012,urn:ucode:_00001C000000000000010000030C45E2,"2015-01-29 02:25:18.648766","2015-01-29 02:25:18.648766"
231,2012,,1,37707,odpt.PassengerSurvey:TokyoMetro.Shintomicho.2012,urn:ucode:_00001C000000000000010000030C45E3,"2015-01-29 02:25:18.792770","2015-01-29 02:25:18.792770"
232,2012,,1,37527,odpt.PassengerSurvey:TokyoMetro.Kodemmacho.2012,urn:ucode:_00001C000000000000010000030C45E4,"2015-01-29 02:25:18.945775","2015-01-29 02:25:18.945775"
233,2012,,1,36990,odpt.PassengerSurvey:TokyoMetro.Gokokuji.2012,urn:ucode:_00001C000000000000010000030C45E5,"2015-01-29 02:25:19.087779","2015-01-29 02:25:19.087779"
234,2012,,1,36181,odpt.PassengerSurvey:TokyoMetro.Hikawadai.2012,urn:ucode:_00001C000000000000010000030C45E6,"2015-01-29 02:25:19.232783","2015-01-29 02:25:19.232783"
235,2012,,1,35768,odpt.PassengerSurvey:TokyoMetro.Komagome.2012,urn:ucode:_00001C000000000000010000030C45E7,"2015-01-29 02:25:19.364787","2015-01-29 02:25:19.364787"
236,2012,,1,35764,odpt.PassengerSurvey:TokyoMetro.Minowa.2012,urn:ucode:_00001C000000000000010000030C45E8,"2015-01-29 02:25:19.540793","2015-01-29 02:25:19.540793"
237,2012,,1,35332,odpt.PassengerSurvey:TokyoMetro.Kanamecho.2012,urn:ucode:_00001C000000000000010000030C45E9,"2015-01-29 02:25:19.694797","2015-01-29 02:25:19.694797"
238,2012,,1,34327,odpt.PassengerSurvey:TokyoMetro.HigashiIkebukuro.2012,urn:ucode:_00001C000000000000010000030C45EA,"2015-01-29 02:25:19.870803","2015-01-29 02:25:19.870803"
239,2012,,1,34079,odpt.PassengerSurvey:TokyoMetro.Senkawa.2012,urn:ucode:_00001C000000000000010000030C45EB,"2015-01-29 02:25:20.024808","2015-01-29 02:25:20.024808"
240,2012,,1,33836,odpt.PassengerSurvey:TokyoMetro.GinzaItchome.2012,urn:ucode:_00001C000000000000010000030C45EC,"2015-01-29 02:25:20.178812","2015-01-29 02:25:20.178812"
241,2012,,1,33392,odpt.PassengerSurvey:TokyoMetro.ShinKoenji.2012,urn:ucode:_00001C000000000000010000030C45ED,"2015-01-29 02:25:20.333817","2015-01-29 02:25:20.333817"
242,2012,,1,32685,odpt.PassengerSurvey:TokyoMetro.OjiKamiya.2012,urn:ucode:_00001C000000000000010000030C45EE,"2015-01-29 02:25:20.508822","2015-01-29 02:25:20.508822"
243,2012,,1,32160,odpt.PassengerSurvey:TokyoMetro.Yushima.2012,urn:ucode:_00001C000000000000010000030C45EF,"2015-01-29 02:25:20.662827","2015-01-29 02:25:20.662827"
244,2012,,1,32130,odpt.PassengerSurvey:TokyoMetro.ChikatetsuAkatsuka.2012,urn:ucode:_00001C000000000000010000030C45F0,"2015-01-29 02:25:20.816832","2015-01-29 02:25:20.816832"
245,2012,,1,32067,odpt.PassengerSurvey:TokyoMetro.Nijubashimae.2012,urn:ucode:_00001C000000000000010000030C45F1,"2015-01-29 02:25:20.970836","2015-01-29 02:25:20.970836"
246,2012,,1,32060,odpt.PassengerSurvey:TokyoMetro.Honancho.2012,urn:ucode:_00001C000000000000010000030C45F2,"2015-01-29 02:25:21.136841","2015-01-29 02:25:21.136841"
247,2012,,1,31911,odpt.PassengerSurvey:TokyoMetro.HigashiKoenji.2012,urn:ucode:_00001C000000000000010000030C45F3,"2015-01-29 02:25:21.290846","2015-01-29 02:25:21.290846"
248,2012,,1,31702,odpt.PassengerSurvey:TokyoMetro.ShinNakano.2012,urn:ucode:_00001C000000000000010000030C45F4,"2015-01-29 02:25:21.466851","2015-01-29 02:25:21.466851"
249,2012,,1,28326,odpt.PassengerSurvey:TokyoMetro.NishiWaseda.2012,urn:ucode:_00001C000000000000010000030C45F5,"2015-01-29 02:25:21.620856","2015-01-29 02:25:21.620856"
250,2012,,1,27789,odpt.PassengerSurvey:TokyoMetro.Tawaramachi.2012,urn:ucode:_00001C000000000000010000030C45F6,"2015-01-29 02:25:21.774861","2015-01-29 02:25:21.774861"
251,2012,,1,27680,odpt.PassengerSurvey:TokyoMetro.Iriya.2012,urn:ucode:_00001C000000000000010000030C45F7,"2015-01-29 02:25:21.972867","2015-01-29 02:25:21.972867"
252,2012,,1,26346,odpt.PassengerSurvey:TokyoMetro.MinamiSenju.2012,urn:ucode:_00001C000000000000010000030C45F8,"2015-01-29 02:25:22.127872","2015-01-29 02:25:22.127872"
253,2012,,1,26052,odpt.PassengerSurvey:TokyoMetro.Todaimae.2012,urn:ucode:_00001C000000000000010000030C45F9,"2015-01-29 02:25:22.258876","2015-01-29 02:25:22.258876"
254,2012,,1,25893,odpt.PassengerSurvey:TokyoMetro.Tatsumi.2012,urn:ucode:_00001C000000000000010000030C45FA,"2015-01-29 02:25:22.390880","2015-01-29 02:25:22.390880"
255,2012,,1,25579,odpt.PassengerSurvey:TokyoMetro.Nezu.2012,urn:ucode:_00001C000000000000010000030C45FB,"2015-01-29 02:25:22.533884","2015-01-29 02:25:22.533884"
256,2012,,1,25215,odpt.PassengerSurvey:TokyoMetro.KitaAyase.2012,urn:ucode:_00001C000000000000010000030C45FC,"2015-01-29 02:25:22.665888","2015-01-29 02:25:22.665888"
257,2012,,1,24884,odpt.PassengerSurvey:TokyoMetro.Sendagi.2012,urn:ucode:_00001C000000000000010000030C45FD,"2015-01-29 02:25:22.809892","2015-01-29 02:25:22.809892"
258,2012,,1,24239,odpt.PassengerSurvey:TokyoMetro.BarakiNakayama.2012,urn:ucode:_00001C000000000000010000030C45FE,"2015-01-29 02:25:22.963897","2015-01-29 02:25:22.963897"
259,2012,,1,23763,odpt.PassengerSurvey:TokyoMetro.HigashiShinjuku.2012,urn:ucode:_00001C000000000000010000030C45FF,"2015-01-29 02:25:23.095901","2015-01-29 02:25:23.095901"
260,2012,,1,23418,odpt.PassengerSurvey:TokyoMetro.Ochiai.2012,urn:ucode:_00001C000000000000010000030C4600,"2015-01-29 02:25:23.238906","2015-01-29 02:25:23.238906"
261,2012,,1,22345,odpt.PassengerSurvey:TokyoMetro.YoyogiKoen.2012,urn:ucode:_00001C000000000000010000030C4601,"2015-01-29 02:25:23.381910","2015-01-29 02:25:23.381910"
262,2012,,1,22337,odpt.PassengerSurvey:TokyoMetro.MinamiAsagaya.2012,urn:ucode:_00001C000000000000010000030C4602,"2015-01-29 02:25:23.513914","2015-01-29 02:25:23.513914"
263,2012,,1,22303,odpt.PassengerSurvey:TokyoMetro.ShinOtsuka.2012,urn:ucode:_00001C000000000000010000030C4603,"2015-01-29 02:25:23.656918","2015-01-29 02:25:23.656918"
264,2012,,1,22280,odpt.PassengerSurvey:TokyoMetro.UenoHirokoji.2012,urn:ucode:_00001C000000000000010000030C4604,"2015-01-29 02:25:23.799923","2015-01-29 02:25:23.799923"
265,2012,,1,20916,odpt.PassengerSurvey:TokyoMetro.Suehirocho.2012,urn:ucode:_00001C000000000000010000030C4605,"2015-01-29 02:25:23.964928","2015-01-29 02:25:23.964928"
266,2012,,1,19986,odpt.PassengerSurvey:TokyoMetro.HonKomagome.2012,urn:ucode:_00001C000000000000010000030C4606,"2015-01-29 02:25:24.094932","2015-01-29 02:25:24.094932"
267,2012,,1,18040,odpt.PassengerSurvey:TokyoMetro.NakanoShimbashi.2012,urn:ucode:_00001C000000000000010000030C4607,"2015-01-29 02:25:24.254937","2015-01-29 02:25:24.254937"
268,2012,,1,17575,odpt.PassengerSurvey:TokyoMetro.NakanoFujimicho.2012,urn:ucode:_00001C000000000000010000030C4608,"2015-01-29 02:25:24.393941","2015-01-29 02:25:24.393941"
269,2012,,1,14376,odpt.PassengerSurvey:TokyoMetro.KitaSando.2012,urn:ucode:_00001C000000000000010000030C4609,"2015-01-29 02:25:24.525945","2015-01-29 02:25:24.525945"
270,2012,,1,14328,odpt.PassengerSurvey:TokyoMetro.Inaricho.2012,urn:ucode:_00001C000000000000010000030C460A,"2015-01-29 02:25:24.679949","2015-01-29 02:25:24.679949"
271,2012,,1,13638,odpt.PassengerSurvey:TokyoMetro.Zoshigaya.2012,urn:ucode:_00001C000000000000010000030C460B,"2015-01-29 02:25:24.823954","2015-01-29 02:25:24.823954"
272,2012,,1,13517,odpt.PassengerSurvey:TokyoMetro.Sakuradamon.2012,urn:ucode:_00001C000000000000010000030C460C,"2015-01-29 02:25:24.965958","2015-01-29 02:25:24.965958"
273,2012,,1,10130,odpt.PassengerSurvey:TokyoMetro.Shimo.2012,urn:ucode:_00001C000000000000010000030C460D,"2015-01-29 02:25:25.106963","2015-01-29 02:25:25.106963"
274,2012,,1,6469,odpt.PassengerSurvey:TokyoMetro.Nishigahara.2012,urn:ucode:_00001C000000000000010000030C460E,"2015-01-29 02:25:25.255967","2015-01-29 02:25:25.255967"
275,2012,,1,435540,odpt.PassengerSurvey:TokyoMetro.Ayase.2012,urn:ucode:_00001C000000000000010000030C460F,"2015-01-29 02:25:25.417972","2015-01-29 02:25:25.417972"
276,2012,,1,274785,odpt.PassengerSurvey:TokyoMetro.NishiFunabashi.2012,urn:ucode:_00001C000000000000010000030C4610,"2015-01-29 02:25:25.560976","2015-01-29 02:25:25.560976"
277,2012,,1,234945,odpt.PassengerSurvey:TokyoMetro.YoyogiUehara.2012,urn:ucode:_00001C000000000000010000030C4611,"2015-01-29 02:25:25.704981","2015-01-29 02:25:25.704981"
278,2012,,1,188879,odpt.PassengerSurvey:TokyoMetro.NakaMeguro.2012,urn:ucode:_00001C000000000000010000030C4612,"2015-01-29 02:25:25.912987","2015-01-29 02:25:25.912987"
279,2012,,1,159257,odpt.PassengerSurvey:TokyoMetro.Wakoshi.2012,urn:ucode:_00001C000000000000010000030C4613,"2015-01-29 02:25:26.066992","2015-01-29 02:25:26.066992"
280,2012,,1,141125,odpt.PassengerSurvey:TokyoMetro.Oshiage.2012,urn:ucode:_00001C000000000000010000030C4614,"2015-01-29 02:25:26.210996","2015-01-29 02:25:26.210996"
281,2012,,1,139446,odpt.PassengerSurvey:TokyoMetro.KotakeMukaihara.2012,urn:ucode:_00001C000000000000010000030C4615,"2015-01-29 02:25:26.364001","2015-01-29 02:25:26.364001"
282,2012,,1,136994,odpt.PassengerSurvey:TokyoMetro.Nakano.2012,urn:ucode:_00001C000000000000010000030C4616,"2015-01-29 02:25:26.529006","2015-01-29 02:25:26.529006"
283,2012,,1,98495,odpt.PassengerSurvey:TokyoMetro.Meguro.2012,urn:ucode:_00001C000000000000010000030C4617,"2015-01-29 02:25:26.673010","2015-01-29 02:25:26.673010"
284,2012,,1,75150,odpt.PassengerSurvey:TokyoMetro.AkabaneIwabuchi.2012,urn:ucode:_00001C000000000000010000030C4618,"2015-01-29 02:25:26.816015","2015-01-29 02:25:26.816015"
285,2012,,1,40985,odpt.PassengerSurvey:TokyoMetro.ShirokaneTakanawa.2012,urn:ucode:_00001C000000000000010000030C4619,"2015-01-29 02:25:26.959019","2015-01-29 02:25:26.959019"
286,2012,,1,15543,odpt.PassengerSurvey:TokyoMetro.Shirokanedai.2012,urn:ucode:_00001C000000000000010000030C461A,"2015-01-29 02:25:27.113024","2015-01-29 02:25:27.113024"
287,2013,,1,523834,odpt.PassengerSurvey:TokyoMetro.Ikebukuro.2013,urn:ucode:_00001C000000000000010000030C44FD,"2015-01-29 02:25:27.258028","2015-01-29 02:25:27.258028"
288,2013,,1,288037,odpt.PassengerSurvey:TokyoMetro.Otemachi.2013,urn:ucode:_00001C000000000000010000030C44FE,"2015-01-29 02:25:27.399032","2015-01-29 02:25:27.399032"
289,2013,,1,291466,odpt.PassengerSurvey:TokyoMetro.KitaSenju.2013,urn:ucode:_00001C000000000000010000030C44FF,"2015-01-29 02:25:27.554037","2015-01-29 02:25:27.554037"
290,2013,,1,245300,odpt.PassengerSurvey:TokyoMetro.Ginza.2013,urn:ucode:_00001C000000000000010000030C4500,"2015-01-29 02:25:27.707042","2015-01-29 02:25:27.707042"
291,2013,,1,228743,odpt.PassengerSurvey:TokyoMetro.Shimbashi.2013,urn:ucode:_00001C000000000000010000030C4501,"2015-01-29 02:25:27.840046","2015-01-29 02:25:27.840046"
292,2013,,1,227366,odpt.PassengerSurvey:TokyoMetro.Shinjuku.2013,urn:ucode:_00001C000000000000010000030C4502,"2015-01-29 02:25:28.025052","2015-01-29 02:25:28.025052"
293,2013,,1,731184,odpt.PassengerSurvey:TokyoMetro.Shibuya.2013,urn:ucode:_00001C000000000000010000030C4503,"2015-01-29 02:25:28.158056","2015-01-29 02:25:28.158056"
294,2013,,1,211539,odpt.PassengerSurvey:TokyoMetro.Ueno.2013,urn:ucode:_00001C000000000000010000030C4504,"2015-01-29 02:25:28.291060","2015-01-29 02:25:28.291060"
295,2013,,1,189308,odpt.PassengerSurvey:TokyoMetro.Takadanobaba.2013,urn:ucode:_00001C000000000000010000030C4505,"2015-01-29 02:25:28.433064","2015-01-29 02:25:28.433064"
296,2013,,1,181208,odpt.PassengerSurvey:TokyoMetro.Tokyo.2013,urn:ucode:_00001C000000000000010000030C4506,"2015-01-29 02:25:28.587069","2015-01-29 02:25:28.587069"
297,2013,,1,175147,odpt.PassengerSurvey:TokyoMetro.Toyosu.2013,urn:ucode:_00001C000000000000010000030C4507,"2015-01-29 02:25:28.720073","2015-01-29 02:25:28.720073"
298,2013,,1,173224,odpt.PassengerSurvey:TokyoMetro.Iidabashi.2013,urn:ucode:_00001C000000000000010000030C4508,"2015-01-29 02:25:28.874077","2015-01-29 02:25:28.874077"
299,2013,,1,165326,odpt.PassengerSurvey:TokyoMetro.Nihombashi.2013,urn:ucode:_00001C000000000000010000030C4509,"2015-01-29 02:25:29.017082","2015-01-29 02:25:29.017082"
300,2013,,1,163137,odpt.PassengerSurvey:TokyoMetro.OmoteSando.2013,urn:ucode:_00001C000000000000010000030C450A,"2015-01-29 02:25:29.160086","2015-01-29 02:25:29.160086"
301,2013,,1,162852,odpt.PassengerSurvey:TokyoMetro.NishiNippori.2013,urn:ucode:_00001C000000000000010000030C450B,"2015-01-29 02:25:29.314091","2015-01-29 02:25:29.314091"
302,2013,,1,158809,odpt.PassengerSurvey:TokyoMetro.Yurakucho.2013,urn:ucode:_00001C000000000000010000030C450C,"2015-01-29 02:25:29.457095","2015-01-29 02:25:29.457095"
303,2013,,1,153622,odpt.PassengerSurvey:TokyoMetro.Kudanshita.2013,urn:ucode:_00001C000000000000010000030C450D,"2015-01-29 02:25:29.622100","2015-01-29 02:25:29.622100"
304,2013,,1,141487,odpt.PassengerSurvey:TokyoMetro.KokkaiGijidomae.2013,urn:ucode:_00001C000000000000010000030C450E,"2015-01-29 02:25:29.765105","2015-01-29 02:25:29.765105"
305,2013,,1,141487,odpt.PassengerSurvey:TokyoMetro.TameikeSanno.2013,urn:ucode:_00001C000000000000010000030C450F,"2015-01-29 02:25:29.987111","2015-01-29 02:25:29.987111"
306,2013,,1,140241,odpt.PassengerSurvey:TokyoMetro.Kasumigaseki.2013,urn:ucode:_00001C000000000000010000030C4510,"2015-01-29 02:25:30.128116","2015-01-29 02:25:30.128116"
307,2013,,1,133613,odpt.PassengerSurvey:TokyoMetro.ShinjukuSanchome.2013,urn:ucode:_00001C000000000000010000030C4511,"2015-01-29 02:25:30.293121","2015-01-29 02:25:30.293121"
308,2013,,1,131363,odpt.PassengerSurvey:TokyoMetro.Ichigaya.2013,urn:ucode:_00001C000000000000010000030C4512,"2015-01-29 02:25:30.448125","2015-01-29 02:25:30.448125"
309,2013,,1,130190,odpt.PassengerSurvey:TokyoMetro.Roppongi.2013,urn:ucode:_00001C000000000000010000030C4513,"2015-01-29 02:25:30.646131","2015-01-29 02:25:30.646131"
310,2013,,1,122576,odpt.PassengerSurvey:TokyoMetro.Akihabara.2013,urn:ucode:_00001C000000000000010000030C4514,"2015-01-29 02:25:30.811136","2015-01-29 02:25:30.811136"
311,2013,,1,120845,odpt.PassengerSurvey:TokyoMetro.Mitsukoshimae.2013,urn:ucode:_00001C000000000000010000030C4516,"2015-01-29 02:25:30.965141","2015-01-29 02:25:30.965141"
312,2013,,1,118456,odpt.PassengerSurvey:TokyoMetro.Toyocho.2013,urn:ucode:_00001C000000000000010000030C4515,"2015-01-29 02:25:31.130146","2015-01-29 02:25:31.130146"
313,2013,,1,118113,odpt.PassengerSurvey:TokyoMetro.Kayabacho.2013,urn:ucode:_00001C000000000000010000030C4517,"2015-01-29 02:25:31.284151","2015-01-29 02:25:31.284151"
314,2013,,1,110217,odpt.PassengerSurvey:TokyoMetro.Yotsuya.2013,urn:ucode:_00001C000000000000010000030C4518,"2015-01-29 02:25:31.460156","2015-01-29 02:25:31.460156"
315,2013,,1,109707,odpt.PassengerSurvey:TokyoMetro.AoyamaItchome.2013,urn:ucode:_00001C000000000000010000030C4519,"2015-01-29 02:25:31.614161","2015-01-29 02:25:31.614161"
316,2013,,1,109613,odpt.PassengerSurvey:TokyoMetro.MonzenNakacho.2013,urn:ucode:_00001C000000000000010000030C451A,"2015-01-29 02:25:31.768166","2015-01-29 02:25:31.768166"
317,2013,,1,109455,odpt.PassengerSurvey:TokyoMetro.Toranomon.2013,urn:ucode:_00001C000000000000010000030C451B,"2015-01-29 02:25:31.967172","2015-01-29 02:25:31.967172"
318,2013,,1,108728,odpt.PassengerSurvey:TokyoMetro.AkasakaMitsuke.2013,urn:ucode:_00001C000000000000010000030C451C,"2015-01-29 02:25:32.085175","2015-01-29 02:25:32.085175"
319,2013,,1,104738,odpt.PassengerSurvey:TokyoMetro.Ebisu.2013,urn:ucode:_00001C000000000000010000030C451D,"2015-01-29 02:25:32.242180","2015-01-29 02:25:32.242180"
320,2013,,1,103702,odpt.PassengerSurvey:TokyoMetro.Hatchobori.2013,urn:ucode:_00001C000000000000010000030C451E,"2015-01-29 02:25:32.396185","2015-01-29 02:25:32.396185"
321,2013,,1,101043,odpt.PassengerSurvey:TokyoMetro.ShinKiba.2013,urn:ucode:_00001C000000000000010000030C451F,"2015-01-29 02:25:32.528189","2015-01-29 02:25:32.528189"
322,2013,,1,100279,odpt.PassengerSurvey:TokyoMetro.Kasai.2013,urn:ucode:_00001C000000000000010000030C4520,"2015-01-29 02:25:32.682194","2015-01-29 02:25:32.682194"
323,2013,,1,100236,odpt.PassengerSurvey:TokyoMetro.Asakusa.2013,urn:ucode:_00001C000000000000010000030C4521,"2015-01-29 02:25:32.825198","2015-01-29 02:25:32.825198"
324,2013,,1,97780,odpt.PassengerSurvey:TokyoMetro.Hibiya.2013,urn:ucode:_00001C000000000000010000030C4522,"2015-01-29 02:25:32.968202","2015-01-29 02:25:32.968202"
325,2013,,1,97751,odpt.PassengerSurvey:TokyoMetro.NishiKasai.2013,urn:ucode:_00001C000000000000010000030C4523,"2015-01-29 02:25:33.111207","2015-01-29 02:25:33.111207"
326,2013,,1,97348,odpt.PassengerSurvey:TokyoMetro.Korakuen.2013,urn:ucode:_00001C000000000000010000030C4524,"2015-01-29 02:25:33.265211","2015-01-29 02:25:33.265211"
327,2013,,1,92782,odpt.PassengerSurvey:TokyoMetro.Kamiyacho.2013,urn:ucode:_00001C000000000000010000030C4525,"2015-01-29 02:25:33.408216","2015-01-29 02:25:33.408216"
328,2013,,1,92658,odpt.PassengerSurvey:TokyoMetro.Kinshicho.2013,urn:ucode:_00001C000000000000010000030C4526,"2015-01-29 02:25:33.541220","2015-01-29 02:25:33.541220"
329,2013,,1,90832,odpt.PassengerSurvey:TokyoMetro.ShinOchanomizu.2013,urn:ucode:_00001C000000000000010000030C4527,"2015-01-29 02:25:33.694224","2015-01-29 02:25:33.694224"
330,2013,,1,90767,odpt.PassengerSurvey:TokyoMetro.Jimbocho.2013,urn:ucode:_00001C000000000000010000030C4528,"2015-01-29 02:25:33.839229","2015-01-29 02:25:33.839229"
331,2013,,1,87858,odpt.PassengerSurvey:TokyoMetro.MeijiJingumae.2013,urn:ucode:_00001C000000000000010000030C4529,"2015-01-29 02:25:34.078236","2015-01-29 02:25:34.078236"
332,2013,,1,84206,odpt.PassengerSurvey:TokyoMetro.Akasaka.2013,urn:ucode:_00001C000000000000010000030C452A,"2015-01-29 02:25:34.257242","2015-01-29 02:25:34.257242"
333,2013,,1,81457,odpt.PassengerSurvey:TokyoMetro.HigashiGinza.2013,urn:ucode:_00001C000000000000010000030C452B,"2015-01-29 02:25:34.396246","2015-01-29 02:25:34.396246"
334,2013,,1,80457,odpt.PassengerSurvey:TokyoMetro.Hanzomon.2013,urn:ucode:_00001C000000000000010000030C452C,"2015-01-29 02:25:34.542250","2015-01-29 02:25:34.542250"
335,2013,,1,79015,odpt.PassengerSurvey:TokyoMetro.Ningyocho.2013,urn:ucode:_00001C000000000000010000030C452D,"2015-01-29 02:25:34.685255","2015-01-29 02:25:34.685255"
336,2013,,1,78484,odpt.PassengerSurvey:TokyoMetro.Ogikubo.2013,urn:ucode:_00001C000000000000010000030C452E,"2015-01-29 02:25:34.839259","2015-01-29 02:25:34.839259"
337,2013,,1,76969,odpt.PassengerSurvey:TokyoMetro.Gaiemmae.2013,urn:ucode:_00001C000000000000010000030C452F,"2015-01-29 02:25:34.993264","2015-01-29 02:25:34.993264"
338,2013,,1,76653,odpt.PassengerSurvey:TokyoMetro.Waseda.2013,urn:ucode:_00001C000000000000010000030C4530,"2015-01-29 02:25:35.158269","2015-01-29 02:25:35.158269"
339,2013,,1,75467,odpt.PassengerSurvey:TokyoMetro.Urayasu.2013,urn:ucode:_00001C000000000000010000030C4531,"2015-01-29 02:25:35.322274","2015-01-29 02:25:35.322274"
340,2013,,1,74904,odpt.PassengerSurvey:TokyoMetro.Kiba.2013,urn:ucode:_00001C000000000000010000030C4532,"2015-01-29 02:25:35.477279","2015-01-29 02:25:35.477279"
341,2013,,1,71727,odpt.PassengerSurvey:TokyoMetro.NishiShinjuku.2013,urn:ucode:_00001C000000000000010000030C4533,"2015-01-29 02:25:35.631283","2015-01-29 02:25:35.631283"
342,2013,,1,70890,odpt.PassengerSurvey:TokyoMetro.Myogadani.2013,urn:ucode:_00001C000000000000010000030C4534,"2015-01-29 02:25:35.786288","2015-01-29 02:25:35.786288"
343,2013,,1,70581,odpt.PassengerSurvey:TokyoMetro.Tsukiji.2013,urn:ucode:_00001C000000000000010000030C4535,"2015-01-29 02:25:35.983294","2015-01-29 02:25:35.983294"
344,2013,,1,69663,odpt.PassengerSurvey:TokyoMetro.Suitengumae.2013,urn:ucode:_00001C000000000000010000030C4536,"2015-01-29 02:25:36.127299","2015-01-29 02:25:36.127299"
345,2013,,1,69438,odpt.PassengerSurvey:TokyoMetro.NakanoSakaue.2013,urn:ucode:_00001C000000000000010000030C4537,"2015-01-29 02:25:36.270303","2015-01-29 02:25:36.270303"
346,2013,,1,65345,odpt.PassengerSurvey:TokyoMetro.Tsukishima.2013,urn:ucode:_00001C000000000000010000030C4538,"2015-01-29 02:25:36.412307","2015-01-29 02:25:36.412307"
347,2013,,1,63943,odpt.PassengerSurvey:TokyoMetro.Nagatacho.2013,urn:ucode:_00001C000000000000010000030C4539,"2015-01-29 02:25:36.556312","2015-01-29 02:25:36.556312"
348,2013,,1,61014,odpt.PassengerSurvey:TokyoMetro.MinamiSunamachi.2013,urn:ucode:_00001C000000000000010000030C453A,"2015-01-29 02:25:36.688316","2015-01-29 02:25:36.688316"
349,2013,,1,58149,odpt.PassengerSurvey:TokyoMetro.Kojimachi.2013,urn:ucode:_00001C000000000000010000030C453B,"2015-01-29 02:25:36.831320","2015-01-29 02:25:36.831320"
350,2013,,1,57947,odpt.PassengerSurvey:TokyoMetro.HiroO.2013,urn:ucode:_00001C000000000000010000030C453C,"2015-01-29 02:25:36.974324","2015-01-29 02:25:36.974324"
351,2013,,1,57159,odpt.PassengerSurvey:TokyoMetro.Oji.2013,urn:ucode:_00001C000000000000010000030C453D,"2015-01-29 02:25:37.128329","2015-01-29 02:25:37.128329"
352,2013,,1,56852,odpt.PassengerSurvey:TokyoMetro.Machiya.2013,urn:ucode:_00001C000000000000010000030C453E,"2015-01-29 02:25:37.271334","2015-01-29 02:25:37.271334"
353,2013,,1,55529,odpt.PassengerSurvey:TokyoMetro.Ochanomizu.2013,urn:ucode:_00001C000000000000010000030C453F,"2015-01-29 02:25:37.414338","2015-01-29 02:25:37.414338"
354,2013,,1,54539,odpt.PassengerSurvey:TokyoMetro.Gyotoku.2013,urn:ucode:_00001C000000000000010000030C4540,"2015-01-29 02:25:37.558342","2015-01-29 02:25:37.558342"
355,2013,,1,54200,odpt.PassengerSurvey:TokyoMetro.RoppongiItchome.2013,urn:ucode:_00001C000000000000010000030C4541,"2015-01-29 02:25:37.689346","2015-01-29 02:25:37.689346"
356,2013,,1,54016,odpt.PassengerSurvey:TokyoMetro.Awajicho.2013,urn:ucode:_00001C000000000000010000030C4542,"2015-01-29 02:25:37.833351","2015-01-29 02:25:37.833351"
357,2013,,1,52612,odpt.PassengerSurvey:TokyoMetro.Kanda.2013,urn:ucode:_00001C000000000000010000030C4543,"2015-01-29 02:25:37.986355","2015-01-29 02:25:37.986355"
358,2013,,1,50515,odpt.PassengerSurvey:TokyoMetro.Edogawabashi.2013,urn:ucode:_00001C000000000000010000030C4544,"2015-01-29 02:25:38.119359","2015-01-29 02:25:38.119359"
359,2013,,1,50454,odpt.PassengerSurvey:TokyoMetro.HongoSanchome.2013,urn:ucode:_00001C000000000000010000030C4545,"2015-01-29 02:25:38.273364","2015-01-29 02:25:38.273364"
360,2013,,1,50234,odpt.PassengerSurvey:TokyoMetro.Takebashi.2013,urn:ucode:_00001C000000000000010000030C4546,"2015-01-29 02:25:38.405368","2015-01-29 02:25:38.405368"
361,2013,,1,50200,odpt.PassengerSurvey:TokyoMetro.MinamiGyotoku.2013,urn:ucode:_00001C000000000000010000030C4547,"2015-01-29 02:25:38.538372","2015-01-29 02:25:38.538372"
362,2013,,1,48020,odpt.PassengerSurvey:TokyoMetro.Sumiyoshi.2013,urn:ucode:_00001C000000000000010000030C4548,"2015-01-29 02:25:38.680376","2015-01-29 02:25:38.680376"
363,2013,,1,47920,odpt.PassengerSurvey:TokyoMetro.Kyobashi.2013,urn:ucode:_00001C000000000000010000030C4549,"2015-01-29 02:25:38.812381","2015-01-29 02:25:38.812381"
364,2013,,1,47653,odpt.PassengerSurvey:TokyoMetro.ChikatetsuNarimasu.2013,urn:ucode:_00001C000000000000010000030C454A,"2015-01-29 02:25:38.955385","2015-01-29 02:25:38.955385"
365,2013,,1,47192,odpt.PassengerSurvey:TokyoMetro.KiyosumiShirakawa.2013,urn:ucode:_00001C000000000000010000030C454B,"2015-01-29 02:25:39.098389","2015-01-29 02:25:39.098389"
366,2013,,1,46793,odpt.PassengerSurvey:TokyoMetro.Myoden.2013,urn:ucode:_00001C000000000000010000030C454C,"2015-01-29 02:25:39.241394","2015-01-29 02:25:39.241394"
367,2013,,1,45151,odpt.PassengerSurvey:TokyoMetro.ShinjukuGyoemmae.2013,urn:ucode:_00001C000000000000010000030C454D,"2015-01-29 02:25:39.384398","2015-01-29 02:25:39.384398"
368,2013,,1,44831,odpt.PassengerSurvey:TokyoMetro.AzabuJuban.2013,urn:ucode:_00001C000000000000010000030C454E,"2015-01-29 02:25:39.516402","2015-01-29 02:25:39.516402"
369,2013,,1,42699,odpt.PassengerSurvey:TokyoMetro.YotsuyaSanchome.2013,urn:ucode:_00001C000000000000010000030C454F,"2015-01-29 02:25:39.664407","2015-01-29 02:25:39.664407"
370,2013,,1,42076,odpt.PassengerSurvey:TokyoMetro.NakaOkachimachi.2013,urn:ucode:_00001C000000000000010000030C4550,"2015-01-29 02:25:39.803411","2015-01-29 02:25:39.803411"
371,2013,,1,39948,odpt.PassengerSurvey:TokyoMetro.Heiwadai.2013,urn:ucode:_00001C000000000000010000030C4551,"2015-01-29 02:25:39.968416","2015-01-29 02:25:39.968416"
372,2013,,1,38623,odpt.PassengerSurvey:TokyoMetro.Shintomicho.2013,urn:ucode:_00001C000000000000010000030C4552,"2015-01-29 02:25:40.108420","2015-01-29 02:25:40.108420"
373,2013,,1,38264,odpt.PassengerSurvey:TokyoMetro.Nogizaka.2013,urn:ucode:_00001C000000000000010000030C4553,"2015-01-29 02:25:40.256425","2015-01-29 02:25:40.256425"
374,2013,,1,38208,odpt.PassengerSurvey:TokyoMetro.Kodemmacho.2013,urn:ucode:_00001C000000000000010000030C4554,"2015-01-29 02:25:40.430430","2015-01-29 02:25:40.430430"
375,2013,,1,38196,odpt.PassengerSurvey:TokyoMetro.Kagurazaka.2013,urn:ucode:_00001C000000000000010000030C4555,"2015-01-29 02:25:40.585435","2015-01-29 02:25:40.585435"
376,2013,,1,37859,odpt.PassengerSurvey:TokyoMetro.Gokokuji.2013,urn:ucode:_00001C000000000000010000030C4556,"2015-01-29 02:25:40.738439","2015-01-29 02:25:40.738439"
377,2013,,1,37695,odpt.PassengerSurvey:TokyoMetro.Hikawadai.2013,urn:ucode:_00001C000000000000010000030C4557,"2015-01-29 02:25:40.881444","2015-01-29 02:25:40.881444"
378,2013,,1,36907,odpt.PassengerSurvey:TokyoMetro.Kanamecho.2013,urn:ucode:_00001C000000000000010000030C4558,"2015-01-29 02:25:41.024448","2015-01-29 02:25:41.024448"
379,2013,,1,36707,odpt.PassengerSurvey:TokyoMetro.Komagome.2013,urn:ucode:_00001C000000000000010000030C4559,"2015-01-29 02:25:41.167452","2015-01-29 02:25:41.167452"
380,2013,,1,36472,odpt.PassengerSurvey:TokyoMetro.Minowa.2013,urn:ucode:_00001C000000000000010000030C455A,"2015-01-29 02:25:41.321457","2015-01-29 02:25:41.321457"
381,2013,,1,36323,odpt.PassengerSurvey:TokyoMetro.HigashiIkebukuro.2013,urn:ucode:_00001C000000000000010000030C455B,"2015-01-29 02:25:41.475462","2015-01-29 02:25:41.475462"
382,2013,,1,35555,odpt.PassengerSurvey:TokyoMetro.Senkawa.2013,urn:ucode:_00001C000000000000010000030C455C,"2015-01-29 02:25:41.618466","2015-01-29 02:25:41.618466"
383,2013,,1,34742,odpt.PassengerSurvey:TokyoMetro.ShinKoenji.2013,urn:ucode:_00001C000000000000010000030C455D,"2015-01-29 02:25:41.772471","2015-01-29 02:25:41.772471"
384,2013,,1,34332,odpt.PassengerSurvey:TokyoMetro.GinzaItchome.2013,urn:ucode:_00001C000000000000010000030C455E,"2015-01-29 02:25:41.960477","2015-01-29 02:25:41.960477"
385,2013,,1,33666,odpt.PassengerSurvey:TokyoMetro.OjiKamiya.2013,urn:ucode:_00001C000000000000010000030C455F,"2015-01-29 02:25:42.078480","2015-01-29 02:25:42.078480"
386,2013,,1,33652,odpt.PassengerSurvey:TokyoMetro.ChikatetsuAkatsuka.2013,urn:ucode:_00001C000000000000010000030C4560,"2015-01-29 02:25:42.224485","2015-01-29 02:25:42.224485"
387,2013,,1,33335,odpt.PassengerSurvey:TokyoMetro.Honancho.2013,urn:ucode:_00001C000000000000010000030C4561,"2015-01-29 02:25:42.367489","2015-01-29 02:25:42.367489"
388,2013,,1,33259,odpt.PassengerSurvey:TokyoMetro.Nijubashimae.2013,urn:ucode:_00001C000000000000010000030C4562,"2015-01-29 02:25:42.521494","2015-01-29 02:25:42.521494"
389,2013,,1,33213,odpt.PassengerSurvey:TokyoMetro.HigashiKoenji.2013,urn:ucode:_00001C000000000000010000030C4563,"2015-01-29 02:25:42.664498","2015-01-29 02:25:42.664498"
390,2013,,1,32807,odpt.PassengerSurvey:TokyoMetro.Yushima.2013,urn:ucode:_00001C000000000000010000030C4564,"2015-01-29 02:25:42.818503","2015-01-29 02:25:42.818503"
391,2013,,1,32577,odpt.PassengerSurvey:TokyoMetro.ShinNakano.2013,urn:ucode:_00001C000000000000010000030C4565,"2015-01-29 02:25:42.961507","2015-01-29 02:25:42.961507"
392,2013,,1,32380,odpt.PassengerSurvey:TokyoMetro.NishiWaseda.2013,urn:ucode:_00001C000000000000010000030C4566,"2015-01-29 02:25:43.104511","2015-01-29 02:25:43.104511"
393,2013,,1,29764,odpt.PassengerSurvey:TokyoMetro.HigashiShinjuku.2013,urn:ucode:_00001C000000000000010000030C4567,"2015-01-29 02:25:43.258516","2015-01-29 02:25:43.258516"
394,2013,,1,29029,odpt.PassengerSurvey:TokyoMetro.Iriya.2013,urn:ucode:_00001C000000000000010000030C4568,"2015-01-29 02:25:43.402521","2015-01-29 02:25:43.402521"
395,2013,,1,28865,odpt.PassengerSurvey:TokyoMetro.Tawaramachi.2013,urn:ucode:_00001C000000000000010000030C4569,"2015-01-29 02:25:43.541525","2015-01-29 02:25:43.541525"
396,2013,,1,27368,odpt.PassengerSurvey:TokyoMetro.Tatsumi.2013,urn:ucode:_00001C000000000000010000030C456A,"2015-01-29 02:25:43.687529","2015-01-29 02:25:43.687529"
397,2013,,1,27173,odpt.PassengerSurvey:TokyoMetro.MinamiSenju.2013,urn:ucode:_00001C000000000000010000030C456B,"2015-01-29 02:25:43.842534","2015-01-29 02:25:43.842534"
398,2013,,1,27134,odpt.PassengerSurvey:TokyoMetro.Todaimae.2013,urn:ucode:_00001C000000000000010000030C456C,"2015-01-29 02:25:44.018539","2015-01-29 02:25:44.018539"
399,2013,,1,26133,odpt.PassengerSurvey:TokyoMetro.Nezu.2013,urn:ucode:_00001C000000000000010000030C456D,"2015-01-29 02:25:44.150543","2015-01-29 02:25:44.150543"
400,2013,,1,25880,odpt.PassengerSurvey:TokyoMetro.KitaAyase.2013,urn:ucode:_00001C000000000000010000030C456E,"2015-01-29 02:25:44.304548","2015-01-29 02:25:44.304548"
401,2013,,1,25840,odpt.PassengerSurvey:TokyoMetro.Sendagi.2013,urn:ucode:_00001C000000000000010000030C456F,"2015-01-29 02:25:44.458553","2015-01-29 02:25:44.458553"
402,2013,,1,25019,odpt.PassengerSurvey:TokyoMetro.BarakiNakayama.2013,urn:ucode:_00001C000000000000010000030C4570,"2015-01-29 02:25:44.612557","2015-01-29 02:25:44.612557"
403,2013,,1,24035,odpt.PassengerSurvey:TokyoMetro.Ochiai.2013,urn:ucode:_00001C000000000000010000030C4571,"2015-01-29 02:25:44.755562","2015-01-29 02:25:44.755562"
404,2013,,1,23581,odpt.PassengerSurvey:TokyoMetro.YoyogiKoen.2013,urn:ucode:_00001C000000000000010000030C4572,"2015-01-29 02:25:44.920567","2015-01-29 02:25:44.920567"
405,2013,,1,23491,odpt.PassengerSurvey:TokyoMetro.MinamiAsagaya.2013,urn:ucode:_00001C000000000000010000030C4573,"2015-01-29 02:25:45.071571","2015-01-29 02:25:45.071571"
406,2013,,1,23129,odpt.PassengerSurvey:TokyoMetro.ShinOtsuka.2013,urn:ucode:_00001C000000000000010000030C4574,"2015-01-29 02:25:45.217576","2015-01-29 02:25:45.217576"
407,2013,,1,22438,odpt.PassengerSurvey:TokyoMetro.UenoHirokoji.2013,urn:ucode:_00001C000000000000010000030C4575,"2015-01-29 02:25:45.382581","2015-01-29 02:25:45.382581"
408,2013,,1,21291,odpt.PassengerSurvey:TokyoMetro.Suehirocho.2013,urn:ucode:_00001C000000000000010000030C4576,"2015-01-29 02:25:45.536586","2015-01-29 02:25:45.536586"
409,2013,,1,20755,odpt.PassengerSurvey:TokyoMetro.HonKomagome.2013,urn:ucode:_00001C000000000000010000030C4577,"2015-01-29 02:25:45.701591","2015-01-29 02:25:45.701591"
410,2013,,1,18915,odpt.PassengerSurvey:TokyoMetro.NakanoShimbashi.2013,urn:ucode:_00001C000000000000010000030C4578,"2015-01-29 02:25:45.989599","2015-01-29 02:25:45.989599"
411,2013,,1,18327,odpt.PassengerSurvey:TokyoMetro.KitaSando.2013,urn:ucode:_00001C000000000000010000030C4579,"2015-01-29 02:25:46.186605","2015-01-29 02:25:46.186605"
412,2013,,1,18285,odpt.PassengerSurvey:TokyoMetro.NakanoFujimicho.2013,urn:ucode:_00001C000000000000010000030C457A,"2015-01-29 02:25:46.340610","2015-01-29 02:25:46.340610"
413,2013,,1,15873,odpt.PassengerSurvey:TokyoMetro.Zoshigaya.2013,urn:ucode:_00001C000000000000010000030C457B,"2015-01-29 02:25:46.494615","2015-01-29 02:25:46.494615"
414,2013,,1,14831,odpt.PassengerSurvey:TokyoMetro.Inaricho.2013,urn:ucode:_00001C000000000000010000030C457C,"2015-01-29 02:25:46.659620","2015-01-29 02:25:46.659620"
415,2013,,1,13566,odpt.PassengerSurvey:TokyoMetro.Sakuradamon.2013,urn:ucode:_00001C000000000000010000030C457D,"2015-01-29 02:25:46.813625","2015-01-29 02:25:46.813625"
416,2013,,1,10859,odpt.PassengerSurvey:TokyoMetro.Shimo.2013,urn:ucode:_00001C000000000000010000030C457E,"2015-01-29 02:25:46.967629","2015-01-29 02:25:46.967629"
417,2013,,1,7005,odpt.PassengerSurvey:TokyoMetro.Nishigahara.2013,urn:ucode:_00001C000000000000010000030C457F,"2015-01-29 02:25:47.122634","2015-01-29 02:25:47.122634"
418,2013,,1,435564,odpt.PassengerSurvey:TokyoMetro.Ayase.2013,urn:ucode:_00001C000000000000010000030C4580,"2015-01-29 02:25:47.265638","2015-01-29 02:25:47.265638"
419,2013,,1,279770,odpt.PassengerSurvey:TokyoMetro.NishiFunabashi.2013,urn:ucode:_00001C000000000000010000030C4581,"2015-01-29 02:25:47.418643","2015-01-29 02:25:47.418643"
420,2013,,1,246749,odpt.PassengerSurvey:TokyoMetro.YoyogiUehara.2013,urn:ucode:_00001C000000000000010000030C4582,"2015-01-29 02:25:47.573648","2015-01-29 02:25:47.573648"
421,2013,,1,209158,odpt.PassengerSurvey:TokyoMetro.NakaMeguro.2013,urn:ucode:_00001C000000000000010000030C4583,"2015-01-29 02:25:47.726652","2015-01-29 02:25:47.726652"
422,2013,,1,169056,odpt.PassengerSurvey:TokyoMetro.Wakoshi.2013,urn:ucode:_00001C000000000000010000030C4584,"2015-01-29 02:25:47.958659","2015-01-29 02:25:47.958659"
423,2013,,1,154779,odpt.PassengerSurvey:TokyoMetro.KotakeMukaihara.2013,urn:ucode:_00001C000000000000010000030C4585,"2015-01-29 02:25:48.081663","2015-01-29 02:25:48.081663"
424,2013,,1,147642,odpt.PassengerSurvey:TokyoMetro.Oshiage.2013,urn:ucode:_00001C000000000000010000030C4586,"2015-01-29 02:25:48.222668","2015-01-29 02:25:48.222668"
425,2013,,1,143802,odpt.PassengerSurvey:TokyoMetro.Nakano.2013,urn:ucode:_00001C000000000000010000030C4587,"2015-01-29 02:25:48.354672","2015-01-29 02:25:48.354672"
426,2013,,1,102998,odpt.PassengerSurvey:TokyoMetro.Meguro.2013,urn:ucode:_00001C000000000000010000030C4588,"2015-01-29 02:25:48.486676","2015-01-29 02:25:48.486676"
427,2013,,1,78880,odpt.PassengerSurvey:TokyoMetro.AkabaneIwabuchi.2013,urn:ucode:_00001C000000000000010000030C4589,"2015-01-29 02:25:48.618680","2015-01-29 02:25:48.618680"
428,2013,,1,39270,odpt.PassengerSurvey:TokyoMetro.ShirokaneTakanawa.2013,urn:ucode:_00001C000000000000010000030C458A,"2015-01-29 02:25:48.772684","2015-01-29 02:25:48.772684"
429,2013,,1,16426,odpt.PassengerSurvey:TokyoMetro.Shirokanedai.2013,urn:ucode:_00001C000000000000010000030C458B,"2015-01-29 02:25:48.904688","2015-01-29 02:25:48.904688"