1,odpt.StationFacility:TokyoMetro.AkabaneIwabuchi,urn:ucode:_00001C000000000000010000030C47F2,"2014-11-11 10:06:12.000000","2015-01-29 02:06:32.784428","2015-01-29 02:06:32.784428"
2,odpt.StationFacility:TokyoMetro.Akasaka,urn:ucode:_00001C000000000000010000030C47BE,"2014-11-11 10:06:12.000000","2015-01-29 02:06:32.898431","2015-01-29 02:06:32.898431"
3,odpt.StationFacility:TokyoMetro.AkasakaMitsuke,urn:ucode:_00001C000000000000010000030C476E,"2014-11-11 10:06:12.000000","2015-01-29 02:06:33.040436","2015-01-29 02:06:33.040436"
4,odpt.StationFacility:TokyoMetro.Akihabara,urn:ucode:_00001C000000000000010000030C47A1,"2014-11-11 10:06:12.000000","2015-01-29 02:06:33.172440","2015-01-29 02:06:33.172440"
5,odpt.StationFacility:TokyoMetro.AoyamaItchome,urn:ucode:_00001C000000000000010000030C476D,"2014-11-11 10:06:12.000000","2015-01-29 02:06:33.293443","2015-01-29 02:06:33.293443"
6,odpt.StationFacility:TokyoMetro.Asakusa,urn:ucode:_00001C000000000000010000030C477B,"2014-11-11 10:06:12.000000","2015-01-29 02:06:33.414447","2015-01-29 02:06:33.414447"
7,odpt.StationFacility:TokyoMetro.Awajicho,urn:ucode:_00001C000000000000010000030C478E,"2014-11-11 10:06:12.000000","2015-01-29 02:06:33.562451","2015-01-29 02:06:33.562451"
8,odpt.StationFacility:TokyoMetro.Ayase,urn:ucode:_00001C000000000000010000030C47C6,"2014-11-11 10:06:12.000000","2015-01-29 02:06:33.692455","2015-01-29 02:06:33.692455"
9,odpt.StationFacility:TokyoMetro.AzabuJuban,urn:ucode:_00001C000000000000010000030C47E9,"2014-11-11 10:06:12.000000","2015-01-29 02:06:33.803459","2015-01-29 02:06:33.803459"
10,odpt.StationFacility:TokyoMetro.BarakiNakayama,urn:ucode:_00001C000000000000010000030C47B8,"2014-11-11 10:06:12.000000","2015-01-29 02:06:33.935463","2015-01-29 02:06:33.935463"
11,odpt.StationFacility:TokyoMetro.ChikatetsuAkatsuka,urn:ucode:_00001C000000000000010000030C47CA,"2014-11-11 10:06:12.000000","2015-01-29 02:06:34.045466","2015-01-29 02:06:34.045466"
12,odpt.StationFacility:TokyoMetro.ChikatetsuNarimasu,urn:ucode:_00001C000000000000010000030C47C9,"2014-11-11 10:06:12.000000","2015-01-29 02:06:34.188471","2015-01-29 02:06:34.188471"
13,odpt.StationFacility:TokyoMetro.Ebisu,urn:ucode:_00001C000000000000010000030C4797,"2014-11-11 10:06:12.000000","2015-01-29 02:06:34.320475","2015-01-29 02:06:34.320475"
14,odpt.StationFacility:TokyoMetro.Edogawabashi,urn:ucode:_00001C000000000000010000030C47D2,"2014-11-11 10:06:12.000000","2015-01-29 02:06:34.432478","2015-01-29 02:06:34.432478"
15,odpt.StationFacility:TokyoMetro.Gaiemmae,urn:ucode:_00001C000000000000010000030C476C,"2014-11-11 10:06:12.000000","2015-01-29 02:06:34.540481","2015-01-29 02:06:34.540481"
16,odpt.StationFacility:TokyoMetro.Ginza,urn:ucode:_00001C000000000000010000030C4771,"2014-11-11 10:06:12.000000","2015-01-29 02:06:34.662485","2015-01-29 02:06:34.662485"
17,odpt.StationFacility:TokyoMetro.GinzaItchome,urn:ucode:_00001C000000000000010000030C47D9,"2014-11-11 10:06:12.000000","2015-01-29 02:06:34.795489","2015-01-29 02:06:34.795489"
18,odpt.StationFacility:TokyoMetro.Gokokuji,urn:ucode:_00001C000000000000010000030C47D1,"2014-11-11 10:06:12.000000","2015-01-29 02:06:35.015496","2015-01-29 02:06:35.015496"
19,odpt.StationFacility:TokyoMetro.Gyotoku,urn:ucode:_00001C000000000000010000030C47B6,"2014-11-11 10:06:12.000000","2015-01-29 02:06:35.229502","2015-01-29 02:06:35.229502"
20,odpt.StationFacility:TokyoMetro.Hanzomon,urn:ucode:_00001C000000000000010000030C47DF,"2014-11-11 10:06:12.000000","2015-01-29 02:06:35.343506","2015-01-29 02:06:35.343506"
21,odpt.StationFacility:TokyoMetro.Hatchobori,urn:ucode:_00001C000000000000010000030C479D,"2014-11-11 10:06:12.000000","2015-01-29 02:06:35.464509","2015-01-29 02:06:35.464509"
22,odpt.StationFacility:TokyoMetro.Heiwadai,urn:ucode:_00001C000000000000010000030C47CB,"2014-11-11 10:06:12.000000","2015-01-29 02:06:35.596513","2015-01-29 02:06:35.596513"
23,odpt.StationFacility:TokyoMetro.Hibiya,urn:ucode:_00001C000000000000010000030C479A,"2014-11-11 10:06:12.000000","2015-01-29 02:06:35.717517","2015-01-29 02:06:35.717517"
24,odpt.StationFacility:TokyoMetro.HigashiGinza,urn:ucode:_00001C000000000000010000030C479B,"2014-11-11 10:06:12.000000","2015-01-29 02:06:35.851521","2015-01-29 02:06:35.851521"
25,odpt.StationFacility:TokyoMetro.HigashiIkebukuro,urn:ucode:_00001C000000000000010000030C47D0,"2014-11-11 10:06:12.000000","2015-01-29 02:06:36.015526","2015-01-29 02:06:36.015526"
26,odpt.StationFacility:TokyoMetro.HigashiKoenji,urn:ucode:_00001C000000000000010000030C4781,"2014-11-11 10:06:12.000000","2015-01-29 02:06:36.136530","2015-01-29 02:06:36.136530"
27,odpt.StationFacility:TokyoMetro.HigashiShinjuku,urn:ucode:_00001C000000000000010000030C47F5,"2014-11-11 10:06:12.000000","2015-01-29 02:06:36.279534","2015-01-29 02:06:36.279534"
28,odpt.StationFacility:TokyoMetro.Hikawadai,urn:ucode:_00001C000000000000010000030C47CC,"2014-11-11 10:06:12.000000","2015-01-29 02:06:36.400538","2015-01-29 02:06:36.400538"
29,odpt.StationFacility:TokyoMetro.HiroO,urn:ucode:_00001C000000000000010000030C4791,"2014-11-11 10:06:12.000000","2015-01-29 02:06:36.521542","2015-01-29 02:06:36.521542"
30,odpt.StationFacility:TokyoMetro.Honancho,urn:ucode:_00001C000000000000010000030C4769,"2014-11-11 10:06:11.000000","2015-01-29 02:06:36.642545","2015-01-29 02:06:36.642545"
31,odpt.StationFacility:TokyoMetro.HongoSanchome,urn:ucode:_00001C000000000000010000030C4790,"2014-11-11 10:06:12.000000","2015-01-29 02:06:36.763549","2015-01-29 02:06:36.763549"
32,odpt.StationFacility:TokyoMetro.HonKomagome,urn:ucode:_00001C000000000000010000030C47EC,"2014-11-11 10:06:12.000000","2015-01-29 02:06:36.895553","2015-01-29 02:06:36.895553"
33,odpt.StationFacility:TokyoMetro.Ichigaya,urn:ucode:_00001C000000000000010000030C47D4,"2014-11-11 10:06:12.000000","2015-01-29 02:06:37.027557","2015-01-29 02:06:37.027557"
34,odpt.StationFacility:TokyoMetro.Iidabashi,urn:ucode:_00001C000000000000010000030C47D3,"2014-11-11 10:06:12.000000","2015-01-29 02:06:37.160561","2015-01-29 02:06:37.160561"
35,odpt.StationFacility:TokyoMetro.Ikebukuro,urn:ucode:_00001C000000000000010000030C4795,"2014-11-11 10:06:12.000000","2015-01-29 02:06:37.291565","2015-01-29 02:06:37.291565"
36,odpt.StationFacility:TokyoMetro.Inaricho,urn:ucode:_00001C000000000000010000030C4779,"2014-11-11 10:06:12.000000","2015-01-29 02:06:37.423569","2015-01-29 02:06:37.423569"
37,odpt.StationFacility:TokyoMetro.Iriya,urn:ucode:_00001C000000000000010000030C47A3,"2014-11-11 10:06:12.000000","2015-01-29 02:06:37.566574","2015-01-29 02:06:37.566574"
38,odpt.StationFacility:TokyoMetro.Jimbocho,urn:ucode:_00001C000000000000010000030C47E0,"2014-11-11 10:06:12.000000","2015-01-29 02:06:37.699578","2015-01-29 02:06:37.699578"
39,odpt.StationFacility:TokyoMetro.Kagurazaka,urn:ucode:_00001C000000000000010000030C47AB,"2014-11-11 10:06:12.000000","2015-01-29 02:06:37.892584","2015-01-29 02:06:37.892584"
40,odpt.StationFacility:TokyoMetro.Kamiyacho,urn:ucode:_00001C000000000000010000030C4799,"2014-11-11 10:06:12.000000","2015-01-29 02:06:38.040588","2015-01-29 02:06:38.040588"
41,odpt.StationFacility:TokyoMetro.Kanamecho,urn:ucode:_00001C000000000000010000030C47CF,"2014-11-11 10:06:12.000000","2015-01-29 02:06:38.183592","2015-01-29 02:06:38.183592"
42,odpt.StationFacility:TokyoMetro.Kanda,urn:ucode:_00001C000000000000010000030C4775,"2014-11-11 10:06:11.000000","2015-01-29 02:06:38.334597","2015-01-29 02:06:38.334597"
43,odpt.StationFacility:TokyoMetro.Kasai,urn:ucode:_00001C000000000000010000030C47B3,"2014-11-11 10:06:12.000000","2015-01-29 02:06:38.469601","2015-01-29 02:06:38.469601"
44,odpt.StationFacility:TokyoMetro.Kasumigaseki,urn:ucode:_00001C000000000000010000030C478B,"2014-11-11 10:06:12.000000","2015-01-29 02:06:38.604605","2015-01-29 02:06:38.604605"
45,odpt.StationFacility:TokyoMetro.Kayabacho,urn:ucode:_00001C000000000000010000030C479E,"2014-11-11 10:06:12.000000","2015-01-29 02:06:38.733609","2015-01-29 02:06:38.733609"
46,odpt.StationFacility:TokyoMetro.Kiba,urn:ucode:_00001C000000000000010000030C47AF,"2014-11-11 10:06:12.000000","2015-01-29 02:06:38.876614","2015-01-29 02:06:38.876614"
47,odpt.StationFacility:TokyoMetro.Kinshicho,urn:ucode:_00001C000000000000010000030C47E4,"2014-11-11 10:06:12.000000","2015-01-29 02:06:39.008618","2015-01-29 02:06:39.008618"
48,odpt.StationFacility:TokyoMetro.KitaAyase,urn:ucode:_00001C000000000000010000030C47C7,"2014-11-11 10:06:12.000000","2015-01-29 02:06:39.140622","2015-01-29 02:06:39.140622"
49,odpt.StationFacility:TokyoMetro.KitaSando,urn:ucode:_00001C000000000000010000030C47F6,"2014-11-11 10:06:12.000000","2015-01-29 02:06:39.275626","2015-01-29 02:06:39.275626"
50,odpt.StationFacility:TokyoMetro.KitaSenju,urn:ucode:_00001C000000000000010000030C47A6,"2014-11-11 10:06:12.000000","2015-01-29 02:06:39.406630","2015-01-29 02:06:39.406630"
51,odpt.StationFacility:TokyoMetro.KiyosumiShirakawa,urn:ucode:_00001C000000000000010000030C47E2,"2014-11-11 10:06:12.000000","2015-01-29 02:06:39.515633","2015-01-29 02:06:39.515633"
52,odpt.StationFacility:TokyoMetro.Kodemmacho,urn:ucode:_00001C000000000000010000030C47A0,"2014-11-11 10:06:12.000000","2015-01-29 02:06:39.647637","2015-01-29 02:06:39.647637"
53,odpt.StationFacility:TokyoMetro.Kojimachi,urn:ucode:_00001C000000000000010000030C47D5,"2014-11-11 10:06:12.000000","2015-01-29 02:06:39.767641","2015-01-29 02:06:39.767641"
54,odpt.StationFacility:TokyoMetro.KokkaiGijidomae,urn:ucode:_00001C000000000000010000030C478A,"2014-11-11 10:06:12.000000","2015-01-29 02:06:39.906645","2015-01-29 02:06:39.906645"
55,odpt.StationFacility:TokyoMetro.Komagome,urn:ucode:_00001C000000000000010000030C47ED,"2014-11-11 10:06:12.000000","2015-01-29 02:06:40.033649","2015-01-29 02:06:40.033649"
56,odpt.StationFacility:TokyoMetro.Korakuen,urn:ucode:_00001C000000000000010000030C4792,"2014-11-11 10:06:12.000000","2015-01-29 02:06:40.142652","2015-01-29 02:06:40.142652"
57,odpt.StationFacility:TokyoMetro.KotakeMukaihara,urn:ucode:_00001C000000000000010000030C47CD,"2014-11-11 10:06:12.000000","2015-01-29 02:06:40.274656","2015-01-29 02:06:40.274656"
58,odpt.StationFacility:TokyoMetro.Kudanshita,urn:ucode:_00001C000000000000010000030C47AC,"2014-11-11 10:06:12.000000","2015-01-29 02:06:40.384660","2015-01-29 02:06:40.384660"
59,odpt.StationFacility:TokyoMetro.Kyobashi,urn:ucode:_00001C000000000000010000030C4772,"2014-11-11 10:06:12.000000","2015-01-29 02:06:40.505663","2015-01-29 02:06:40.505663"
60,odpt.StationFacility:TokyoMetro.Machiya,urn:ucode:_00001C000000000000010000030C47C5,"2014-11-11 10:06:12.000000","2015-01-29 02:06:40.637667","2015-01-29 02:06:40.637667"
61,odpt.StationFacility:TokyoMetro.Meguro,urn:ucode:_00001C000000000000010000030C47E6,"2014-11-11 10:06:12.000000","2015-01-29 02:06:40.769671","2015-01-29 02:06:40.769671"
62,odpt.StationFacility:TokyoMetro.MeijiJingumae,urn:ucode:_00001C000000000000010000030C47BC,"2014-11-11 10:06:12.000000","2015-01-29 02:06:40.918676","2015-01-29 02:06:40.918676"
63,odpt.StationFacility:TokyoMetro.MinamiAsagaya,urn:ucode:_00001C000000000000010000030C477F,"2014-11-11 10:06:12.000000","2015-01-29 02:06:41.132682","2015-01-29 02:06:41.132682"
64,odpt.StationFacility:TokyoMetro.MinamiGyotoku,urn:ucode:_00001C000000000000010000030C47B5,"2014-11-11 10:06:12.000000","2015-01-29 02:06:41.254686","2015-01-29 02:06:41.254686"
65,odpt.StationFacility:TokyoMetro.MinamiSenju,urn:ucode:_00001C000000000000010000030C47A5,"2014-11-11 10:06:12.000000","2015-01-29 02:06:41.385690","2015-01-29 02:06:41.385690"
66,odpt.StationFacility:TokyoMetro.MinamiSunamachi,urn:ucode:_00001C000000000000010000030C47B1,"2014-11-11 10:06:12.000000","2015-01-29 02:06:41.517694","2015-01-29 02:06:41.517694"
67,odpt.StationFacility:TokyoMetro.Minowa,urn:ucode:_00001C000000000000010000030C47A4,"2014-11-11 10:06:12.000000","2015-01-29 02:06:41.661698","2015-01-29 02:06:41.661698"
68,odpt.StationFacility:TokyoMetro.Mitsukoshimae,urn:ucode:_00001C000000000000010000030C4774,"2014-11-11 10:06:12.000000","2015-01-29 02:06:41.813703","2015-01-29 02:06:41.813703"
69,odpt.StationFacility:TokyoMetro.MonzenNakacho,urn:ucode:_00001C000000000000010000030C47AE,"2014-11-11 10:06:12.000000","2015-01-29 02:06:42.035710","2015-01-29 02:06:42.035710"
70,odpt.StationFacility:TokyoMetro.Myoden,urn:ucode:_00001C000000000000010000030C47B7,"2014-11-11 10:06:12.000000","2015-01-29 02:06:42.178714","2015-01-29 02:06:42.178714"
71,odpt.StationFacility:TokyoMetro.Myogadani,urn:ucode:_00001C000000000000010000030C4793,"2014-11-11 10:06:12.000000","2015-01-29 02:06:42.310718","2015-01-29 02:06:42.310718"
72,odpt.StationFacility:TokyoMetro.Nagatacho,urn:ucode:_00001C000000000000010000030C47D6,"2014-11-11 10:06:12.000000","2015-01-29 02:06:42.464723","2015-01-29 02:06:42.464723"
73,odpt.StationFacility:TokyoMetro.NakaMeguro,urn:ucode:_00001C000000000000010000030C4796,"2014-11-11 10:06:12.000000","2015-01-29 02:06:42.596727","2015-01-29 02:06:42.596727"
74,odpt.StationFacility:TokyoMetro.Nakano,urn:ucode:_00001C000000000000010000030C47A7,"2014-11-11 10:06:12.000000","2015-01-29 02:06:42.750732","2015-01-29 02:06:42.750732"
75,odpt.StationFacility:TokyoMetro.NakanoFujimicho,urn:ucode:_00001C000000000000010000030C477C,"2014-11-11 10:06:12.000000","2015-01-29 02:06:42.883736","2015-01-29 02:06:42.883736"
76,odpt.StationFacility:TokyoMetro.NakanoSakaue,urn:ucode:_00001C000000000000010000030C4783,"2014-11-11 10:06:12.000000","2015-01-29 02:06:43.014740","2015-01-29 02:06:43.014740"
77,odpt.StationFacility:TokyoMetro.NakanoShimbashi,urn:ucode:_00001C000000000000010000030C477D,"2014-11-11 10:06:12.000000","2015-01-29 02:06:43.202745","2015-01-29 02:06:43.202745"
78,odpt.StationFacility:TokyoMetro.NakaOkachimachi,urn:ucode:_00001C000000000000010000030C47A2,"2014-11-11 10:06:12.000000","2015-01-29 02:06:43.333749","2015-01-29 02:06:43.333749"
79,odpt.StationFacility:TokyoMetro.Nezu,urn:ucode:_00001C000000000000010000030C47C2,"2014-11-11 10:06:12.000000","2015-01-29 02:06:43.465753","2015-01-29 02:06:43.465753"
80,odpt.StationFacility:TokyoMetro.Nihombashi,urn:ucode:_00001C000000000000010000030C4773,"2014-11-11 10:06:12.000000","2015-01-29 02:06:43.598758","2015-01-29 02:06:43.598758"
81,odpt.StationFacility:TokyoMetro.Nijubashimae,urn:ucode:_00001C000000000000010000030C47BF,"2014-11-11 10:06:12.000000","2015-01-29 02:06:43.730762","2015-01-29 02:06:43.730762"
82,odpt.StationFacility:TokyoMetro.Ningyocho,urn:ucode:_00001C000000000000010000030C479F,"2014-11-11 10:06:12.000000","2015-01-29 02:06:43.927768","2015-01-29 02:06:43.927768"
83,odpt.StationFacility:TokyoMetro.NishiFunabashi,urn:ucode:_00001C000000000000010000030C47B9,"2014-11-11 10:06:12.000000","2015-01-29 02:06:44.049771","2015-01-29 02:06:44.049771"
84,odpt.StationFacility:TokyoMetro.Nishigahara,urn:ucode:_00001C000000000000010000030C47EE,"2014-11-11 10:06:12.000000","2015-01-29 02:06:44.170775","2015-01-29 02:06:44.170775"
85,odpt.StationFacility:TokyoMetro.NishiKasai,urn:ucode:_00001C000000000000010000030C47B2,"2014-11-11 10:06:12.000000","2015-01-29 02:06:44.291779","2015-01-29 02:06:44.291779"
86,odpt.StationFacility:TokyoMetro.NishiNippori,urn:ucode:_00001C000000000000010000030C47C4,"2014-11-11 10:06:12.000000","2015-01-29 02:06:44.401782","2015-01-29 02:06:44.401782"
87,odpt.StationFacility:TokyoMetro.NishiShinjuku,urn:ucode:_00001C000000000000010000030C4784,"2014-11-11 10:06:12.000000","2015-01-29 02:06:44.544786","2015-01-29 02:06:44.544786"
88,odpt.StationFacility:TokyoMetro.NishiWaseda,urn:ucode:_00001C000000000000010000030C47F4,"2014-11-11 10:06:12.000000","2015-01-29 02:06:44.665790","2015-01-29 02:06:44.665790"
89,odpt.StationFacility:TokyoMetro.Nogizaka,urn:ucode:_00001C000000000000010000030C47BD,"2014-11-11 10:06:12.000000","2015-01-29 02:06:44.853796","2015-01-29 02:06:44.853796"
90,odpt.StationFacility:TokyoMetro.Ochanomizu,urn:ucode:_00001C000000000000010000030C478F,"2014-11-11 10:06:12.000000","2015-01-29 02:06:44.962799","2015-01-29 02:06:44.962799"
91,odpt.StationFacility:TokyoMetro.Ochiai,urn:ucode:_00001C000000000000010000030C47A8,"2014-11-11 10:06:12.000000","2015-01-29 02:06:45.083803","2015-01-29 02:06:45.083803"
92,odpt.StationFacility:TokyoMetro.Ogikubo,urn:ucode:_00001C000000000000010000030C477E,"2014-11-11 10:06:12.000000","2015-01-29 02:06:45.227807","2015-01-29 02:06:45.227807"
93,odpt.StationFacility:TokyoMetro.Oji,urn:ucode:_00001C000000000000010000030C47EF,"2014-11-11 10:06:12.000000","2015-01-29 02:06:45.358811","2015-01-29 02:06:45.358811"
94,odpt.StationFacility:TokyoMetro.OjiKamiya,urn:ucode:_00001C000000000000010000030C47F0,"2014-11-11 10:06:12.000000","2015-01-29 02:06:45.491815","2015-01-29 02:06:45.491815"
95,odpt.StationFacility:TokyoMetro.OmoteSando,urn:ucode:_00001C000000000000010000030C476B,"2014-11-11 10:06:12.000000","2015-01-29 02:06:45.613819","2015-01-29 02:06:45.613819"
96,odpt.StationFacility:TokyoMetro.Oshiage,urn:ucode:_00001C000000000000010000030C47E5,"2014-11-11 10:06:12.000000","2015-01-29 02:06:45.722822","2015-01-29 02:06:45.722822"
97,odpt.StationFacility:TokyoMetro.Otemachi,urn:ucode:_00001C000000000000010000030C478D,"2014-11-11 10:06:12.000000","2015-01-29 02:06:45.888827","2015-01-29 02:06:45.888827"
98,odpt.StationFacility:TokyoMetro.Roppongi,urn:ucode:_00001C000000000000010000030C4798,"2014-11-11 10:06:12.000000","2015-01-29 02:06:46.070833","2015-01-29 02:06:46.070833"
99,odpt.StationFacility:TokyoMetro.RoppongiItchome,urn:ucode:_00001C000000000000010000030C47EA,"2014-11-11 10:06:12.000000","2015-01-29 02:06:46.217837","2015-01-29 02:06:46.217837"
100,odpt.StationFacility:TokyoMetro.Sakuradamon,urn:ucode:_00001C000000000000010000030C47D7,"2014-11-11 10:06:12.000000","2015-01-29 02:06:46.338841","2015-01-29 02:06:46.338841"
101,odpt.StationFacility:TokyoMetro.Sendagi,urn:ucode:_00001C000000000000010000030C47C3,"2014-11-11 10:06:12.000000","2015-01-29 02:06:46.460845","2015-01-29 02:06:46.460845"
102,odpt.StationFacility:TokyoMetro.Senkawa,urn:ucode:_00001C000000000000010000030C47CE,"2014-11-11 10:06:12.000000","2015-01-29 02:06:46.580849","2015-01-29 02:06:46.580849"
103,odpt.StationFacility:TokyoMetro.Shibuya,urn:ucode:_00001C000000000000010000030C476A,"2014-11-11 10:06:11.000000","2015-01-29 02:06:46.701852","2015-01-29 02:06:46.701852"
104,odpt.StationFacility:TokyoMetro.Shimbashi,urn:ucode:_00001C000000000000010000030C4770,"2014-11-11 10:06:12.000000","2015-01-29 02:06:46.822856","2015-01-29 02:06:46.822856"
105,odpt.StationFacility:TokyoMetro.Shimo,urn:ucode:_00001C000000000000010000030C47F1,"2014-11-11 10:06:12.000000","2015-01-29 02:06:46.932859","2015-01-29 02:06:46.932859"
106,odpt.StationFacility:TokyoMetro.Shinjuku,urn:ucode:_00001C000000000000010000030C4785,"2014-11-11 10:06:12.000000","2015-01-29 02:06:47.053863","2015-01-29 02:06:47.053863"
107,odpt.StationFacility:TokyoMetro.ShinjukuGyoemmae,urn:ucode:_00001C000000000000010000030C4787,"2014-11-11 10:06:12.000000","2015-01-29 02:06:47.187867","2015-01-29 02:06:47.187867"
108,odpt.StationFacility:TokyoMetro.ShinjukuSanchome,urn:ucode:_00001C000000000000010000030C4786,"2014-11-11 10:06:12.000000","2015-01-29 02:06:47.307871","2015-01-29 02:06:47.307871"
109,odpt.StationFacility:TokyoMetro.ShinKiba,urn:ucode:_00001C000000000000010000030C47DE,"2014-11-11 10:06:12.000000","2015-01-29 02:06:47.428874","2015-01-29 02:06:47.428874"
110,odpt.StationFacility:TokyoMetro.ShinKoenji,urn:ucode:_00001C000000000000010000030C4780,"2014-11-11 10:06:12.000000","2015-01-29 02:06:47.549878","2015-01-29 02:06:47.549878"
111,odpt.StationFacility:TokyoMetro.ShinNakano,urn:ucode:_00001C000000000000010000030C4782,"2014-11-11 10:06:12.000000","2015-01-29 02:06:47.681882","2015-01-29 02:06:47.681882"
112,odpt.StationFacility:TokyoMetro.ShinOchanomizu,urn:ucode:_00001C000000000000010000030C47C0,"2014-11-11 10:06:12.000000","2015-01-29 02:06:47.813886","2015-01-29 02:06:47.813886"
113,odpt.StationFacility:TokyoMetro.ShinOtsuka,urn:ucode:_00001C000000000000010000030C4794,"2014-11-11 10:06:12.000000","2015-01-29 02:06:48.011892","2015-01-29 02:06:48.011892"
114,odpt.StationFacility:TokyoMetro.Shintomicho,urn:ucode:_00001C000000000000010000030C47DA,"2014-11-11 10:06:12.000000","2015-01-29 02:06:48.133896","2015-01-29 02:06:48.133896"
115,odpt.StationFacility:TokyoMetro.Shirokanedai,urn:ucode:_00001C000000000000010000030C47E7,"2014-11-11 10:06:12.000000","2015-01-29 02:06:48.264900","2015-01-29 02:06:48.264900"
116,odpt.StationFacility:TokyoMetro.ShirokaneTakanawa,urn:ucode:_00001C000000000000010000030C47E8,"2014-11-11 10:06:12.000000","2015-01-29 02:06:48.385904","2015-01-29 02:06:48.385904"
117,odpt.StationFacility:TokyoMetro.Suehirocho,urn:ucode:_00001C000000000000010000030C4776,"2014-11-11 10:06:12.000000","2015-01-29 02:06:48.528908","2015-01-29 02:06:48.528908"
118,odpt.StationFacility:TokyoMetro.Suitengumae,urn:ucode:_00001C000000000000010000030C47E1,"2014-11-11 10:06:12.000000","2015-01-29 02:06:48.663912","2015-01-29 02:06:48.663912"
119,odpt.StationFacility:TokyoMetro.Sumiyoshi,urn:ucode:_00001C000000000000010000030C47E3,"2014-11-11 10:06:12.000000","2015-01-29 02:06:48.792916","2015-01-29 02:06:48.792916"
120,odpt.StationFacility:TokyoMetro.Takadanobaba,urn:ucode:_00001C000000000000010000030C47A9,"2014-11-11 10:06:12.000000","2015-01-29 02:06:48.924920","2015-01-29 02:06:48.924920"
121,odpt.StationFacility:TokyoMetro.Takebashi,urn:ucode:_00001C000000000000010000030C47AD,"2014-11-11 10:06:12.000000","2015-01-29 02:06:49.057924","2015-01-29 02:06:49.057924"
122,odpt.StationFacility:TokyoMetro.TameikeSanno,urn:ucode:_00001C000000000000010000030C476F,"2014-11-11 10:06:12.000000","2015-01-29 02:06:49.200928","2015-01-29 02:06:49.200928"
123,odpt.StationFacility:TokyoMetro.Tatsumi,urn:ucode:_00001C000000000000010000030C47DD,"2014-11-11 10:06:12.000000","2015-01-29 02:06:49.321932","2015-01-29 02:06:49.321932"
124,odpt.StationFacility:TokyoMetro.Tawaramachi,urn:ucode:_00001C000000000000010000030C477A,"2014-11-11 10:06:12.000000","2015-01-29 02:06:49.442936","2015-01-29 02:06:49.442936"
125,odpt.StationFacility:TokyoMetro.Todaimae,urn:ucode:_00001C000000000000010000030C47EB,"2014-11-11 10:06:12.000000","2015-01-29 02:06:49.563939","2015-01-29 02:06:49.563939"
126,odpt.StationFacility:TokyoMetro.Tokyo,urn:ucode:_00001C000000000000010000030C478C,"2014-11-11 10:06:12.000000","2015-01-29 02:06:49.684943","2015-01-29 02:06:49.684943"
127,odpt.StationFacility:TokyoMetro.Toranomon,urn:ucode:_00001C000000000000010000030C4768,"2014-11-11 10:06:12.000000","2015-01-29 02:06:49.827948","2015-01-29 02:06:49.827948"
128,odpt.StationFacility:TokyoMetro.Toyocho,urn:ucode:_00001C000000000000010000030C47B0,"2014-11-11 10:06:12.000000","2015-01-29 02:06:49.959952","2015-01-29 02:06:49.959952"
129,odpt.StationFacility:TokyoMetro.Toyosu,urn:ucode:_00001C000000000000010000030C47DC,"2014-11-11 10:06:12.000000","2015-01-29 02:06:50.082955","2015-01-29 02:06:50.082955"
130,odpt.StationFacility:TokyoMetro.Tsukiji,urn:ucode:_00001C000000000000010000030C479C,"2014-11-11 10:06:12.000000","2015-01-29 02:06:50.201959","2015-01-29 02:06:50.201959"
131,odpt.StationFacility:TokyoMetro.Tsukishima,urn:ucode:_00001C000000000000010000030C47DB,"2014-11-11 10:06:12.000000","2015-01-29 02:06:50.322963","2015-01-29 02:06:50.322963"
132,odpt.StationFacility:TokyoMetro.Ueno,urn:ucode:_00001C000000000000010000030C4778,"2014-11-11 10:06:12.000000","2015-01-29 02:06:50.466967","2015-01-29 02:06:50.466967"
133,odpt.StationFacility:TokyoMetro.UenoHirokoji,urn:ucode:_00001C000000000000010000030C4777,"2014-11-11 10:06:12.000000","2015-01-29 02:06:50.586971","2015-01-29 02:06:50.586971"
134,odpt.StationFacility:TokyoMetro.Urayasu,urn:ucode:_00001C000000000000010000030C47B4,"2014-11-11 10:06:12.000000","2015-01-29 02:06:50.720975","2015-01-29 02:06:50.720975"
135,odpt.StationFacility:TokyoMetro.Wakoshi,urn:ucode:_00001C000000000000010000030C47C8,"2014-11-11 10:06:12.000000","2015-01-29 02:06:50.839978","2015-01-29 02:06:50.839978"
136,odpt.StationFacility:TokyoMetro.Waseda,urn:ucode:_00001C000000000000010000030C47AA,"2014-11-11 10:06:12.000000","2015-01-29 02:06:50.972982","2015-01-29 02:06:50.972982"
137,odpt.StationFacility:TokyoMetro.Yotsuya,urn:ucode:_00001C000000000000010000030C4789,"2014-11-11 10:06:12.000000","2015-01-29 02:06:51.104986","2015-01-29 02:06:51.104986"
138,odpt.StationFacility:TokyoMetro.YotsuyaSanchome,urn:ucode:_00001C000000000000010000030C4788,"2014-11-11 10:06:12.000000","2015-01-29 02:06:51.224990","2015-01-29 02:06:51.224990"
139,odpt.StationFacility:TokyoMetro.YoyogiKoen,urn:ucode:_00001C000000000000010000030C47BB,"2014-11-11 10:06:12.000000","2015-01-29 02:06:51.357994","2015-01-29 02:06:51.357994"
140,odpt.StationFacility:TokyoMetro.YoyogiUehara,urn:ucode:_00001C000000000000010000030C47BA,"2014-11-11 10:06:12.000000","2015-01-29 02:06:51.479998","2015-01-29 02:06:51.479998"
141,odpt.StationFacility:TokyoMetro.Yurakucho,urn:ucode:_00001C000000000000010000030C47D8,"2014-11-11 10:06:12.000000","2015-01-29 02:06:51.623002","2015-01-29 02:06:51.623002"
142,odpt.StationFacility:TokyoMetro.Yushima,urn:ucode:_00001C000000000000010000030C47C1,"2014-11-11 10:06:12.000000","2015-01-29 02:06:51.765007","2015-01-29 02:06:51.765007"
143,odpt.StationFacility:TokyoMetro.Zoshigaya,urn:ucode:_00001C000000000000010000030C47F3,"2014-11-11 10:06:12.000000","2015-01-29 02:06:51.982013","2015-01-29 02:06:51.982013"
144,odpt.StationFacility:JR-East.Nakano,,,"2015-01-29 02:08:42.608387","2015-01-29 02:08:42.608387"
145,odpt.StationFacility:JR-East.Koenji,,,"2015-01-29 02:08:43.307409","2015-01-29 02:08:43.307409"
146,odpt.StationFacility:JR-East.Asagaya,,,"2015-01-29 02:08:43.703421","2015-01-29 02:08:43.703421"
147,odpt.StationFacility:JR-East.Ogikubo,,,"2015-01-29 02:08:44.143434","2015-01-29 02:08:44.143434"
148,odpt.StationFacility:JR-East.NishiOgikubo,,,"2015-01-29 02:08:44.561447","2015-01-29 02:08:44.561447"
149,odpt.StationFacility:JR-East.Kichijoji,,,"2015-01-29 02:08:45.013461","2015-01-29 02:08:45.013461"
150,odpt.StationFacility:JR-East.Mitaka,,,"2015-01-29 02:08:45.453474","2015-01-29 02:08:45.453474"
151,odpt.StationFacility:JR-East.NishiFunabashiTokyoMetro,,,"2015-01-29 02:08:45.936489","2015-01-29 02:08:45.936489"
152,odpt.StationFacility:JR-East.Funabashi,,,"2015-01-29 02:08:46.762514","2015-01-29 02:08:46.762514"
153,odpt.StationFacility:JR-East.HigashiFunabashi,,,"2015-01-29 02:08:47.148526","2015-01-29 02:08:47.148526"
154,odpt.StationFacility:JR-East.Tsudanuma,,,"2015-01-29 02:08:47.544538","2015-01-29 02:08:47.544538"
155,odpt.StationFacility:ToyoRapidRailway.ToyoRapid.NishiFunabashi,,,"2015-01-29 02:08:47.990551","2015-01-29 02:08:47.990551"
156,odpt.StationFacility:ToyoRapidRailway.HigashiKaijin,,,"2015-01-29 02:08:49.030583","2015-01-29 02:08:49.030583"
157,odpt.StationFacility:ToyoRapidRailway.Hasama,,,"2015-01-29 02:08:49.448596","2015-01-29 02:08:49.448596"
158,odpt.StationFacility:ToyoRapidRailway.KitaNarashino,,,"2015-01-29 02:08:49.925610","2015-01-29 02:08:49.925610"
159,odpt.StationFacility:ToyoRapidRailway.FunabashiNichidaiMae,,,"2015-01-29 02:08:50.494628","2015-01-29 02:08:50.494628"
160,odpt.StationFacility:ToyoRapidRailway.YachiyoMidorigaoka,,,"2015-01-29 02:08:50.946642","2015-01-29 02:08:50.946642"
161,odpt.StationFacility:ToyoRapidRailway.YachiyoChuo,,,"2015-01-29 02:08:51.550660","2015-01-29 02:08:51.550660"
162,odpt.StationFacility:ToyoRapidRailway.Murakami,,,"2015-01-29 02:08:52.057675","2015-01-29 02:08:52.057675"
163,odpt.StationFacility:ToyoRapidRailway.ToyoKatsutadai,,,"2015-01-29 02:08:52.497689","2015-01-29 02:08:52.497689"
164,odpt.StationFacility:JR-East.KitaSenju,,,"2015-01-29 02:08:53.020705","2015-01-29 02:08:53.020705"
165,odpt.StationFacility:JR-East.Ayase,,,"2015-01-29 02:08:54.390747","2015-01-29 02:08:54.390747"
166,odpt.StationFacility:JR-East.Kameari,,,"2015-01-29 02:08:55.251773","2015-01-29 02:08:55.251773"
167,odpt.StationFacility:JR-East.Kanamachi,,,"2015-01-29 02:08:55.710787","2015-01-29 02:08:55.710787"
168,odpt.StationFacility:JR-East.Matsudo,,,"2015-01-29 02:08:56.184801","2015-01-29 02:08:56.184801"
169,odpt.StationFacility:JR-East.KitaMatsudo,,,"2015-01-29 02:08:57.091829","2015-01-29 02:08:57.091829"
170,odpt.StationFacility:JR-East.Mabashi,,,"2015-01-29 02:08:57.504842","2015-01-29 02:08:57.504842"
171,odpt.StationFacility:JR-East.ShinMatsudo,,,"2015-01-29 02:08:57.971856","2015-01-29 02:08:57.971856"
172,odpt.StationFacility:JR-East.KitaKogane,,,"2015-01-29 02:08:58.374868","2015-01-29 02:08:58.374868"
173,odpt.StationFacility:JR-East.MinamiKashiwa,,,"2015-01-29 02:08:58.760880","2015-01-29 02:08:58.760880"
174,odpt.StationFacility:JR-East.Kashiwa,,,"2015-01-29 02:08:59.177893","2015-01-29 02:08:59.177893"
175,odpt.StationFacility:JR-East.KitaKashiwa,,,"2015-01-29 02:08:59.838913","2015-01-29 02:08:59.838913"
176,odpt.StationFacility:JR-East.Abiko,,,"2015-01-29 02:09:00.278926","2015-01-29 02:09:00.278926"
177,odpt.StationFacility:JR-East.Tennodai,,,"2015-01-29 02:09:00.817943","2015-01-29 02:09:00.817943"
178,odpt.StationFacility:JR-East.Toride,,,"2015-01-29 02:09:01.224955","2015-01-29 02:09:01.224955"
179,odpt.StationFacility:Odakyu.Shinjuku,,,"2015-01-29 02:09:01.968978","2015-01-29 02:09:01.968978"
180,odpt.StationFacility:Odakyu.MinamiShinjuku,,,"2015-01-29 02:09:03.525025","2015-01-29 02:09:03.525025"
181,odpt.StationFacility:Odakyu.Sangubashi,,,"2015-01-29 02:09:03.998040","2015-01-29 02:09:03.998040"
182,odpt.StationFacility:Odakyu.YoyogiHachiman,,,"2015-01-29 02:09:04.362051","2015-01-29 02:09:04.362051"
183,odpt.StationFacility:Odakyu.YoyogiUehara,,,"2015-01-29 02:09:04.769063","2015-01-29 02:09:04.769063"
184,odpt.StationFacility:Odakyu.HigashiKitazawa,,,"2015-01-29 02:09:08.412174","2015-01-29 02:09:08.412174"
185,odpt.StationFacility:Odakyu.ShimoKitazawa,,,"2015-01-29 02:09:08.830187","2015-01-29 02:09:08.830187"
186,odpt.StationFacility:Odakyu.SetagayaDaita,,,"2015-01-29 02:09:09.942221","2015-01-29 02:09:09.942221"
187,odpt.StationFacility:Odakyu.Umegaoka,,,"2015-01-29 02:09:10.371234","2015-01-29 02:09:10.371234"
188,odpt.StationFacility:Odakyu.Gotokuji,,,"2015-01-29 02:09:10.921251","2015-01-29 02:09:10.921251"
189,odpt.StationFacility:Odakyu.Kyodo,,,"2015-01-29 02:09:11.482268","2015-01-29 02:09:11.482268"
190,odpt.StationFacility:Odakyu.ChitoseFunabashi,,,"2015-01-29 02:09:12.748306","2015-01-29 02:09:12.748306"
191,odpt.StationFacility:Odakyu.SoshigayaOkura,,,"2015-01-29 02:09:13.232321","2015-01-29 02:09:13.232321"
192,odpt.StationFacility:Odakyu.SeijoGakuenMae,,,"2015-01-29 02:09:13.717336","2015-01-29 02:09:13.717336"
193,odpt.StationFacility:Odakyu.Kitami,,,"2015-01-29 02:09:15.038376","2015-01-29 02:09:15.038376"
194,odpt.StationFacility:Odakyu.Komae,,,"2015-01-29 02:09:15.598393","2015-01-29 02:09:15.598393"
195,odpt.StationFacility:Odakyu.IzumiTamagawa,,,"2015-01-29 02:09:16.149410","2015-01-29 02:09:16.149410"
196,odpt.StationFacility:Odakyu.Noborito,,,"2015-01-29 02:09:16.673426","2015-01-29 02:09:16.673426"
197,odpt.StationFacility:Odakyu.MukogaokaYuen,,,"2015-01-29 02:09:17.569454","2015-01-29 02:09:17.569454"
198,odpt.StationFacility:Odakyu.Ikuta,,,"2015-01-29 02:09:18.449480","2015-01-29 02:09:18.449480"
199,odpt.StationFacility:Odakyu.YomiuriLandMae,,,"2015-01-29 02:09:19.143502","2015-01-29 02:09:19.143502"
200,odpt.StationFacility:Odakyu.Yurigaoka,,,"2015-01-29 02:09:19.825522","2015-01-29 02:09:19.825522"
201,odpt.StationFacility:Odakyu.ShinYurigaoka,,,"2015-01-29 02:09:20.551544","2015-01-29 02:09:20.551544"
202,odpt.StationFacility:Odakyu.Kakio,,,"2015-01-29 02:09:22.488604","2015-01-29 02:09:22.488604"
203,odpt.StationFacility:Odakyu.Tsurukawa,,,"2015-01-29 02:09:23.159624","2015-01-29 02:09:23.159624"
204,odpt.StationFacility:Odakyu.TamagawaGakuenMae,,,"2015-01-29 02:09:23.776643","2015-01-29 02:09:23.776643"
205,odpt.StationFacility:Odakyu.Machida,,,"2015-01-29 02:09:24.425663","2015-01-29 02:09:24.425663"
206,odpt.StationFacility:Odakyu.SagamiOono,,,"2015-01-29 02:09:26.164716","2015-01-29 02:09:26.164716"
207,odpt.StationFacility:Odakyu.OdakyuSagamihara,,,"2015-01-29 02:09:27.077744","2015-01-29 02:09:27.077744"
208,odpt.StationFacility:Odakyu.SobudaiMae,,,"2015-01-29 02:09:27.749764","2015-01-29 02:09:27.749764"
209,odpt.StationFacility:Odakyu.Zama,,,"2015-01-29 02:09:28.398784","2015-01-29 02:09:28.398784"
210,odpt.StationFacility:Odakyu.Ebina,,,"2015-01-29 02:09:29.026803","2015-01-29 02:09:29.026803"
211,odpt.StationFacility:Odakyu.Atsugi,,,"2015-01-29 02:09:29.900830","2015-01-29 02:09:29.900830"
212,odpt.StationFacility:Odakyu.HonAtsugi,,,"2015-01-29 02:09:30.588851","2015-01-29 02:09:30.588851"
213,odpt.StationFacility:Odakyu.AikoIshida,,,"2015-01-29 02:09:32.327904","2015-01-29 02:09:32.327904"
214,odpt.StationFacility:Odakyu.Isehara,,,"2015-01-29 02:09:33.351935","2015-01-29 02:09:33.351935"
215,odpt.StationFacility:Odakyu.TsurumakiOnsen,,,"2015-01-29 02:09:34.308964","2015-01-29 02:09:34.308964"
216,odpt.StationFacility:Odakyu.TokaiDaigakuMae,,,"2015-01-29 02:09:35.079988","2015-01-29 02:09:35.079988"
217,odpt.StationFacility:Odakyu.Hadano,,,"2015-01-29 02:09:35.915013","2015-01-29 02:09:35.915013"
218,odpt.StationFacility:Odakyu.Shibusawa,,,"2015-01-29 02:09:36.741038","2015-01-29 02:09:36.741038"
219,odpt.StationFacility:Odakyu.ShinMatsuda,,,"2015-01-29 02:09:37.534062","2015-01-29 02:09:37.534062"
220,odpt.StationFacility:Odakyu.Kaisei,,,"2015-01-29 02:09:38.480091","2015-01-29 02:09:38.480091"
221,odpt.StationFacility:Odakyu.Kayama,,,"2015-01-29 02:09:39.081110","2015-01-29 02:09:39.081110"
222,odpt.StationFacility:Odakyu.Tomizu,,,"2015-01-29 02:09:39.581125","2015-01-29 02:09:39.581125"
223,odpt.StationFacility:Odakyu.Hotaruda,,,"2015-01-29 02:09:40.285146","2015-01-29 02:09:40.285146"
224,odpt.StationFacility:Odakyu.Ashigara,,,"2015-01-29 02:09:40.792162","2015-01-29 02:09:40.792162"
225,odpt.StationFacility:Odakyu.Odawara,,,"2015-01-29 02:09:41.341179","2015-01-29 02:09:41.341179"
226,odpt.StationFacility:Odakyu.Satsukidai,,,"2015-01-29 02:09:44.214266","2015-01-29 02:09:44.214266"
227,odpt.StationFacility:Odakyu.Kurihira,,,"2015-01-29 02:09:44.864286","2015-01-29 02:09:44.864286"
228,odpt.StationFacility:Odakyu.Kurokawa,,,"2015-01-29 02:09:45.777314","2015-01-29 02:09:45.777314"
229,odpt.StationFacility:Odakyu.Haruhino,,,"2015-01-29 02:09:46.515336","2015-01-29 02:09:46.515336"
230,odpt.StationFacility:Odakyu.OdakyuNagayama,,,"2015-01-29 02:09:47.241358","2015-01-29 02:09:47.241358"
231,odpt.StationFacility:Odakyu.OdakyuTamaCenter,,,"2015-01-29 02:09:48.396394","2015-01-29 02:09:48.396394"
232,odpt.StationFacility:Odakyu.Karakida,,,"2015-01-29 02:09:49.443426","2015-01-29 02:09:49.443426"
233,odpt.StationFacility:Odakyu.HigashiRinkan,,,"2015-01-29 02:09:51.412486","2015-01-29 02:09:51.412486"
234,odpt.StationFacility:Odakyu.ChuoRinkan,,,"2015-01-29 02:09:51.819498","2015-01-29 02:09:51.819498"
235,odpt.StationFacility:Odakyu.MinamiRinkan,,,"2015-01-29 02:09:52.511519","2015-01-29 02:09:52.511519"
236,odpt.StationFacility:Odakyu.Tsuruma,,,"2015-01-29 02:09:53.053536","2015-01-29 02:09:53.053536"
237,odpt.StationFacility:Odakyu.Yamato,,,"2015-01-29 02:09:53.459548","2015-01-29 02:09:53.459548"
238,odpt.StationFacility:Odakyu.Sakuragaoka,,,"2015-01-29 02:09:54.163570","2015-01-29 02:09:54.163570"
239,odpt.StationFacility:Odakyu.KozaShibuya,,,"2015-01-29 02:09:54.548581","2015-01-29 02:09:54.548581"
240,odpt.StationFacility:Odakyu.Chogo,,,"2015-01-29 02:09:54.923593","2015-01-29 02:09:54.923593"
241,odpt.StationFacility:Odakyu.Shonandai,,,"2015-01-29 02:09:55.429608","2015-01-29 02:09:55.429608"
242,odpt.StationFacility:Odakyu.MutsuaiNichidaiMae,,,"2015-01-29 02:09:56.096629","2015-01-29 02:09:56.096629"
243,odpt.StationFacility:Odakyu.Zengyo,,,"2015-01-29 02:09:56.529642","2015-01-29 02:09:56.529642"
244,odpt.StationFacility:Odakyu.FujisawaHommachi,,,"2015-01-29 02:09:56.937654","2015-01-29 02:09:56.937654"
245,odpt.StationFacility:Odakyu.Fujisawa,,,"2015-01-29 02:09:57.367667","2015-01-29 02:09:57.367667"
246,odpt.StationFacility:Odakyu.HonKugenuma,,,"2015-01-29 02:09:58.213693","2015-01-29 02:09:58.213693"
247,odpt.StationFacility:Odakyu.KugenumaKaigan,,,"2015-01-29 02:09:58.962716","2015-01-29 02:09:58.962716"
248,odpt.StationFacility:Odakyu.KataseEnoshima,,,"2015-01-29 02:09:59.534733","2015-01-29 02:09:59.534733"
249,odpt.StationFacility:HakoneTozan.Odawara,,,"2015-01-29 02:10:00.266756","2015-01-29 02:10:00.266756"
250,odpt.StationFacility:HakoneTozan.HakoneItabashi,,,"2015-01-29 02:10:01.502793","2015-01-29 02:10:01.502793"
251,odpt.StationFacility:HakoneTozan.Kazamatsuri,,,"2015-01-29 02:10:02.029810","2015-01-29 02:10:02.029810"
252,odpt.StationFacility:HakoneTozan.Iriuda,,,"2015-01-29 02:10:02.564826","2015-01-29 02:10:02.564826"
253,odpt.StationFacility:HakoneTozan.HakoneYumoto,,,"2015-01-29 02:10:03.104842","2015-01-29 02:10:03.104842"
254,odpt.StationFacility:Tokyu.Shibuya,,,"2015-01-29 02:10:03.786863","2015-01-29 02:10:03.786863"
255,odpt.StationFacility:Tokyu.IkejiriOhashi,,,"2015-01-29 02:10:05.200906","2015-01-29 02:10:05.200906"
256,odpt.StationFacility:Tokyu.Sangendyaya,,,"2015-01-29 02:10:05.694921","2015-01-29 02:10:05.694921"
257,odpt.StationFacility:Tokyu.KomazawaDaigaku,,,"2015-01-29 02:10:06.465945","2015-01-29 02:10:06.465945"
258,odpt.StationFacility:Tokyu.SakuraShinmachi,,,"2015-01-29 02:10:07.027962","2015-01-29 02:10:07.027962"
259,odpt.StationFacility:Tokyu.Yoga,,,"2015-01-29 02:10:07.631980","2015-01-29 02:10:07.631980"
260,odpt.StationFacility:Tokyu.FutakoTamagawa,,,"2015-01-29 02:10:08.271000","2015-01-29 02:10:08.271000"
261,odpt.StationFacility:Tokyu.FutakoShinchi,,,"2015-01-29 02:10:09.140026","2015-01-29 02:10:09.140026"
262,odpt.StationFacility:Tokyu.Takatsu,,,"2015-01-29 02:10:09.569039","2015-01-29 02:10:09.569039"
263,odpt.StationFacility:Tokyu.Mizonokuchi,,,"2015-01-29 02:10:10.020053","2015-01-29 02:10:10.020053"
264,odpt.StationFacility:Tokyu.Kajigaya,,,"2015-01-29 02:10:10.846078","2015-01-29 02:10:10.846078"
265,odpt.StationFacility:Tokyu.Miyazakidai,,,"2015-01-29 02:10:11.264091","2015-01-29 02:10:11.264091"
266,odpt.StationFacility:Tokyu.Miyamaedaira,,,"2015-01-29 02:10:11.672104","2015-01-29 02:10:11.672104"
267,odpt.StationFacility:Tokyu.Saginuma,,,"2015-01-29 02:10:12.222120","2015-01-29 02:10:12.222120"
268,odpt.StationFacility:Tokyu.TamaPlaza,,,"2015-01-29 02:10:13.113148","2015-01-29 02:10:13.113148"
269,odpt.StationFacility:Tokyu.Azamino,,,"2015-01-29 02:10:14.038176","2015-01-29 02:10:14.038176"
270,odpt.StationFacility:Tokyu.Eda,,,"2015-01-29 02:10:14.830200","2015-01-29 02:10:14.830200"
271,odpt.StationFacility:Tokyu.Ichigao,,,"2015-01-29 02:10:15.205211","2015-01-29 02:10:15.205211"
272,odpt.StationFacility:Tokyu.Fujigaoka,,,"2015-01-29 02:10:15.600223","2015-01-29 02:10:15.600223"
273,odpt.StationFacility:Tokyu.Aobadai,,,"2015-01-29 02:10:16.031237","2015-01-29 02:10:16.031237"
274,odpt.StationFacility:Tokyu.Tana,,,"2015-01-29 02:10:16.789260","2015-01-29 02:10:16.789260"
275,odpt.StationFacility:Tokyu.Nagatsuta,,,"2015-01-29 02:10:17.207272","2015-01-29 02:10:17.207272"
276,odpt.StationFacility:Tokyu.Tsukushino,,,"2015-01-29 02:10:18.044298","2015-01-29 02:10:18.044298"
277,odpt.StationFacility:Tokyu.Suzukakedai,,,"2015-01-29 02:10:18.451310","2015-01-29 02:10:18.451310"
278,odpt.StationFacility:Tokyu.MinamiMachida,,,"2015-01-29 02:10:18.869323","2015-01-29 02:10:18.869323"
279,odpt.StationFacility:Tokyu.Tsukimino,,,"2015-01-29 02:10:19.565344","2015-01-29 02:10:19.565344"
280,odpt.StationFacility:Tokyu.ChuoRinkan,,,"2015-01-29 02:10:19.948356","2015-01-29 02:10:19.948356"
281,odpt.StationFacility:Tobu.Oshiage,,,"2015-01-29 02:10:20.756381","2015-01-29 02:10:20.756381"
282,odpt.StationFacility:Tobu.Hikifune,,,"2015-01-29 02:10:21.864414","2015-01-29 02:10:21.864414"
283,odpt.StationFacility:Tobu.Asakusa,,,"2015-01-29 02:10:22.440432","2015-01-29 02:10:22.440432"
284,odpt.StationFacility:Tobu.TokyoSkytree,,,"2015-01-29 02:10:24.263488","2015-01-29 02:10:24.263488"
285,odpt.StationFacility:Tobu.HigashiMukoujima,,,"2015-01-29 02:10:26.353551","2015-01-29 02:10:26.353551"
286,odpt.StationFacility:Tobu.Kanegafuchi,,,"2015-01-29 02:10:27.013572","2015-01-29 02:10:27.013572"
287,odpt.StationFacility:Tobu.Horikiri,,,"2015-01-29 02:10:27.714593","2015-01-29 02:10:27.714593"
288,odpt.StationFacility:Tobu.Ushida,,,"2015-01-29 02:10:28.462616","2015-01-29 02:10:28.462616"
289,odpt.StationFacility:Tobu.KitaSenju,,,"2015-01-29 02:10:29.079635","2015-01-29 02:10:29.079635"
290,odpt.StationFacility:Tobu.Kosuge,,,"2015-01-29 02:10:30.447676","2015-01-29 02:10:30.447676"
291,odpt.StationFacility:Tobu.Gotanno,,,"2015-01-29 02:10:30.866689","2015-01-29 02:10:30.866689"
292,odpt.StationFacility:Tobu.Umejima,,,"2015-01-29 02:10:31.254701","2015-01-29 02:10:31.254701"
293,odpt.StationFacility:Tobu.NishiArai,,,"2015-01-29 02:10:31.658713","2015-01-29 02:10:31.658713"
294,odpt.StationFacility:Tobu.Takenotsuka,,,"2015-01-29 02:10:32.615742","2015-01-29 02:10:32.615742"
295,odpt.StationFacility:Tobu.Yatsuka,,,"2015-01-29 02:10:33.056756","2015-01-29 02:10:33.056756"
296,odpt.StationFacility:Tobu.Soka,,,"2015-01-29 02:10:33.507770","2015-01-29 02:10:33.507770"
297,odpt.StationFacility:Tobu.MatsubaraDanchi,,,"2015-01-29 02:10:34.541801","2015-01-29 02:10:34.541801"
298,odpt.StationFacility:Tobu.Shinden,,,"2015-01-29 02:10:34.971814","2015-01-29 02:10:34.971814"
299,odpt.StationFacility:Tobu.Gamou,,,"2015-01-29 02:10:35.378827","2015-01-29 02:10:35.378827"
300,odpt.StationFacility:Tobu.ShinKoshigaya,,,"2015-01-29 02:10:35.763838","2015-01-29 02:10:35.763838"
301,odpt.StationFacility:Tobu.Koshigaya,,,"2015-01-29 02:10:36.732868","2015-01-29 02:10:36.732868"
302,odpt.StationFacility:Tobu.KitaKoshigaya,,,"2015-01-29 02:10:38.162912","2015-01-29 02:10:38.162912"
303,odpt.StationFacility:Tobu.Obukuro,,,"2015-01-29 02:10:38.911934","2015-01-29 02:10:38.911934"
304,odpt.StationFacility:Tobu.Sengendai,,,"2015-01-29 02:10:39.648957","2015-01-29 02:10:39.648957"
305,odpt.StationFacility:Tobu.Takesato,,,"2015-01-29 02:10:40.630987","2015-01-29 02:10:40.630987"
306,odpt.StationFacility:Tobu.Ichinowari,,,"2015-01-29 02:10:41.474013","2015-01-29 02:10:41.474013"
307,odpt.StationFacility:Tobu.Kasukabe,,,"2015-01-29 02:10:42.268037","2015-01-29 02:10:42.268037"
308,odpt.StationFacility:Tobu.KitaKasukabe,,,"2015-01-29 02:10:43.479074","2015-01-29 02:10:43.479074"
309,odpt.StationFacility:Tobu.Himemiya,,,"2015-01-29 02:10:44.370101","2015-01-29 02:10:44.370101"
310,odpt.StationFacility:Tobu.TobuDobutsuKoen,,,"2015-01-29 02:10:45.061122","2015-01-29 02:10:45.061122"
311,odpt.StationFacility:Tobu.Wado,,,"2015-01-29 02:10:48.002212","2015-01-29 02:10:48.002212"
312,odpt.StationFacility:Tobu.Kuki,,,"2015-01-29 02:10:49.037243","2015-01-29 02:10:49.037243"
313,odpt.StationFacility:Tobu.Washinomiya,,,"2015-01-29 02:10:50.122276","2015-01-29 02:10:50.122276"
314,odpt.StationFacility:Tobu.Hanasaki,,,"2015-01-29 02:10:50.886300","2015-01-29 02:10:50.886300"
315,odpt.StationFacility:Tobu.Kazo,,,"2015-01-29 02:10:51.822328","2015-01-29 02:10:51.822328"
316,odpt.StationFacility:Tobu.MinamiHanyu,,,"2015-01-29 02:10:52.708355","2015-01-29 02:10:52.708355"
317,odpt.StationFacility:Tobu.Hanyu,,,"2015-01-29 02:10:53.505379","2015-01-29 02:10:53.505379"
318,odpt.StationFacility:Tobu.Kawamata,,,"2015-01-29 02:10:54.364406","2015-01-29 02:10:54.364406"
319,odpt.StationFacility:Tobu.Morinjimae,,,"2015-01-29 02:10:55.112428","2015-01-29 02:10:55.112428"
320,odpt.StationFacility:Tobu.Tatebayashi,,,"2015-01-29 02:10:55.883452","2015-01-29 02:10:55.883452"
321,odpt.StationFacility:Tobu.Tatara,,,"2015-01-29 02:10:56.576473","2015-01-29 02:10:56.576473"
322,odpt.StationFacility:Tobu.Agata,,,"2015-01-29 02:10:57.203492","2015-01-29 02:10:57.203492"
323,odpt.StationFacility:Tobu.Fukui,,,"2015-01-29 02:10:58.013517","2015-01-29 02:10:58.013517"
324,odpt.StationFacility:Tobu.TobuIzumi,,,"2015-01-29 02:10:58.700538","2015-01-29 02:10:58.700538"
325,odpt.StationFacility:Tobu.Ashikagashi,,,"2015-01-29 02:10:59.459561","2015-01-29 02:10:59.459561"
326,odpt.StationFacility:Tobu.YashuYamabe,,,"2015-01-29 02:11:00.317587","2015-01-29 02:11:00.317587"
327,odpt.StationFacility:Tobu.Niragawa,,,"2015-01-29 02:11:01.198614","2015-01-29 02:11:01.198614"
328,odpt.StationFacility:Tobu.Ota,,,"2015-01-29 02:11:02.035640","2015-01-29 02:11:02.035640"
329,odpt.StationFacility:Tobu.Hosoya,,,"2015-01-29 02:11:02.838664","2015-01-29 02:11:02.838664"
330,odpt.StationFacility:Tobu.Kizaki,,,"2015-01-29 02:11:03.322679","2015-01-29 02:11:03.322679"
331,odpt.StationFacility:Tobu.Serada,,,"2015-01-29 02:11:03.913697","2015-01-29 02:11:03.913697"
332,odpt.StationFacility:Tobu.Sakaimachi,,,"2015-01-29 02:11:04.445713","2015-01-29 02:11:04.445713"
333,odpt.StationFacility:Tobu.Goshi,,,"2015-01-29 02:11:05.040731","2015-01-29 02:11:05.040731"
334,odpt.StationFacility:Tobu.ShinIsesaki,,,"2015-01-29 02:11:05.710752","2015-01-29 02:11:05.710752"
335,odpt.StationFacility:Tobu.Isesaki,,,"2015-01-29 02:11:06.305770","2015-01-29 02:11:06.305770"
336,odpt.StationFacility:Tobu.SugitoTakanodai,,,"2015-01-29 02:11:09.771876","2015-01-29 02:11:09.771876"
337,odpt.StationFacility:Tobu.Satte,,,"2015-01-29 02:11:11.225920","2015-01-29 02:11:11.225920"
338,odpt.StationFacility:Tobu.MinamiKurihashi,,,"2015-01-29 02:11:12.251951","2015-01-29 02:11:12.251951"
339,odpt.StationFacility:Tobu.Kurihashi,,,"2015-01-29 02:11:13.515990","2015-01-29 02:11:13.515990"
340,odpt.StationFacility:Tobu.ShinKoga,,,"2015-01-29 02:11:14.153009","2015-01-29 02:11:14.153009"
341,odpt.StationFacility:Tobu.Yagyu,,,"2015-01-29 02:11:14.813029","2015-01-29 02:11:14.813029"
342,odpt.StationFacility:Tobu.ItakuraToyodaiMae,,,"2015-01-29 02:11:15.375046","2015-01-29 02:11:15.375046"
343,odpt.StationFacility:Tobu.Fujioka,,,"2015-01-29 02:11:16.475080","2015-01-29 02:11:16.475080"
344,odpt.StationFacility:Tobu.Shizuwa,,,"2015-01-29 02:11:17.015097","2015-01-29 02:11:17.015097"
345,odpt.StationFacility:Tobu.ShinOhirashita,,,"2015-01-29 02:11:17.553113","2015-01-29 02:11:17.553113"
346,odpt.StationFacility:Tobu.Tochigi,,,"2015-01-29 02:11:18.457140","2015-01-29 02:11:18.457140"
347,odpt.StationFacility:Tobu.ShinTochigi,,,"2015-01-29 02:11:19.492172","2015-01-29 02:11:19.492172"
348,odpt.StationFacility:Tobu.Kassemba,,,"2015-01-29 02:11:20.493203","2015-01-29 02:11:20.493203"
349,odpt.StationFacility:Tobu.Ienaka,,,"2015-01-29 02:11:21.143222","2015-01-29 02:11:21.143222"
350,odpt.StationFacility:Tobu.TobuKanasaki,,,"2015-01-29 02:11:21.759241","2015-01-29 02:11:21.759241"
351,odpt.StationFacility:Tobu.Niregi,,,"2015-01-29 02:11:22.463263","2015-01-29 02:11:22.463263"
352,odpt.StationFacility:Tobu.Momiyama,,,"2015-01-29 02:11:23.081282","2015-01-29 02:11:23.081282"
353,odpt.StationFacility:Tobu.ShinKanuma,,,"2015-01-29 02:11:23.696300","2015-01-29 02:11:23.696300"
354,odpt.StationFacility:Tobu.KitaKanuma,,,"2015-01-29 02:11:24.522325","2015-01-29 02:11:24.522325"
355,odpt.StationFacility:Tobu.Itaga,,,"2015-01-29 02:11:25.068342","2015-01-29 02:11:25.068342"
356,odpt.StationFacility:Tobu.Shimogoshiro,,,"2015-01-29 02:11:25.732362","2015-01-29 02:11:25.732362"
357,odpt.StationFacility:Tobu.Myojin,,,"2015-01-29 02:11:26.458385","2015-01-29 02:11:26.458385"
358,odpt.StationFacility:Tobu.ShimoImaichi,,,"2015-01-29 02:11:27.108404","2015-01-29 02:11:27.108404"
359,odpt.StationFacility:Tobu.KamiImaichi,,,"2015-01-29 02:11:28.186437","2015-01-29 02:11:28.186437"
360,odpt.StationFacility:Tobu.TobuNikko,,,"2015-01-29 02:11:28.748454","2015-01-29 02:11:28.748454"
361,odpt.StationFacility:Tobu.Shimo-imaichi,,,"2015-01-29 02:11:29.633481","2015-01-29 02:11:29.633481"
362,odpt.StationFacility:Tobu.Daiyamuko,,,"2015-01-29 02:11:30.652512","2015-01-29 02:11:30.652512"
363,odpt.StationFacility:Tobu.Okuwa,,,"2015-01-29 02:11:31.213530","2015-01-29 02:11:31.213530"
364,odpt.StationFacility:Tobu.Shin-takatoku,,,"2015-01-29 02:11:31.687544","2015-01-29 02:11:31.687544"
365,odpt.StationFacility:Tobu.Kosagoe,,,"2015-01-29 02:11:32.193559","2015-01-29 02:11:32.193559"
366,odpt.StationFacility:Tobu.Kinugawa-onsen,,,"2015-01-29 02:11:32.699575","2015-01-29 02:11:32.699575"
367,odpt.StationFacility:Tobu.Kinugawa-koen,,,"2015-01-29 02:11:33.289593","2015-01-29 02:11:33.289593"
368,odpt.StationFacility:Tobu.Shin-fujiwara,,,"2015-01-29 02:11:33.744607","2015-01-29 02:11:33.744607"
369,odpt.StationFacility:Tokyu.Meguro,,,"2015-01-29 02:11:34.359625","2015-01-29 02:11:34.359625"
370,odpt.StationFacility:Tokyu.Fudomae,,,"2015-01-29 02:11:35.626664","2015-01-29 02:11:35.626664"
371,odpt.StationFacility:Tokyu.MusashiKoyama,,,"2015-01-29 02:11:36.242683","2015-01-29 02:11:36.242683"
372,odpt.StationFacility:Tokyu.NishiKoyama,,,"2015-01-29 02:11:36.903703","2015-01-29 02:11:36.903703"
373,odpt.StationFacility:Tokyu.Senzoku,,,"2015-01-29 02:11:37.406718","2015-01-29 02:11:37.406718"
374,odpt.StationFacility:Tokyu.Oookayama,,,"2015-01-29 02:11:37.960735","2015-01-29 02:11:37.960735"
375,odpt.StationFacility:Tokyu.Okusawa,,,"2015-01-29 02:11:38.642756","2015-01-29 02:11:38.642756"
376,odpt.StationFacility:Tokyu.DenEnChofu,,,"2015-01-29 02:11:39.138771","2015-01-29 02:11:39.138771"
377,odpt.StationFacility:Tokyu.Tamagawa,,,"2015-01-29 02:11:39.969797","2015-01-29 02:11:39.969797"
378,odpt.StationFacility:Tokyu.ShinMaruko,,,"2015-01-29 02:11:40.877824","2015-01-29 02:11:40.877824"
379,odpt.StationFacility:Tokyu.MusashiKosugi,,,"2015-01-29 02:11:41.482843","2015-01-29 02:11:41.482843"
380,odpt.StationFacility:Tokyu.Motosumiyoshi,,,"2015-01-29 02:11:42.349869","2015-01-29 02:11:42.349869"
381,odpt.StationFacility:Tokyu.Hiyoshi,,,"2015-01-29 02:11:42.912886","2015-01-29 02:11:42.912886"
382,odpt.StationFacility:SaitamaRailway.AkabaneIwabuchi,,,"2015-01-29 02:11:43.634908","2015-01-29 02:11:43.634908"
383,odpt.StationFacility:SaitamaRailway.KawaguchiMotogou,,,"2015-01-29 02:11:44.960949","2015-01-29 02:11:44.960949"
384,odpt.StationFacility:SaitamaRailway.MinamiHatogaya,,,"2015-01-29 02:11:45.473964","2015-01-29 02:11:45.473964"
385,odpt.StationFacility:SaitamaRailway.Hatogaya,,,"2015-01-29 02:11:46.058982","2015-01-29 02:11:46.058982"
386,odpt.StationFacility:SaitamaRailway.Araijuku,,,"2015-01-29 02:11:46.555997","2015-01-29 02:11:46.555997"
387,odpt.StationFacility:SaitamaRailway.TozukaAngyou,,,"2015-01-29 02:11:47.101014","2015-01-29 02:11:47.101014"
388,odpt.StationFacility:SaitamaRailway.HigashiKawaguchi,,,"2015-01-29 02:11:47.624030","2015-01-29 02:11:47.624030"
389,odpt.StationFacility:SaitamaRailway.UrawaMisono,,,"2015-01-29 02:11:48.255049","2015-01-29 02:11:48.255049"
390,odpt.StationFacility:Seibu.KotekeMukaihara,,,"2015-01-29 02:11:48.685062","2015-01-29 02:11:48.685062"
391,odpt.StationFacility:Seibu.ShinSakuradai,,,"2015-01-29 02:11:49.770095","2015-01-29 02:11:49.770095"
392,odpt.StationFacility:Seibu.Nerima,,,"2015-01-29 02:11:50.298112","2015-01-29 02:11:50.298112"
393,odpt.StationFacility:Seibu.Ikebukuro,,,"2015-01-29 02:11:51.064135","2015-01-29 02:11:51.064135"
394,odpt.StationFacility:Seibu.Shiinamachi,,,"2015-01-29 02:11:53.551211","2015-01-29 02:11:53.551211"
395,odpt.StationFacility:Seibu.HigashiNagasaki,,,"2015-01-29 02:11:54.158229","2015-01-29 02:11:54.158229"
396,odpt.StationFacility:Seibu.Ekoda,,,"2015-01-29 02:11:54.679245","2015-01-29 02:11:54.679245"
397,odpt.StationFacility:Seibu.Sakuradai,,,"2015-01-29 02:11:55.218262","2015-01-29 02:11:55.218262"
398,odpt.StationFacility:Seibu.Nakamurabashi,,,"2015-01-29 02:11:57.056318","2015-01-29 02:11:57.056318"
399,odpt.StationFacility:Seibu.Fujimidai,,,"2015-01-29 02:11:57.474330","2015-01-29 02:11:57.474330"
400,odpt.StationFacility:Seibu.NerimaTakanodai,,,"2015-01-29 02:11:57.911344","2015-01-29 02:11:57.911344"
401,odpt.StationFacility:Seibu.ShakujiiKoen,,,"2015-01-29 02:11:58.288355","2015-01-29 02:11:58.288355"
402,odpt.StationFacility:Seibu.OizumiGakuen,,,"2015-01-29 02:11:59.549394","2015-01-29 02:11:59.549394"
403,odpt.StationFacility:Seibu.Hoya,,,"2015-01-29 02:12:00.687428","2015-01-29 02:12:00.687428"
404,odpt.StationFacility:Seibu.Hibarigaoka,,,"2015-01-29 02:12:01.656458","2015-01-29 02:12:01.656458"
405,odpt.StationFacility:Seibu.HigashiKurume,,,"2015-01-29 02:12:03.064501","2015-01-29 02:12:03.064501"
406,odpt.StationFacility:Seibu.Kiyose,,,"2015-01-29 02:12:04.094532","2015-01-29 02:12:04.094532"
407,odpt.StationFacility:Seibu.Akitsu,,,"2015-01-29 02:12:05.118564","2015-01-29 02:12:05.118564"
408,odpt.StationFacility:Seibu.Tokorozawa,,,"2015-01-29 02:12:06.121594","2015-01-29 02:12:06.121594"
409,odpt.StationFacility:Seibu.NishiTokorozawa,,,"2015-01-29 02:12:07.522637","2015-01-29 02:12:07.522637"
410,odpt.StationFacility:Seibu.Kotesashi,,,"2015-01-29 02:12:08.601670","2015-01-29 02:12:08.601670"
411,odpt.StationFacility:Seibu.Sayamagaoka,,,"2015-01-29 02:12:09.984712","2015-01-29 02:12:09.984712"
412,odpt.StationFacility:Seibu.MusashiFujisawa,,,"2015-01-29 02:12:11.261751","2015-01-29 02:12:11.261751"
413,odpt.StationFacility:Seibu.InariyamaKoen,,,"2015-01-29 02:12:12.331784","2015-01-29 02:12:12.331784"
414,odpt.StationFacility:Seibu.Irumashi,,,"2015-01-29 02:12:13.322814","2015-01-29 02:12:13.322814"
415,odpt.StationFacility:Seibu.Bushi,,,"2015-01-29 02:12:14.642854","2015-01-29 02:12:14.642854"
416,odpt.StationFacility:Seibu.Motokaji,,,"2015-01-29 02:12:15.699886","2015-01-29 02:12:15.699886"
417,odpt.StationFacility:Seibu.Hanno,,,"2015-01-29 02:12:16.777919","2015-01-29 02:12:16.777919"
418,odpt.StationFacility:Seibu.HigashiHanno,,,"2015-01-29 02:12:18.451970","2015-01-29 02:12:18.451970"
419,odpt.StationFacility:Seibu.Koma,,,"2015-01-29 02:12:19.772011","2015-01-29 02:12:19.772011"
420,odpt.StationFacility:Seibu.MusashiYokote,,,"2015-01-29 02:12:21.313058","2015-01-29 02:12:21.313058"
421,odpt.StationFacility:Seibu.HigashiAgano,,,"2015-01-29 02:12:22.557095","2015-01-29 02:12:22.557095"
422,odpt.StationFacility:Seibu.Agano,,,"2015-01-29 02:12:23.745132","2015-01-29 02:12:23.745132"
423,odpt.StationFacility:Seibu.Toshimaen,,,"2015-01-29 02:12:25.891197","2015-01-29 02:12:25.891197"
424,odpt.StationFacility:Seibu.ShimoYamaguchi,,,"2015-01-29 02:12:27.025232","2015-01-29 02:12:27.025232"
425,odpt.StationFacility:Seibu.SeibuKyujoMae,,,"2015-01-29 02:12:27.509247","2015-01-29 02:12:27.509247"
426,odpt.StationFacility:Seibu.NishiAgano,,,"2015-01-29 02:12:28.423274","2015-01-29 02:12:28.423274"
427,odpt.StationFacility:Seibu.Shomaru,,,"2015-01-29 02:12:29.005292","2015-01-29 02:12:29.005292"
428,odpt.StationFacility:Seibu.Ashigakubo,,,"2015-01-29 02:12:29.567309","2015-01-29 02:12:29.567309"
429,odpt.StationFacility:Seibu.Yokoze,,,"2015-01-29 02:12:30.271331","2015-01-29 02:12:30.271331"
430,odpt.StationFacility:Seibu.SeibuChichibu,,,"2015-01-29 02:12:30.875349","2015-01-29 02:12:30.875349"
431,odpt.StationFacility:Tobu.Ikebukuro,,,"2015-01-29 02:12:31.487368","2015-01-29 02:12:31.487368"
432,odpt.StationFacility:Tobu.KitaIkebukuro,,,"2015-01-29 02:12:34.322454","2015-01-29 02:12:34.322454"
433,odpt.StationFacility:Tobu.ShimoItabashi,,,"2015-01-29 02:12:35.101478","2015-01-29 02:12:35.101478"
434,odpt.StationFacility:Tobu.Ooyama,,,"2015-01-29 02:12:35.730497","2015-01-29 02:12:35.730497"
435,odpt.StationFacility:Tobu.NakaItabashi,,,"2015-01-29 02:12:36.193511","2015-01-29 02:12:36.193511"
436,odpt.StationFacility:Tobu.Tokiwadai,,,"2015-01-29 02:12:36.623524","2015-01-29 02:12:36.623524"
437,odpt.StationFacility:Tobu.KamiItabashi,,,"2015-01-29 02:12:37.073538","2015-01-29 02:12:37.073538"
438,odpt.StationFacility:Tobu.TobuNerima,,,"2015-01-29 02:12:37.535552","2015-01-29 02:12:37.535552"
439,odpt.StationFacility:Tobu.ShimoAkatsuka,,,"2015-01-29 02:12:38.083569","2015-01-29 02:12:38.083569"
440,odpt.StationFacility:Tobu.Narimasu,,,"2015-01-29 02:12:38.526583","2015-01-29 02:12:38.526583"
441,odpt.StationFacility:Tobu.Wakoshi,,,"2015-01-29 02:12:39.536613","2015-01-29 02:12:39.536613"
442,odpt.StationFacility:Tobu.Asaka,,,"2015-01-29 02:12:40.936656","2015-01-29 02:12:40.936656"
443,odpt.StationFacility:Tobu.Asakadai,,,"2015-01-29 02:12:41.552675","2015-01-29 02:12:41.552675"
444,odpt.StationFacility:Tobu.Shiki,,,"2015-01-29 02:12:42.498704","2015-01-29 02:12:42.498704"
445,odpt.StationFacility:Tobu.Yanasegawa,,,"2015-01-29 02:12:43.654739","2015-01-29 02:12:43.654739"
446,odpt.StationFacility:Tobu.Mizuhodai,,,"2015-01-29 02:12:44.347760","2015-01-29 02:12:44.347760"
447,odpt.StationFacility:Tobu.Tsuruse,,,"2015-01-29 02:12:45.063782","2015-01-29 02:12:45.063782"
448,odpt.StationFacility:Tobu.Fujimino,,,"2015-01-29 02:12:45.823805","2015-01-29 02:12:45.823805"
449,odpt.StationFacility:Tobu.KamiFukuoka,,,"2015-01-29 02:12:46.989841","2015-01-29 02:12:46.989841"
450,odpt.StationFacility:Tobu.Shingashi,,,"2015-01-29 02:12:47.726863","2015-01-29 02:12:47.726863"
451,odpt.StationFacility:Tobu.Kawagoe,,,"2015-01-29 02:12:48.453885","2015-01-29 02:12:48.453885"
452,odpt.StationFacility:Tobu.Kawagoeshi,,,"2015-01-29 02:12:49.597920","2015-01-29 02:12:49.597920"
453,odpt.StationFacility:Tobu.Kasumigaseki,,,"2015-01-29 02:12:50.863959","2015-01-29 02:12:50.863959"
454,odpt.StationFacility:Tobu.Tsurugashima,,,"2015-01-29 02:12:51.804988","2015-01-29 02:12:51.804988"
455,odpt.StationFacility:Tobu.Wakaba,,,"2015-01-29 02:12:52.845019","2015-01-29 02:12:52.845019"
456,odpt.StationFacility:Tobu.Sakado,,,"2015-01-29 02:12:53.870050","2015-01-29 02:12:53.870050"
457,odpt.StationFacility:Tobu.KitaSakado,,,"2015-01-29 02:12:55.167090","2015-01-29 02:12:55.167090"
458,odpt.StationFacility:Tobu.Takasaka,,,"2015-01-29 02:12:56.077118","2015-01-29 02:12:56.077118"
459,odpt.StationFacility:Tobu.HigashiMatsuyama,,,"2015-01-29 02:12:56.983145","2015-01-29 02:12:56.983145"
460,odpt.StationFacility:Tobu.ShinrinKoen,,,"2015-01-29 02:12:58.337187","2015-01-29 02:12:58.337187"
461,odpt.StationFacility:Tobu.Tsukinowa,,,"2015-01-29 02:12:59.547224","2015-01-29 02:12:59.547224"
462,odpt.StationFacility:Tobu.MusashiRanzan,,,"2015-01-29 02:13:00.758261","2015-01-29 02:13:00.758261"
463,odpt.StationFacility:Tobu.Ogawamachi,,,"2015-01-29 02:13:02.058300","2015-01-29 02:13:02.058300"
464,odpt.StationFacility:Tobu.TobuTakezawa,,,"2015-01-29 02:13:03.333339","2015-01-29 02:13:03.333339"
465,odpt.StationFacility:Tobu.Obusuma,,,"2015-01-29 02:13:03.762352","2015-01-29 02:13:03.762352"
466,odpt.StationFacility:Tobu.Hachigata,,,"2015-01-29 02:13:04.181365","2015-01-29 02:13:04.181365"
467,odpt.StationFacility:Tobu.Tamayodo,,,"2015-01-29 02:13:04.610378","2015-01-29 02:13:04.610378"
468,odpt.StationFacility:Tobu.Yorii,,,"2015-01-29 02:13:05.083392","2015-01-29 02:13:05.083392"
469,odpt.StationFacility:Tokyu.DaikanYama,,,"2015-01-29 02:13:07.120455","2015-01-29 02:13:07.120455"
470,odpt.StationFacility:Tokyu.NakaMeguro,,,"2015-01-29 02:13:07.604469","2015-01-29 02:13:07.604469"
471,odpt.StationFacility:Tokyu.Yutenji,,,"2015-01-29 02:13:08.550498","2015-01-29 02:13:08.550498"
472,odpt.StationFacility:Tokyu.GakugeiDaigaku,,,"2015-01-29 02:13:08.979511","2015-01-29 02:13:08.979511"
473,odpt.StationFacility:Tokyu.ToritsuDaigaku,,,"2015-01-29 02:13:09.530528","2015-01-29 02:13:09.530528"
474,odpt.StationFacility:Tokyu.Jiyuugaoka,,,"2015-01-29 02:13:10.083545","2015-01-29 02:13:10.083545"
475,odpt.StationFacility:Tokyu.Tsunashima,,,"2015-01-29 02:13:14.933693","2015-01-29 02:13:14.933693"
476,odpt.StationFacility:Tokyu.Ookurayama,,,"2015-01-29 02:13:15.474709","2015-01-29 02:13:15.474709"
477,odpt.StationFacility:Tokyu.Kikuna,,,"2015-01-29 02:13:15.963724","2015-01-29 02:13:15.963724"
478,odpt.StationFacility:Tokyu.Myorenji,,,"2015-01-29 02:13:16.783749","2015-01-29 02:13:16.783749"
479,odpt.StationFacility:Tokyu.Hakuraku,,,"2015-01-29 02:13:17.247763","2015-01-29 02:13:17.247763"
480,odpt.StationFacility:Tokyu.HigashiHakuraku,,,"2015-01-29 02:13:17.829781","2015-01-29 02:13:17.829781"
481,odpt.StationFacility:Tokyu.Tanmachi,,,"2015-01-29 02:13:18.313796","2015-01-29 02:13:18.313796"
482,odpt.StationFacility:Tokyu.Yokohama,,,"2015-01-29 02:13:18.787810","2015-01-29 02:13:18.787810"
483,odpt.StationFacility:Minatomirai.Yokohama,,,"2015-01-29 02:13:19.795841","2015-01-29 02:13:19.795841"
484,odpt.StationFacility:Minatomirai.ShinTakashima,,,"2015-01-29 02:13:21.340888","2015-01-29 02:13:21.340888"
485,odpt.StationFacility:Minatomirai.Minatomirai,,,"2015-01-29 02:13:21.813903","2015-01-29 02:13:21.813903"
486,odpt.StationFacility:Minatomirai.Bashamichi,,,"2015-01-29 02:13:22.627928","2015-01-29 02:13:22.627928"
487,odpt.StationFacility:Minatomirai.NihonOdori,,,"2015-01-29 02:13:23.244946","2015-01-29 02:13:23.244946"
488,odpt.StationFacility:Minatomirai.MotomachiChukagai,,,"2015-01-29 02:13:23.968968","2015-01-29 02:13:23.968968"
489,odpt.StationFacility:Toei.NishiMagome,,,"2015-01-29 02:13:24.779993","2015-01-29 02:13:24.779993"
490,odpt.StationFacility:Toei.Magome,,,"2015-01-29 02:13:25.325010","2015-01-29 02:13:25.325010"
491,odpt.StationFacility:Toei.Nakanobu,,,"2015-01-29 02:13:25.754023","2015-01-29 02:13:25.754023"
492,odpt.StationFacility:Toei.Togoshi,,,"2015-01-29 02:13:26.205037","2015-01-29 02:13:26.205037"
493,odpt.StationFacility:Toei.Gotanda,,,"2015-01-29 02:13:26.624049","2015-01-29 02:13:26.624049"
494,odpt.StationFacility:Toei.Takanawadai,,,"2015-01-29 02:13:27.039062","2015-01-29 02:13:27.039062"
495,odpt.StationFacility:Toei.Sengakuji,,,"2015-01-29 02:13:27.460075","2015-01-29 02:13:27.460075"
496,odpt.StationFacility:Toei.Mita,,,"2015-01-29 02:13:28.605110","2015-01-29 02:13:28.605110"
497,odpt.StationFacility:Toei.Shimbashi,,,"2015-01-29 02:13:29.584140","2015-01-29 02:13:29.584140"
498,odpt.StationFacility:Toei.HigashiGinza,,,"2015-01-29 02:13:30.145157","2015-01-29 02:13:30.145157"
499,odpt.StationFacility:Toei.Takaracho,,,"2015-01-29 02:13:30.552169","2015-01-29 02:13:30.552169"
500,odpt.StationFacility:Toei.Nihombashi,,,"2015-01-29 02:13:30.971182","2015-01-29 02:13:30.971182"
501,odpt.StationFacility:Toei.Ningyocho,,,"2015-01-29 02:13:31.521199","2015-01-29 02:13:31.521199"
502,odpt.StationFacility:Toei.HigashiNihombashi,,,"2015-01-29 02:13:31.983213","2015-01-29 02:13:31.983213"
503,odpt.StationFacility:Toei.Asakusabashi,,,"2015-01-29 02:13:32.610232","2015-01-29 02:13:32.610232"
504,odpt.StationFacility:Toei.Kuramae,,,"2015-01-29 02:13:33.084246","2015-01-29 02:13:33.084246"
505,odpt.StationFacility:Toei.Asakusa,,,"2015-01-29 02:13:33.568261","2015-01-29 02:13:33.568261"
506,odpt.StationFacility:Toei.HonjoAzumabashi,,,"2015-01-29 02:13:34.227281","2015-01-29 02:13:34.227281"
507,odpt.StationFacility:Toei.Oshiage,,,"2015-01-29 02:13:34.669295","2015-01-29 02:13:34.669295"
508,odpt.StationFacility:Toei.Meguro,,,"2015-01-29 02:13:35.708327","2015-01-29 02:13:35.708327"
509,odpt.StationFacility:Toei.Shirokanedai,,,"2015-01-29 02:13:36.881362","2015-01-29 02:13:36.881362"
510,odpt.StationFacility:Toei.ShirokaneTakanawa,,,"2015-01-29 02:13:37.762389","2015-01-29 02:13:37.762389"
511,odpt.StationFacility:Toei.Shibakoen,,,"2015-01-29 02:13:39.044428","2015-01-29 02:13:39.044428"
512,odpt.StationFacility:Toei.Onarimon,,,"2015-01-29 02:13:39.467441","2015-01-29 02:13:39.467441"
513,odpt.StationFacility:Toei.Uchisaiwaicho,,,"2015-01-29 02:13:39.935455","2015-01-29 02:13:39.935455"
514,odpt.StationFacility:Toei.Hibiya,,,"2015-01-29 02:13:40.326467","2015-01-29 02:13:40.326467"
515,odpt.StationFacility:Toei.Otemachi,,,"2015-01-29 02:13:40.744480","2015-01-29 02:13:40.744480"
516,odpt.StationFacility:Toei.Jimbocho,,,"2015-01-29 02:13:41.129492","2015-01-29 02:13:41.129492"
517,odpt.StationFacility:Toei.Suidobashi,,,"2015-01-29 02:13:41.537504","2015-01-29 02:13:41.537504"
518,odpt.StationFacility:Toei.Kasuga,,,"2015-01-29 02:13:42.076521","2015-01-29 02:13:42.076521"
519,odpt.StationFacility:Toei.Hakusan,,,"2015-01-29 02:13:42.504534","2015-01-29 02:13:42.504534"
520,odpt.StationFacility:Toei.Sengoku,,,"2015-01-29 02:13:42.956548","2015-01-29 02:13:42.956548"
521,odpt.StationFacility:Toei.Sugamo,,,"2015-01-29 02:13:43.407561","2015-01-29 02:13:43.407561"
522,odpt.StationFacility:Toei.NishiSugamo,,,"2015-01-29 02:13:43.836574","2015-01-29 02:13:43.836574"
523,odpt.StationFacility:Toei.ShinItabashi,,,"2015-01-29 02:13:44.327589","2015-01-29 02:13:44.327589"
524,odpt.StationFacility:Toei.Itabashikuyakushomae,,,"2015-01-29 02:13:44.783603","2015-01-29 02:13:44.783603"
525,odpt.StationFacility:Toei.Itabashihoncho,,,"2015-01-29 02:13:45.201616","2015-01-29 02:13:45.201616"
526,odpt.StationFacility:Toei.Motohasunuma,,,"2015-01-29 02:13:45.652630","2015-01-29 02:13:45.652630"
527,odpt.StationFacility:Toei.ShimuraSakaue,,,"2015-01-29 02:13:46.181646","2015-01-29 02:13:46.181646"
528,odpt.StationFacility:Toei.ShimuraSanchome,,,"2015-01-29 02:13:46.643660","2015-01-29 02:13:46.643660"
529,odpt.StationFacility:Toei.Hasune,,,"2015-01-29 02:13:47.083673","2015-01-29 02:13:47.083673"
530,odpt.StationFacility:Toei.Nishidai,,,"2015-01-29 02:13:47.563688","2015-01-29 02:13:47.563688"
531,odpt.StationFacility:Toei.Takashimadaira,,,"2015-01-29 02:13:48.253709","2015-01-29 02:13:48.253709"
532,odpt.StationFacility:Toei.ShinTakashimadaira,,,"2015-01-29 02:13:48.745724","2015-01-29 02:13:48.745724"
533,odpt.StationFacility:Toei.NishiTakashimadaira,,,"2015-01-29 02:13:49.253740","2015-01-29 02:13:49.253740"
534,odpt.StationFacility:Toei.Shinjuku,,,"2015-01-29 02:13:49.818757","2015-01-29 02:13:49.818757"
535,odpt.StationFacility:Toei.ShinjukuSanchome,,,"2015-01-29 02:13:51.066795","2015-01-29 02:13:51.066795"
536,odpt.StationFacility:Toei.Akebonobashi,,,"2015-01-29 02:13:51.496808","2015-01-29 02:13:51.496808"
537,odpt.StationFacility:Toei.Ichigaya,,,"2015-01-29 02:13:51.975823","2015-01-29 02:13:51.975823"
538,odpt.StationFacility:Toei.Kudanshita,,,"2015-01-29 02:13:52.487838","2015-01-29 02:13:52.487838"
539,odpt.StationFacility:Toei.Ogawamachi,,,"2015-01-29 02:13:53.978884","2015-01-29 02:13:53.978884"
540,odpt.StationFacility:Toei.Iwamotocho,,,"2015-01-29 02:13:54.399897","2015-01-29 02:13:54.399897"
541,odpt.StationFacility:Toei.BakuroYokoyama,,,"2015-01-29 02:13:54.820909","2015-01-29 02:13:54.820909"
542,odpt.StationFacility:Toei.Hamacho,,,"2015-01-29 02:13:55.392927","2015-01-29 02:13:55.392927"
543,odpt.StationFacility:Toei.Morishita,,,"2015-01-29 02:13:55.815940","2015-01-29 02:13:55.815940"
544,odpt.StationFacility:Toei.Kikukawa,,,"2015-01-29 02:13:56.515961","2015-01-29 02:13:56.515961"
545,odpt.StationFacility:Toei.Sumiyoshi,,,"2015-01-29 02:13:56.933974","2015-01-29 02:13:56.933974"
546,odpt.StationFacility:Toei.NishiOjima,,,"2015-01-29 02:13:57.362987","2015-01-29 02:13:57.362987"
547,odpt.StationFacility:Toei.Ojima,,,"2015-01-29 02:13:57.837001","2015-01-29 02:13:57.837001"
548,odpt.StationFacility:Toei.HigashiOjima,,,"2015-01-29 02:13:58.464021","2015-01-29 02:13:58.464021"
549,odpt.StationFacility:Toei.Funabori,,,"2015-01-29 02:13:58.937035","2015-01-29 02:13:58.937035"
550,odpt.StationFacility:Toei.Ichinoe,,,"2015-01-29 02:13:59.575054","2015-01-29 02:13:59.575054"
551,odpt.StationFacility:Toei.Mizue,,,"2015-01-29 02:14:00.077070","2015-01-29 02:14:00.077070"
552,odpt.StationFacility:Toei.Shinozaki,,,"2015-01-29 02:14:00.522083","2015-01-29 02:14:00.522083"
553,odpt.StationFacility:Toei.Motoyawata,,,"2015-01-29 02:14:00.940096","2015-01-29 02:14:00.940096"
554,odpt.StationFacility:Toei.ShinjukuNishiguchi,,,"2015-01-29 02:14:01.551115","2015-01-29 02:14:01.551115"
555,odpt.StationFacility:Toei.HigashiShinjuku,,,"2015-01-29 02:14:02.129132","2015-01-29 02:14:02.129132"
556,odpt.StationFacility:Toei.WakamatsuKawada,,,"2015-01-29 02:14:02.569146","2015-01-29 02:14:02.569146"
557,odpt.StationFacility:Toei.UshigomeYanagicho,,,"2015-01-29 02:14:03.054161","2015-01-29 02:14:03.054161"
558,odpt.StationFacility:Toei.UshigomeKagurazaka,,,"2015-01-29 02:14:03.527175","2015-01-29 02:14:03.527175"
559,odpt.StationFacility:Toei.Iidabashi,,,"2015-01-29 02:14:04.001189","2015-01-29 02:14:04.001189"
560,odpt.StationFacility:Toei.HongoSanchome,,,"2015-01-29 02:14:04.781213","2015-01-29 02:14:04.781213"
561,odpt.StationFacility:Toei.UenoOkachimachi,,,"2015-01-29 02:14:05.243227","2015-01-29 02:14:05.243227"
562,odpt.StationFacility:Toei.ShinOkachimachi,,,"2015-01-29 02:14:05.673240","2015-01-29 02:14:05.673240"
563,odpt.StationFacility:Toei.Ryogoku,,,"2015-01-29 02:14:06.421263","2015-01-29 02:14:06.421263"
564,odpt.StationFacility:Toei.KiyosumiShirakawa,,,"2015-01-29 02:14:07.159286","2015-01-29 02:14:07.159286"
565,odpt.StationFacility:Toei.MonzenNakacho,,,"2015-01-29 02:14:07.588299","2015-01-29 02:14:07.588299"
566,odpt.StationFacility:Toei.Tsukishima,,,"2015-01-29 02:14:08.050313","2015-01-29 02:14:08.050313"
567,odpt.StationFacility:Toei.Kachidoki,,,"2015-01-29 02:14:08.479326","2015-01-29 02:14:08.479326"
568,odpt.StationFacility:Toei.TsukijiShijo,,,"2015-01-29 02:14:08.909339","2015-01-29 02:14:08.909339"
569,odpt.StationFacility:Toei.Shiodome,,,"2015-01-29 02:14:09.371353","2015-01-29 02:14:09.371353"
570,odpt.StationFacility:Toei.Daimon,,,"2015-01-29 02:14:09.801366","2015-01-29 02:14:09.801366"
571,odpt.StationFacility:Toei.Akabanebashi,,,"2015-01-29 02:14:10.295381","2015-01-29 02:14:10.295381"
572,odpt.StationFacility:Toei.AzabuJuban,,,"2015-01-29 02:14:10.713394","2015-01-29 02:14:10.713394"
573,odpt.StationFacility:Toei.Roppongi,,,"2015-01-29 02:14:11.142407","2015-01-29 02:14:11.142407"
574,odpt.StationFacility:Toei.AoyamaItchome,,,"2015-01-29 02:14:11.572420","2015-01-29 02:14:11.572420"
575,odpt.StationFacility:Toei.KokuritsuKyogijo,,,"2015-01-29 02:14:12.155438","2015-01-29 02:14:12.155438"
576,odpt.StationFacility:Toei.Yoyogi,,,"2015-01-29 02:14:12.606452","2015-01-29 02:14:12.606452"
577,odpt.StationFacility:Toei.Tochomae,,,"2015-01-29 02:14:13.879491","2015-01-29 02:14:13.879491"
578,odpt.StationFacility:Toei.NishiShinjukuGochome,,,"2015-01-29 02:14:14.433508","2015-01-29 02:14:14.433508"
579,odpt.StationFacility:Toei.NakanoSakaue,,,"2015-01-29 02:14:14.918522","2015-01-29 02:14:14.918522"
580,odpt.StationFacility:Toei.HigashiNakano,,,"2015-01-29 02:14:15.380536","2015-01-29 02:14:15.380536"
581,odpt.StationFacility:Toei.Nakai,,,"2015-01-29 02:14:15.843551","2015-01-29 02:14:15.843551"
582,odpt.StationFacility:Toei.OchiaiMinamiNagasaki,,,"2015-01-29 02:14:16.337566","2015-01-29 02:14:16.337566"
583,odpt.StationFacility:Toei.ShinEgota,,,"2015-01-29 02:14:16.778579","2015-01-29 02:14:16.778579"
584,odpt.StationFacility:Toei.Nerima,,,"2015-01-29 02:14:17.229593","2015-01-29 02:14:17.229593"
585,odpt.StationFacility:Toei.Toshimaen,,,"2015-01-29 02:14:17.680607","2015-01-29 02:14:17.680607"
586,odpt.StationFacility:Toei.NerimaKasugacho,,,"2015-01-29 02:14:18.297625","2015-01-29 02:14:18.297625"
587,odpt.StationFacility:Toei.Hikarigaoka,,,"2015-01-29 02:14:18.770640","2015-01-29 02:14:18.770640"
588,odpt.StationFacility:Toei.Toden.Waseda,,,"2015-01-29 02:14:19.226654","2015-01-29 02:14:19.226654"
589,odpt.StationFacility:Toei.Toden.Omokagebashi,,,"2015-01-29 02:14:19.905674","2015-01-29 02:14:19.905674"
590,odpt.StationFacility:Toei.Toden.GakushuinShita,,,"2015-01-29 02:14:20.409690","2015-01-29 02:14:20.409690"
591,odpt.StationFacility:Toei.Toden.Kishibojinmae,,,"2015-01-29 02:14:20.828703","2015-01-29 02:14:20.828703"
592,odpt.StationFacility:Toei.Toden.TodenZoshigaya,,,"2015-01-29 02:14:21.257716","2015-01-29 02:14:21.257716"
593,odpt.StationFacility:Toei.Toden.HigashiIkebukuroYonchome,,,"2015-01-29 02:14:21.681729","2015-01-29 02:14:21.681729"
594,odpt.StationFacility:Toei.Toden.Mukohara,,,"2015-01-29 02:14:22.119742","2015-01-29 02:14:22.119742"
595,odpt.StationFacility:Toei.Toden.OtsukaEkimae,,,"2015-01-29 02:14:22.551755","2015-01-29 02:14:22.551755"
596,odpt.StationFacility:Toei.Toden.SugamoShinden,,,"2015-01-29 02:14:22.980768","2015-01-29 02:14:22.980768"
597,odpt.StationFacility:Toei.Toden.Koshinzuka,,,"2015-01-29 02:14:23.420782","2015-01-29 02:14:23.420782"
598,odpt.StationFacility:Toei.Toden.ShinKoshinzuka,,,"2015-01-29 02:14:23.959798","2015-01-29 02:14:23.959798"
599,odpt.StationFacility:Toei.Toden.NishigaharaYonchome,,,"2015-01-29 02:14:24.466814","2015-01-29 02:14:24.466814"
600,odpt.StationFacility:Toei.Toden.TakinogawaItchome,,,"2015-01-29 02:14:24.972829","2015-01-29 02:14:24.972829"
601,odpt.StationFacility:Toei.Toden.Asukayama,,,"2015-01-29 02:14:25.478844","2015-01-29 02:14:25.478844"
602,odpt.StationFacility:Toei.Toden.OjiEkimae,,,"2015-01-29 02:14:25.963859","2015-01-29 02:14:25.963859"
603,odpt.StationFacility:Toei.Toden.Sakaecho,,,"2015-01-29 02:14:26.436874","2015-01-29 02:14:26.436874"
604,odpt.StationFacility:Toei.Toden.Kajiwara,,,"2015-01-29 02:14:26.931889","2015-01-29 02:14:26.931889"
605,odpt.StationFacility:Toei.Toden.ArakawaShakomae,,,"2015-01-29 02:14:27.404903","2015-01-29 02:14:27.404903"
606,odpt.StationFacility:Toei.Toden.ArakawaYuenchimae,,,"2015-01-29 02:14:28.099924","2015-01-29 02:14:28.099924"
607,odpt.StationFacility:Toei.Toden.Odai,,,"2015-01-29 02:14:28.604940","2015-01-29 02:14:28.604940"
608,odpt.StationFacility:Toei.Toden.Miyanomae,,,"2015-01-29 02:14:29.085954","2015-01-29 02:14:29.085954"
609,odpt.StationFacility:Toei.Toden.Kumanomae,,,"2015-01-29 02:14:29.584970","2015-01-29 02:14:29.584970"
610,odpt.StationFacility:Toei.Toden.HigashiOguSanchome,,,"2015-01-29 02:14:30.123986","2015-01-29 02:14:30.123986"
611,odpt.StationFacility:Toei.Toden.MachiyaNichome,,,"2015-01-29 02:14:30.619001","2015-01-29 02:14:30.619001"
612,odpt.StationFacility:Toei.Toden.MachiyaEkimae,,,"2015-01-29 02:14:31.071015","2015-01-29 02:14:31.071015"
613,odpt.StationFacility:Toei.Toden.ArakawaNanachome,,,"2015-01-29 02:14:31.499028","2015-01-29 02:14:31.499028"
614,odpt.StationFacility:Toei.Toden.ArakawaNichome,,,"2015-01-29 02:14:31.950042","2015-01-29 02:14:31.950042"
615,odpt.StationFacility:Toei.Toden.ArakawaKuyakushomae,,,"2015-01-29 02:14:32.391055","2015-01-29 02:14:32.391055"
616,odpt.StationFacility:Toei.Toden.ArakawaItchumae,,,"2015-01-29 02:14:32.809068","2015-01-29 02:14:32.809068"
617,odpt.StationFacility:Toei.Toden.Minowabashi,,,"2015-01-29 02:14:33.315083","2015-01-29 02:14:33.315083"
618,odpt.StationFacility:JR-East.Yurakucho,,,"2015-01-29 02:14:34.134108","2015-01-29 02:14:34.134108"
619,odpt.StationFacility:JR-East.Harajuku,,,"2015-01-29 02:14:35.045136","2015-01-29 02:14:35.045136"
620,odpt.StationFacility:JR-East.Okachimachi,,,"2015-01-29 02:14:35.540151","2015-01-29 02:14:35.540151"
621,odpt.StationFacility:JR-East.Ochanomizu,,,"2015-01-29 02:14:37.106199","2015-01-29 02:14:37.106199"
622,odpt.StationFacility:JR-East.ShinNihombashi,,,"2015-01-29 02:14:39.661277","2015-01-29 02:14:39.661277"